State/UT,Commodity Group,Commodity,Date,Arrival Quantity,Arrival Unit,Modal Price,Price Unit,month,day_of_year,lag_1,lag_7,rolling_mean_7
Punjab,Vegetables,Onion,2024-01-08,897.64,Metric Tonnes,1736.41,Rs./Quintal,1,8,97.1,838.07,526.0871428571429
Punjab,Vegetables,Onion,2024-01-09,655.81,Metric Tonnes,1849.43,Rs./Quintal,1,9,897.64,638.71,534.5971428571428
Punjab,Vegetables,Onion,2024-01-10,538.35,Metric Tonnes,1835.06,Rs./Quintal,1,10,655.81,548.36,537.04
Punjab,Vegetables,Onion,2024-01-11,573.82,Metric Tonnes,1847.58,Rs./Quintal,1,11,538.35,473.8,535.61
Punjab,Vegetables,Onion,2024-01-12,1089.47,Metric Tonnes,1926.58,Rs./Quintal,1,12,573.82,523.49,549.8985714285715
Punjab,Vegetables,Onion,2024-01-13,785.49,Metric Tonnes,1763.43,Rs./Quintal,1,13,1089.47,563.08,630.7528571428572
Punjab,Vegetables,Onion,2024-01-14,58.05,Metric Tonnes,2011.63,Rs./Quintal,1,14,785.49,97.1,662.5257142857143
Punjab,Vegetables,Onion,2024-01-15,1055.33,Metric Tonnes,1834.49,Rs./Quintal,1,15,58.05,897.64,656.947142857143
Punjab,Vegetables,Onion,2024-01-16,919.41,Metric Tonnes,1776.69,Rs./Quintal,1,16,1055.33,655.81,679.4742857142857
Punjab,Vegetables,Onion,2024-01-17,535.26,Metric Tonnes,1875.88,Rs./Quintal,1,17,919.41,538.35,717.1314285714286
Punjab,Vegetables,Onion,2024-01-18,775.74,Metric Tonnes,2029.59,Rs./Quintal,1,18,535.26,573.82,716.6899999999999
Punjab,Vegetables,Onion,2024-01-19,664.51,Metric Tonnes,1794.4,Rs./Quintal,1,19,775.74,1089.47,745.5357142857143
Punjab,Vegetables,Onion,2024-01-20,676.19,Metric Tonnes,1777.67,Rs./Quintal,1,20,664.51,785.49,684.8271428571428
Punjab,Vegetables,Onion,2024-01-21,57.5,Metric Tonnes,2060.87,Rs./Quintal,1,21,676.19,58.05,669.2128571428572
Punjab,Vegetables,Onion,2024-01-22,1112.19,Metric Tonnes,1630.69,Rs./Quintal,1,22,57.5,1055.33,669.1342857142856
Punjab,Vegetables,Onion,2024-01-23,837.8,Metric Tonnes,1658.86,Rs./Quintal,1,23,1112.19,919.41,677.2571428571429
Punjab,Vegetables,Onion,2024-01-24,1002.31,Metric Tonnes,1631.99,Rs./Quintal,1,24,837.8,535.26,665.5985714285715
Punjab,Vegetables,Onion,2024-01-25,796.48,Metric Tonnes,1502.34,Rs./Quintal,1,25,1002.31,775.74,732.3199999999999
Punjab,Vegetables,Onion,2024-01-26,560.85,Metric Tonnes,1559.72,Rs./Quintal,1,26,796.48,664.51,735.2828571428572
Punjab,Vegetables,Onion,2024-01-27,527.73,Metric Tonnes,1539.57,Rs./Quintal,1,27,560.85,676.19,720.4742857142857
Punjab,Vegetables,Onion,2024-01-28,54.82,Metric Tonnes,1819.23,Rs./Quintal,1,28,527.73,57.5,699.2657142857144
Punjab,Vegetables,Onion,2024-01-29,1030.39,Metric Tonnes,1536.22,Rs./Quintal,1,29,54.82,1112.19,698.8828571428572
Punjab,Vegetables,Onion,2024-01-30,1032.41,Metric Tonnes,1475.66,Rs./Quintal,1,30,1030.39,837.8,687.1971428571429
Punjab,Vegetables,Onion,2024-01-31,826.05,Metric Tonnes,1521.85,Rs./Quintal,1,31,1032.41,1002.31,714.9985714285714
Punjab,Vegetables,Onion,2024-02-01,1080.91,Metric Tonnes,1447.01,Rs./Quintal,2,32,826.05,796.48,689.8185714285715
Punjab,Vegetables,Onion,2024-02-02,1041.74,Metric Tonnes,1428.31,Rs./Quintal,2,33,1080.91,560.85,730.4514285714286
Punjab,Vegetables,Onion,2024-02-03,702.72,Metric Tonnes,1425.0,Rs./Quintal,2,34,1041.74,527.73,799.1500000000002
Punjab,Vegetables,Onion,2024-02-04,74.0,Metric Tonnes,1630.81,Rs./Quintal,2,35,702.72,54.82,824.1485714285715
Punjab,Vegetables,Onion,2024-02-05,1412.88,Metric Tonnes,1418.91,Rs./Quintal,2,36,74.0,1030.39,826.8885714285715
Punjab,Vegetables,Onion,2024-02-06,1238.79,Metric Tonnes,1341.35,Rs./Quintal,2,37,1412.88,1032.41,881.53
Punjab,Vegetables,Onion,2024-02-07,911.34,Metric Tonnes,1390.48,Rs./Quintal,2,38,1238.79,826.05,911.0128571428571
Punjab,Vegetables,Onion,2024-02-08,1009.63,Metric Tonnes,1323.94,Rs./Quintal,2,39,911.34,1080.91,923.1971428571429
Punjab,Vegetables,Onion,2024-02-09,1029.14,Metric Tonnes,1305.78,Rs./Quintal,2,40,1009.63,1041.74,913.0142857142857
Punjab,Vegetables,Onion,2024-02-10,912.35,Metric Tonnes,1324.97,Rs./Quintal,2,41,1029.14,702.72,911.2142857142859
Punjab,Vegetables,Onion,2024-02-11,96.05,Metric Tonnes,1662.36,Rs./Quintal,2,42,912.35,74.0,941.1614285714286
Punjab,Vegetables,Onion,2024-02-12,1511.49,Metric Tonnes,1298.87,Rs./Quintal,2,43,96.05,1412.88,944.3114285714286
Punjab,Vegetables,Onion,2024-02-13,1295.86,Metric Tonnes,1337.69,Rs./Quintal,2,44,1511.49,1238.79,958.3985714285716
Punjab,Vegetables,Onion,2024-02-14,602.92,Metric Tonnes,1401.42,Rs./Quintal,2,45,1295.86,911.34,966.5514285714287
Punjab,Vegetables,Onion,2024-02-15,684.85,Metric Tonnes,1404.98,Rs./Quintal,2,46,602.92,1009.63,922.4914285714286
Punjab,Vegetables,Onion,2024-02-16,275.6,Metric Tonnes,1476.88,Rs./Quintal,2,47,684.85,1029.14,876.0942857142857
Punjab,Vegetables,Onion,2024-02-17,977.33,Metric Tonnes,1311.07,Rs./Quintal,2,48,275.6,912.35,768.4457142857143
Punjab,Vegetables,Onion,2024-02-18,78.61,Metric Tonnes,1407.52,Rs./Quintal,2,49,977.33,96.05,777.7285714285715
Punjab,Vegetables,Onion,2024-02-19,1038.98,Metric Tonnes,1392.34,Rs./Quintal,2,50,78.61,1511.49,775.2371428571429
Punjab,Vegetables,Onion,2024-02-20,787.1,Metric Tonnes,1441.43,Rs./Quintal,2,51,1038.98,1295.86,707.7357142857143
Punjab,Vegetables,Onion,2024-02-21,433.25,Metric Tonnes,1437.26,Rs./Quintal,2,52,787.1,602.92,635.0557142857143
Punjab,Vegetables,Onion,2024-02-22,603.14,Metric Tonnes,1448.08,Rs./Quintal,2,53,433.25,684.85,610.8171428571429
Punjab,Vegetables,Onion,2024-02-23,502.14,Metric Tonnes,1480.82,Rs./Quintal,2,54,603.14,275.6,599.1442857142857
Punjab,Vegetables,Onion,2024-02-24,595.22,Metric Tonnes,1398.44,Rs./Quintal,2,55,502.14,977.33,631.5071428571429
Punjab,Vegetables,Onion,2024-02-25,42.33,Metric Tonnes,1804.91,Rs./Quintal,2,56,595.22,78.61,576.92
Punjab,Vegetables,Onion,2024-02-26,994.5,Metric Tonnes,1425.3,Rs./Quintal,2,57,42.33,1038.98,571.7371428571429
Punjab,Vegetables,Onion,2024-02-27,912.76,Metric Tonnes,1442.79,Rs./Quintal,2,58,994.5,787.1,565.3828571428572
Punjab,Vegetables,Onion,2024-02-28,835.97,Metric Tonnes,1540.37,Rs./Quintal,2,59,912.76,433.25,583.3342857142858
Punjab,Vegetables,Onion,2024-02-29,821.72,Metric Tonnes,1515.79,Rs./Quintal,2,60,835.97,603.14,640.8657142857143
Punjab,Vegetables,Onion,2024-03-01,722.08,Metric Tonnes,1518.33,Rs./Quintal,3,61,821.72,502.14,672.0914285714287
Punjab,Vegetables,Onion,2024-03-02,503.72,Metric Tonnes,1509.25,Rs./Quintal,3,62,722.08,595.22,703.5114285714286
Punjab,Vegetables,Onion,2024-03-03,64.25,Metric Tonnes,1638.13,Rs./Quintal,3,63,503.72,42.33,690.4400000000002
Punjab,Vegetables,Onion,2024-03-04,1089.81,Metric Tonnes,1497.36,Rs./Quintal,3,64,64.25,994.5,693.5714285714287
Punjab,Vegetables,Onion,2024-03-05,1406.83,Metric Tonnes,1665.26,Rs./Quintal,3,65,1089.81,912.76,707.1871428571428
Punjab,Vegetables,Onion,2024-03-06,843.5,Metric Tonnes,1511.83,Rs./Quintal,3,66,1406.83,835.97,777.7685714285714
Punjab,Vegetables,Onion,2024-03-07,472.49,Metric Tonnes,1741.36,Rs./Quintal,3,67,843.5,821.72,778.8442857142857
Punjab,Vegetables,Onion,2024-03-08,697.34,Metric Tonnes,1469.13,Rs./Quintal,3,68,472.49,722.08,728.9542857142858
Punjab,Vegetables,Onion,2024-03-09,909.95,Metric Tonnes,1605.36,Rs./Quintal,3,69,697.34,503.72,725.4200000000001
Punjab,Vegetables,Onion,2024-03-10,44.9,Metric Tonnes,1666.15,Rs./Quintal,3,70,909.95,64.25,783.4528571428572
Punjab,Vegetables,Onion,2024-03-11,1197.76,Metric Tonnes,1581.89,Rs./Quintal,3,71,44.9,1089.81,780.6885714285714
Punjab,Vegetables,Onion,2024-03-12,1210.0,Metric Tonnes,1656.24,Rs./Quintal,3,72,1197.76,1406.83,796.11
Punjab,Vegetables,Onion,2024-03-13,636.86,Metric Tonnes,1605.6,Rs./Quintal,3,73,1210.0,843.5,767.9914285714286
Punjab,Vegetables,Onion,2024-03-14,909.58,Metric Tonnes,1696.06,Rs./Quintal,3,74,636.86,472.49,738.4714285714286
Punjab,Vegetables,Onion,2024-03-15,431.9,Metric Tonnes,1623.75,Rs./Quintal,3,75,909.58,697.34,800.9128571428571
Punjab,Vegetables,Onion,2024-03-16,678.85,Metric Tonnes,1631.28,Rs./Quintal,3,76,431.9,909.95,762.9928571428571
Punjab,Vegetables,Onion,2024-03-17,42.9,Metric Tonnes,1874.48,Rs./Quintal,3,77,678.85,44.9,729.9785714285715
Punjab,Vegetables,Onion,2024-03-18,1585.16,Metric Tonnes,1630.55,Rs./Quintal,3,78,42.9,1197.76,729.6928571428572
Punjab,Vegetables,Onion,2024-03-19,1323.98,Metric Tonnes,1572.76,Rs./Quintal,3,79,1585.16,1210.0,785.0357142857143
Punjab,Vegetables,Onion,2024-03-20,1367.58,Metric Tonnes,1536.93,Rs./Quintal,3,80,1323.98,636.86,801.3185714285715
Punjab,Vegetables,Onion,2024-03-21,790.44,Metric Tonnes,1559.1,Rs./Quintal,3,81,1367.58,909.58,905.7071428571429
Punjab,Vegetables,Onion,2024-03-22,622.39,Metric Tonnes,1631.06,Rs./Quintal,3,82,790.44,431.9,888.6871428571429
Punjab,Vegetables,Onion,2024-03-23,534.13,Metric Tonnes,1539.3,Rs./Quintal,3,83,622.39,678.85,915.9
Punjab,Vegetables,Onion,2024-03-24,39.7,Metric Tonnes,1801.89,Rs./Quintal,3,84,534.13,42.9,895.2257142857144
Punjab,Vegetables,Onion,2024-03-25,1190.27,Metric Tonnes,1545.17,Rs./Quintal,3,85,39.7,1585.16,894.7685714285715
Punjab,Vegetables,Onion,2024-03-26,1334.68,Metric Tonnes,1638.4,Rs./Quintal,3,86,1190.27,1323.98,838.3557142857143
Punjab,Vegetables,Onion,2024-03-27,1100.22,Metric Tonnes,1634.53,Rs./Quintal,3,87,1334.68,1367.58,839.8842857142856
Punjab,Vegetables,Onion,2024-03-28,1239.98,Metric Tonnes,1629.56,Rs./Quintal,3,88,1100.22,790.44,801.6899999999999
Punjab,Vegetables,Onion,2024-03-29,613.41,Metric Tonnes,1706.22,Rs./Quintal,3,89,1239.98,622.39,865.9100000000001
Punjab,Vegetables,Onion,2024-03-30,369.53,Metric Tonnes,1662.13,Rs./Quintal,3,90,613.41,534.13,864.6271428571429
Punjab,Vegetables,Onion,2024-03-31,191.42,Metric Tonnes,1703.35,Rs./Quintal,3,91,369.53,39.7,841.1128571428571
Punjab,Vegetables,Onion,2024-04-01,1012.66,Metric Tonnes,1486.56,Rs./Quintal,4,92,191.42,1190.27,862.7871428571428
Punjab,Vegetables,Onion,2024-04-02,786.43,Metric Tonnes,1500.18,Rs./Quintal,4,93,1012.66,1334.68,837.4142857142857
Punjab,Vegetables,Onion,2024-04-03,519.22,Metric Tonnes,1616.96,Rs./Quintal,4,94,786.43,1100.22,759.092857142857
Punjab,Vegetables,Onion,2024-04-04,1287.94,Metric Tonnes,1590.17,Rs./Quintal,4,95,519.22,1239.98,676.092857142857
Punjab,Vegetables,Onion,2024-04-05,1084.98,Metric Tonnes,1570.59,Rs./Quintal,4,96,1287.94,613.41,682.9442857142857
Punjab,Vegetables,Onion,2024-04-06,637.95,Metric Tonnes,1454.24,Rs./Quintal,4,97,1084.98,369.53,750.3114285714286
Punjab,Vegetables,Onion,2024-04-07,59.81,Metric Tonnes,1831.75,Rs./Quintal,4,98,637.95,191.42,788.657142857143
Punjab,Vegetables,Onion,2024-04-08,1241.79,Metric Tonnes,1525.24,Rs./Quintal,4,99,59.81,1012.66,769.8557142857144
Punjab,Vegetables,Onion,2024-04-09,1695.23,Metric Tonnes,1541.68,Rs./Quintal,4,100,1241.79,786.43,802.5885714285715
Punjab,Vegetables,Onion,2024-04-10,1140.87,Metric Tonnes,1492.97,Rs./Quintal,4,101,1695.23,519.22,932.4171428571428
Punjab,Vegetables,Onion,2024-04-11,584.29,Metric Tonnes,1598.15,Rs./Quintal,4,102,1140.87,1287.94,1021.2242857142857
Punjab,Vegetables,Onion,2024-04-12,798.84,Metric Tonnes,1550.2,Rs./Quintal,4,103,584.29,1084.98,920.7028571428572
Punjab,Vegetables,Onion,2024-04-13,622.24,Metric Tonnes,1520.43,Rs./Quintal,4,104,798.84,637.95,879.8257142857143
Punjab,Vegetables,Onion,2024-04-14,85.8,Metric Tonnes,1871.18,Rs./Quintal,4,105,622.24,59.81,877.5814285714285
Punjab,Vegetables,Onion,2024-04-15,1037.21,Metric Tonnes,1495.25,Rs./Quintal,4,106,85.8,1241.79,881.2942857142856
Punjab,Vegetables,Onion,2024-04-16,1107.3,Metric Tonnes,1469.1,Rs./Quintal,4,107,1037.21,1695.23,852.0685714285715
Punjab,Vegetables,Onion,2024-04-17,794.5,Metric Tonnes,1452.75,Rs./Quintal,4,108,1107.3,1140.87,768.0785714285714
Punjab,Vegetables,Onion,2024-04-18,1071.94,Metric Tonnes,1479.93,Rs./Quintal,4,109,794.5,584.29,718.5971428571429
Punjab,Vegetables,Onion,2024-04-19,467.62,Metric Tonnes,1485.16,Rs./Quintal,4,110,1071.94,798.84,788.2614285714286
Punjab,Vegetables,Onion,2024-04-20,518.95,Metric Tonnes,1594.72,Rs./Quintal,4,111,467.62,622.24,740.9442857142857
Punjab,Vegetables,Onion,2024-04-21,131.51,Metric Tonnes,1770.57,Rs./Quintal,4,112,518.95,85.8,726.1885714285715
Punjab,Vegetables,Onion,2024-04-22,1482.72,Metric Tonnes,1512.61,Rs./Quintal,4,113,131.51,1037.21,732.7185714285714
Punjab,Vegetables,Onion,2024-04-23,1184.25,Metric Tonnes,1575.01,Rs./Quintal,4,114,1482.72,1107.3,796.3628571428571
Punjab,Vegetables,Onion,2024-04-24,1072.99,Metric Tonnes,1611.22,Rs./Quintal,4,115,1184.25,794.5,807.3557142857143
Punjab,Vegetables,Onion,2024-04-25,1190.17,Metric Tonnes,1574.59,Rs./Quintal,4,116,1072.99,1071.94,847.14
Punjab,Vegetables,Onion,2024-04-26,1102.97,Metric Tonnes,1518.49,Rs./Quintal,4,117,1190.17,467.62,864.03
Punjab,Vegetables,Onion,2024-04-27,1256.94,Metric Tonnes,1503.71,Rs./Quintal,4,118,1102.97,518.95,954.7942857142858
Punjab,Vegetables,Onion,2024-04-28,76.0,Metric Tonnes,1665.89,Rs./Quintal,4,119,1256.94,131.51,1060.2214285714285
Punjab,Vegetables,Onion,2024-04-29,1652.2,Metric Tonnes,1478.47,Rs./Quintal,4,120,76.0,1482.72,1052.2914285714287
Punjab,Vegetables,Onion,2024-04-30,1384.35,Metric Tonnes,1505.67,Rs./Quintal,4,121,1652.2,1184.25,1076.5028571428572
Punjab,Vegetables,Onion,2024-05-01,1296.28,Metric Tonnes,1382.15,Rs./Quintal,5,122,1384.35,1072.99,1105.0885714285714
Punjab,Vegetables,Onion,2024-05-02,1160.34,Metric Tonnes,1400.54,Rs./Quintal,5,123,1296.28,1190.17,1136.9871428571428
Punjab,Vegetables,Onion,2024-05-03,686.97,Metric Tonnes,1443.61,Rs./Quintal,5,124,1160.34,1102.97,1132.7257142857143
Punjab,Vegetables,Onion,2024-05-04,655.46,Metric Tonnes,1445.05,Rs./Quintal,5,125,686.97,1256.94,1073.297142857143
Punjab,Vegetables,Onion,2024-05-05,107.49,Metric Tonnes,1875.87,Rs./Quintal,5,126,655.46,76.0,987.3714285714285
Punjab,Vegetables,Onion,2024-05-06,978.48,Metric Tonnes,1486.85,Rs./Quintal,5,127,107.49,1652.2,991.87
Punjab,Vegetables,Onion,2024-05-07,818.42,Metric Tonnes,1525.36,Rs./Quintal,5,128,978.48,1384.35,895.6242857142857
Punjab,Vegetables,Onion,2024-05-08,754.55,Metric Tonnes,1469.54,Rs./Quintal,5,129,818.42,1296.28,814.777142857143
Punjab,Vegetables,Onion,2024-05-09,539.44,Metric Tonnes,1493.14,Rs./Quintal,5,130,754.55,1160.34,737.3871428571427
Punjab,Vegetables,Onion,2024-05-10,791.29,Metric Tonnes,1470.88,Rs./Quintal,5,131,539.44,686.97,648.6871428571429
Punjab,Vegetables,Onion,2024-05-11,741.36,Metric Tonnes,1449.42,Rs./Quintal,5,132,791.29,655.46,663.59
Punjab,Vegetables,Onion,2024-05-12,69.6,Metric Tonnes,1498.71,Rs./Quintal,5,133,741.36,107.49,675.8614285714285
Punjab,Vegetables,Onion,2024-05-13,1011.15,Metric Tonnes,1479.97,Rs./Quintal,5,134,69.6,978.48,670.4485714285714
Punjab,Vegetables,Onion,2024-05-14,594.04,Metric Tonnes,1518.56,Rs./Quintal,5,135,1011.15,818.42,675.1157142857143
Punjab,Vegetables,Onion,2024-05-15,1145.13,Metric Tonnes,1490.93,Rs./Quintal,5,136,594.04,754.55,643.0614285714286
Punjab,Vegetables,Onion,2024-05-16,1180.42,Metric Tonnes,1483.17,Rs./Quintal,5,137,1145.13,539.44,698.8585714285715
Punjab,Vegetables,Onion,2024-05-17,1250.84,Metric Tonnes,1488.37,Rs./Quintal,5,138,1180.42,791.29,790.4271428571429
Punjab,Vegetables,Onion,2024-05-18,1170.02,Metric Tonnes,1392.31,Rs./Quintal,5,139,1250.84,741.36,856.077142857143
Punjab,Vegetables,Onion,2024-05-19,84.4,Metric Tonnes,1547.03,Rs./Quintal,5,140,1170.02,69.6,917.3142857142857
Punjab,Vegetables,Onion,2024-05-20,1209.26,Metric Tonnes,1421.04,Rs./Quintal,5,141,84.4,1011.15,919.4285714285714
Punjab,Vegetables,Onion,2024-05-21,807.09,Metric Tonnes,1434.7,Rs./Quintal,5,142,1209.26,594.04,947.7299999999999
Punjab,Vegetables,Onion,2024-05-22,1424.53,Metric Tonnes,1498.42,Rs./Quintal,5,143,807.09,1145.13,978.1657142857142
Punjab,Vegetables,Onion,2024-05-23,689.53,Metric Tonnes,1434.34,Rs./Quintal,5,144,1424.53,1180.42,1018.0799999999999
Punjab,Vegetables,Onion,2024-05-24,1458.63,Metric Tonnes,1418.0,Rs./Quintal,5,145,689.53,1250.84,947.9528571428572
Punjab,Vegetables,Onion,2024-05-25,635.16,Metric Tonnes,1394.34,Rs./Quintal,5,146,1458.63,1170.02,977.6371428571429
Punjab,Vegetables,Onion,2024-05-26,47.46,Metric Tonnes,1564.25,Rs./Quintal,5,147,635.16,84.4,901.2285714285715
Punjab,Vegetables,Onion,2024-05-27,803.46,Metric Tonnes,1482.63,Rs./Quintal,5,148,47.46,1209.26,895.9514285714287
Punjab,Vegetables,Onion,2024-05-28,1223.92,Metric Tonnes,1464.8,Rs./Quintal,5,149,803.46,807.09,837.9800000000001
Punjab,Vegetables,Onion,2024-05-29,1294.4,Metric Tonnes,1516.18,Rs./Quintal,5,150,1223.92,1424.53,897.527142857143
Punjab,Vegetables,Onion,2024-05-30,1213.58,Metric Tonnes,1503.64,Rs./Quintal,5,151,1294.4,689.53,878.9371428571428
Punjab,Vegetables,Onion,2024-05-31,1317.88,Metric Tonnes,1499.44,Rs./Quintal,5,152,1213.58,1458.63,953.8014285714287
Punjab,Vegetables,Onion,2024-06-01,1069.0,Metric Tonnes,1480.81,Rs./Quintal,6,153,1317.88,635.16,933.6942857142858
Punjab,Vegetables,Onion,2024-06-02,37.4,Metric Tonnes,1796.12,Rs./Quintal,6,154,1069.0,47.46,995.6714285714287
Punjab,Vegetables,Onion,2024-06-03,995.43,Metric Tonnes,1427.07,Rs./Quintal,6,155,37.4,803.46,994.2342857142858
Punjab,Vegetables,Onion,2024-06-04,586.31,Metric Tonnes,1464.34,Rs./Quintal,6,156,995.43,1223.92,1021.6585714285715
Punjab,Vegetables,Onion,2024-06-05,476.21,Metric Tonnes,1498.43,Rs./Quintal,6,157,586.31,1294.4,930.5714285714286
Punjab,Vegetables,Onion,2024-06-06,617.26,Metric Tonnes,1606.37,Rs./Quintal,6,158,476.21,1213.58,813.6871428571429
Punjab,Vegetables,Onion,2024-06-07,783.17,Metric Tonnes,1654.45,Rs./Quintal,6,159,617.26,1317.88,728.4985714285714
Punjab,Vegetables,Onion,2024-06-08,693.78,Metric Tonnes,1610.63,Rs./Quintal,6,160,783.17,1069.0,652.1114285714285
Punjab,Vegetables,Onion,2024-06-09,35.35,Metric Tonnes,1949.65,Rs./Quintal,6,161,693.78,37.4,598.5085714285714
Punjab,Vegetables,Onion,2024-06-10,1161.4,Metric Tonnes,1831.46,Rs./Quintal,6,162,35.35,995.43,598.2157142857143
Punjab,Vegetables,Onion,2024-06-11,1358.4,Metric Tonnes,2000.07,Rs./Quintal,6,163,1161.4,586.31,621.9257142857142
Punjab,Vegetables,Onion,2024-06-12,1206.98,Metric Tonnes,2135.25,Rs./Quintal,6,164,1358.4,476.21,732.2242857142857
Punjab,Vegetables,Onion,2024-06-13,1212.06,Metric Tonnes,2153.3,Rs./Quintal,6,165,1206.98,617.26,836.62
Punjab,Vegetables,Onion,2024-06-14,831.21,Metric Tonnes,1905.68,Rs./Quintal,6,166,1212.06,783.17,921.5914285714285
Punjab,Vegetables,Onion,2024-06-15,628.12,Metric Tonnes,1969.6,Rs./Quintal,6,167,831.21,693.78,928.4542857142858
Punjab,Vegetables,Onion,2024-06-16,40.95,Metric Tonnes,2634.09,Rs./Quintal,6,168,628.12,35.35,919.0742857142858
Punjab,Vegetables,Onion,2024-06-17,722.02,Metric Tonnes,1909.43,Rs./Quintal,6,169,40.95,1161.4,919.8742857142859
Punjab,Vegetables,Onion,2024-06-18,672.63,Metric Tonnes,1988.09,Rs./Quintal,6,170,722.02,1358.4,857.1057142857143
Punjab,Vegetables,Onion,2024-06-19,559.68,Metric Tonnes,2068.92,Rs./Quintal,6,171,672.63,1206.98,759.1385714285715
Punjab,Vegetables,Onion,2024-06-20,819.32,Metric Tonnes,2274.57,Rs./Quintal,6,172,559.68,1212.06,666.6671428571428
Punjab,Vegetables,Onion,2024-06-21,850.05,Metric Tonnes,2169.87,Rs./Quintal,6,173,819.32,831.21,610.5614285714286
Punjab,Vegetables,Onion,2024-06-22,903.09,Metric Tonnes,2469.54,Rs./Quintal,6,174,850.05,628.12,613.2528571428572
Punjab,Vegetables,Onion,2024-06-23,163.32,Metric Tonnes,2772.09,Rs./Quintal,6,175,903.09,40.95,652.5342857142857
Punjab,Vegetables,Onion,2024-06-24,1113.68,Metric Tonnes,2383.4,Rs./Quintal,6,176,163.32,722.02,670.0157142857144
Punjab,Vegetables,Onion,2024-06-25,1078.51,Metric Tonnes,2316.17,Rs./Quintal,6,177,1113.68,672.63,725.9671428571429
Punjab,Vegetables,Onion,2024-06-26,978.54,Metric Tonnes,2437.37,Rs./Quintal,6,178,1078.51,559.68,783.9499999999999
Punjab,Vegetables,Onion,2024-06-27,503.54,Metric Tonnes,2377.5,Rs./Quintal,6,179,978.54,819.32,843.7871428571428
Punjab,Vegetables,Onion,2024-06-28,1094.11,Metric Tonnes,2609.4,Rs./Quintal,6,180,503.54,850.05,798.6757142857142
Punjab,Vegetables,Onion,2024-06-29,884.14,Metric Tonnes,2567.13,Rs./Quintal,6,181,1094.11,903.09,833.5414285714287
Punjab,Vegetables,Onion,2024-06-30,149.09,Metric Tonnes,2335.39,Rs./Quintal,6,182,884.14,163.32,830.8342857142858
Punjab,Vegetables,Onion,2024-07-01,1396.07,Metric Tonnes,2346.43,Rs./Quintal,7,183,149.09,1113.68,828.8014285714286
Punjab,Vegetables,Onion,2024-07-02,870.9,Metric Tonnes,2431.18,Rs./Quintal,7,184,1396.07,1078.51,869.1428571428571
Punjab,Vegetables,Onion,2024-07-03,425.23,Metric Tonnes,2275.38,Rs./Quintal,7,185,870.9,978.54,839.4842857142858
Punjab,Vegetables,Onion,2024-07-04,497.42,Metric Tonnes,2411.12,Rs./Quintal,7,186,425.23,503.54,760.4399999999999
Punjab,Vegetables,Onion,2024-07-05,606.7,Metric Tonnes,2208.28,Rs./Quintal,7,187,497.42,1094.11,759.5657142857143
Punjab,Vegetables,Onion,2024-07-06,828.27,Metric Tonnes,2383.52,Rs./Quintal,7,188,606.7,884.14,689.9357142857143
Punjab,Vegetables,Onion,2024-07-07,80.0,Metric Tonnes,2853.08,Rs./Quintal,7,189,828.27,149.09,681.9542857142858
Punjab,Vegetables,Onion,2024-07-08,1094.6,Metric Tonnes,2402.24,Rs./Quintal,7,190,80.0,1396.07,672.0842857142858
Punjab,Vegetables,Onion,2024-07-09,1107.29,Metric Tonnes,2654.93,Rs./Quintal,7,191,1094.6,870.9,629.0171428571429
Punjab,Vegetables,Onion,2024-07-10,767.11,Metric Tonnes,2762.45,Rs./Quintal,7,192,1107.29,425.23,662.7871428571428
Punjab,Vegetables,Onion,2024-07-11,644.41,Metric Tonnes,2541.16,Rs./Quintal,7,193,767.11,497.42,711.6271428571428
Punjab,Vegetables,Onion,2024-07-12,518.3,Metric Tonnes,2374.22,Rs./Quintal,7,194,644.41,606.7,732.6257142857141
Punjab,Vegetables,Onion,2024-07-13,544.61,Metric Tonnes,2372.74,Rs./Quintal,7,195,518.3,828.27,719.9971428571428
Punjab,Vegetables,Onion,2024-07-14,32.02,Metric Tonnes,3279.01,Rs./Quintal,7,196,544.61,80.0,679.4742857142857
Punjab,Vegetables,Onion,2024-07-15,846.99,Metric Tonnes,2294.11,Rs./Quintal,7,197,32.02,1094.6,672.62
Punjab,Vegetables,Onion,2024-07-16,1009.63,Metric Tonnes,2546.31,Rs./Quintal,7,198,846.99,1107.29,637.2471428571428
Punjab,Vegetables,Onion,2024-07-17,694.04,Metric Tonnes,2534.59,Rs./Quintal,7,199,1009.63,767.11,623.2957142857142
Punjab,Vegetables,Onion,2024-07-18,798.15,Metric Tonnes,2520.38,Rs./Quintal,7,200,694.04,644.41,612.8571428571429
Punjab,Vegetables,Onion,2024-07-19,807.87,Metric Tonnes,2335.59,Rs./Quintal,7,201,798.15,518.3,634.8199999999999
Punjab,Vegetables,Onion,2024-07-20,645.79,Metric Tonnes,2449.63,Rs./Quintal,7,202,807.87,544.61,676.1871428571428
Punjab,Vegetables,Onion,2024-07-21,29.99,Metric Tonnes,3330.94,Rs./Quintal,7,203,645.79,32.02,690.6414285714285
Punjab,Vegetables,Onion,2024-07-22,798.76,Metric Tonnes,2110.3,Rs./Quintal,7,204,29.99,846.99,690.3514285714285
Punjab,Vegetables,Onion,2024-07-23,520.34,Metric Tonnes,2227.25,Rs./Quintal,7,205,798.76,1009.63,683.4614285714285
Punjab,Vegetables,Onion,2024-07-24,506.48,Metric Tonnes,2356.78,Rs./Quintal,7,206,520.34,694.04,613.5628571428571
Punjab,Vegetables,Onion,2024-07-25,723.96,Metric Tonnes,2481.14,Rs./Quintal,7,207,506.48,798.15,586.7685714285715
Punjab,Vegetables,Onion,2024-07-26,832.99,Metric Tonnes,2373.1,Rs./Quintal,7,208,723.96,807.87,576.17
Punjab,Vegetables,Onion,2024-07-27,900.44,Metric Tonnes,2328.97,Rs./Quintal,7,209,832.99,645.79,579.7585714285714
Punjab,Vegetables,Onion,2024-07-28,34.81,Metric Tonnes,2905.17,Rs./Quintal,7,210,900.44,29.99,616.1371428571429
Punjab,Vegetables,Onion,2024-07-29,1059.92,Metric Tonnes,2320.73,Rs./Quintal,7,211,34.81,798.76,616.8257142857144
Punjab,Vegetables,Onion,2024-07-30,853.55,Metric Tonnes,2437.42,Rs./Quintal,7,212,1059.92,520.34,654.1342857142857
Punjab,Vegetables,Onion,2024-07-31,663.18,Metric Tonnes,2488.19,Rs./Quintal,7,213,853.55,506.48,701.7357142857143
Punjab,Vegetables,Onion,2024-08-01,627.81,Metric Tonnes,2473.32,Rs./Quintal,8,214,663.18,723.96,724.1214285714286
Punjab,Vegetables,Onion,2024-08-02,423.5,Metric Tonnes,2322.98,Rs./Quintal,8,215,627.81,832.99,710.3857142857144
Punjab,Vegetables,Onion,2024-08-03,621.63,Metric Tonnes,2372.5,Rs./Quintal,8,216,423.5,900.44,651.8871428571429
Punjab,Vegetables,Onion,2024-08-04,89.06,Metric Tonnes,2939.02,Rs./Quintal,8,217,621.63,34.81,612.0571428571428
Punjab,Vegetables,Onion,2024-08-05,830.52,Metric Tonnes,2320.22,Rs./Quintal,8,218,89.06,1059.92,619.8071428571428
Punjab,Vegetables,Onion,2024-08-06,683.75,Metric Tonnes,2712.87,Rs./Quintal,8,219,830.52,853.55,587.0357142857143
Punjab,Vegetables,Onion,2024-08-07,803.66,Metric Tonnes,2639.16,Rs./Quintal,8,220,683.75,663.18,562.7785714285714
Punjab,Vegetables,Onion,2024-08-08,533.17,Metric Tonnes,2703.75,Rs./Quintal,8,221,803.66,627.81,582.8471428571428
Punjab,Vegetables,Onion,2024-08-09,648.38,Metric Tonnes,2734.69,Rs./Quintal,8,222,533.17,423.5,569.3271428571428
Punjab,Vegetables,Onion,2024-08-10,447.47,Metric Tonnes,2477.95,Rs./Quintal,8,223,648.38,621.63,601.4528571428572
Punjab,Vegetables,Onion,2024-08-11,40.4,Metric Tonnes,3038.84,Rs./Quintal,8,224,447.47,89.06,576.5728571428571
Punjab,Vegetables,Onion,2024-08-12,1025.59,Metric Tonnes,2593.43,Rs./Quintal,8,225,40.4,830.52,569.6214285714285
Punjab,Vegetables,Onion,2024-08-13,525.2,Metric Tonnes,2764.12,Rs./Quintal,8,226,1025.59,683.75,597.4885714285714
Punjab,Vegetables,Onion,2024-08-14,613.43,Metric Tonnes,3209.24,Rs./Quintal,8,227,525.2,803.66,574.8385714285714
Punjab,Vegetables,Onion,2024-08-15,587.2,Metric Tonnes,2881.35,Rs./Quintal,8,228,613.43,533.17,547.6628571428571
Punjab,Vegetables,Onion,2024-08-16,725.69,Metric Tonnes,2719.88,Rs./Quintal,8,229,587.2,648.38,555.3814285714286
Punjab,Vegetables,Onion,2024-08-17,503.01,Metric Tonnes,2749.29,Rs./Quintal,8,230,725.69,447.47,566.4257142857143
Punjab,Vegetables,Onion,2024-08-18,38.58,Metric Tonnes,3380.73,Rs./Quintal,8,231,503.01,40.4,574.36
Punjab,Vegetables,Onion,2024-08-19,690.55,Metric Tonnes,2721.67,Rs./Quintal,8,232,38.58,1025.59,574.1
Punjab,Vegetables,Onion,2024-08-20,744.59,Metric Tonnes,2971.53,Rs./Quintal,8,233,690.55,525.2,526.2371428571429
Punjab,Vegetables,Onion,2024-08-21,556.01,Metric Tonnes,3004.78,Rs./Quintal,8,234,744.59,613.43,557.5785714285714
Punjab,Vegetables,Onion,2024-08-22,693.66,Metric Tonnes,3198.04,Rs./Quintal,8,235,556.01,587.2,549.3757142857143
Punjab,Vegetables,Onion,2024-08-23,681.77,Metric Tonnes,3004.13,Rs./Quintal,8,236,693.66,725.69,564.5842857142858
Punjab,Vegetables,Onion,2024-08-24,287.47,Metric Tonnes,3126.23,Rs./Quintal,8,237,681.77,503.01,558.3100000000001
Punjab,Vegetables,Onion,2024-08-25,40.2,Metric Tonnes,3549.97,Rs./Quintal,8,238,287.47,38.58,527.5185714285715
Punjab,Vegetables,Onion,2024-08-26,831.82,Metric Tonnes,3238.96,Rs./Quintal,8,239,40.2,690.55,527.75
Punjab,Vegetables,Onion,2024-08-27,769.88,Metric Tonnes,3471.95,Rs./Quintal,8,240,831.82,744.59,547.9314285714286
Punjab,Vegetables,Onion,2024-08-28,662.9,Metric Tonnes,3366.7,Rs./Quintal,8,241,769.88,556.01,551.5442857142857
Punjab,Vegetables,Onion,2024-08-29,666.3,Metric Tonnes,3416.77,Rs./Quintal,8,242,662.9,693.66,566.8142857142858
Punjab,Vegetables,Onion,2024-08-30,792.89,Metric Tonnes,3472.46,Rs./Quintal,8,243,666.3,681.77,562.9057142857142
Punjab,Vegetables,Onion,2024-08-31,733.77,Metric Tonnes,3497.85,Rs./Quintal,8,244,792.89,287.47,578.78
Punjab,Vegetables,Onion,2024-09-01,84.25,Metric Tonnes,3361.01,Rs./Quintal,9,245,733.77,40.2,642.5371428571428
Punjab,Vegetables,Onion,2024-09-02,1022.65,Metric Tonnes,3268.31,Rs./Quintal,9,246,84.25,831.82,648.83
Punjab,Vegetables,Onion,2024-09-03,864.81,Metric Tonnes,3577.92,Rs./Quintal,9,247,1022.65,769.88,676.0914285714287
Punjab,Vegetables,Onion,2024-09-04,745.85,Metric Tonnes,3421.77,Rs./Quintal,9,248,864.81,662.9,689.6528571428571
Punjab,Vegetables,Onion,2024-09-05,719.04,Metric Tonnes,3474.53,Rs./Quintal,9,249,745.85,666.3,701.5028571428572
Punjab,Vegetables,Onion,2024-09-06,789.32,Metric Tonnes,3658.3,Rs./Quintal,9,250,719.04,792.89,709.0371428571428
Punjab,Vegetables,Onion,2024-09-07,530.1,Metric Tonnes,3419.92,Rs./Quintal,9,251,789.32,733.77,708.5271428571428
Punjab,Vegetables,Onion,2024-09-08,36.41,Metric Tonnes,3619.12,Rs./Quintal,9,252,530.1,84.25,679.4314285714287
Punjab,Vegetables,Onion,2024-09-09,940.99,Metric Tonnes,3077.33,Rs./Quintal,9,253,36.41,1022.65,672.5971428571429
Punjab,Vegetables,Onion,2024-09-10,736.31,Metric Tonnes,3242.45,Rs./Quintal,9,254,940.99,864.81,660.9314285714287
Punjab,Vegetables,Onion,2024-09-11,725.99,Metric Tonnes,3495.08,Rs./Quintal,9,255,736.31,745.85,642.5742857142858
Punjab,Vegetables,Onion,2024-09-12,779.58,Metric Tonnes,3605.78,Rs./Quintal,9,256,725.99,719.04,639.7371428571429
Punjab,Vegetables,Onion,2024-09-13,838.7,Metric Tonnes,3499.12,Rs./Quintal,9,257,779.58,789.32,648.3857142857142
Punjab,Vegetables,Onion,2024-09-14,807.78,Metric Tonnes,3514.96,Rs./Quintal,9,258,838.7,530.1,655.4399999999999
Punjab,Vegetables,Onion,2024-09-15,46.63,Metric Tonnes,3617.22,Rs./Quintal,9,259,807.78,36.41,695.1085714285715
Punjab,Vegetables,Onion,2024-09-16,1157.7,Metric Tonnes,3639.08,Rs./Quintal,9,260,46.63,940.99,696.5685714285713
Punjab,Vegetables,Onion,2024-09-17,1041.09,Metric Tonnes,3810.09,Rs./Quintal,9,261,1157.7,736.31,727.527142857143
Punjab,Vegetables,Onion,2024-09-18,583.95,Metric Tonnes,3747.89,Rs./Quintal,9,262,1041.09,725.99,771.0671428571428
Punjab,Vegetables,Onion,2024-09-19,815.09,Metric Tonnes,4039.32,Rs./Quintal,9,263,583.95,779.58,750.7757142857143
Punjab,Vegetables,Onion,2024-09-20,803.46,Metric Tonnes,4206.05,Rs./Quintal,9,264,815.09,838.7,755.8485714285715
Punjab,Vegetables,Onion,2024-09-21,848.83,Metric Tonnes,4074.61,Rs./Quintal,9,265,803.46,807.78,750.8142857142858
Punjab,Vegetables,Onion,2024-09-22,49.2,Metric Tonnes,4257.72,Rs./Quintal,9,266,848.83,46.63,756.6785714285714
Punjab,Vegetables,Onion,2024-09-23,1272.32,Metric Tonnes,3812.77,Rs./Quintal,9,267,49.2,1157.7,757.0457142857143
Punjab,Vegetables,Onion,2024-09-24,1035.16,Metric Tonnes,3960.85,Rs./Quintal,9,268,1272.32,1041.09,773.42
Punjab,Vegetables,Onion,2024-09-25,1063.55,Metric Tonnes,3838.35,Rs./Quintal,9,269,1035.16,583.95,772.5728571428572
Punjab,Vegetables,Onion,2024-09-26,952.09,Metric Tonnes,4008.21,Rs./Quintal,9,270,1063.55,815.09,841.0871428571428
Punjab,Vegetables,Onion,2024-09-27,873.73,Metric Tonnes,4101.99,Rs./Quintal,9,271,952.09,803.46,860.6585714285713
Punjab,Vegetables,Onion,2024-09-28,1008.52,Metric Tonnes,3641.59,Rs./Quintal,9,272,873.73,848.83,870.6971428571429
Punjab,Vegetables,Onion,2024-09-29,85.75,Metric Tonnes,3204.96,Rs./Quintal,9,273,1008.52,49.2,893.51
Punjab,Vegetables,Onion,2024-09-30,1000.09,Metric Tonnes,3903.27,Rs./Quintal,9,274,85.75,1272.32,898.7314285714285
Punjab,Vegetables,Onion,2024-10-01,742.44,Metric Tonnes,3952.41,Rs./Quintal,10,275,1000.09,1035.16,859.8414285714287
Punjab,Vegetables,Onion,2024-10-02,677.3,Metric Tonnes,3980.8,Rs./Quintal,10,276,742.44,1063.55,818.0242857142857
Punjab,Vegetables,Onion,2024-10-03,578.31,Metric Tonnes,4058.88,Rs./Quintal,10,277,677.3,952.09,762.8457142857143
Punjab,Vegetables,Onion,2024-10-04,573.61,Metric Tonnes,4116.59,Rs./Quintal,10,278,578.31,873.73,709.4485714285714
Punjab,Vegetables,Onion,2024-10-05,495.43,Metric Tonnes,4020.53,Rs./Quintal,10,279,573.61,1008.52,666.5742857142858
Punjab,Vegetables,Onion,2024-10-06,63.86,Metric Tonnes,4177.28,Rs./Quintal,10,280,495.43,85.75,593.2757142857143
Punjab,Vegetables,Onion,2024-10-07,685.53,Metric Tonnes,4157.92,Rs./Quintal,10,281,63.86,1000.09,590.1485714285715
Punjab,Vegetables,Onion,2024-10-08,593.87,Metric Tonnes,4225.32,Rs./Quintal,10,282,685.53,742.44,545.2114285714285
Punjab,Vegetables,Onion,2024-10-09,595.89,Metric Tonnes,4338.98,Rs./Quintal,10,283,593.87,677.3,523.9871428571429
Punjab,Vegetables,Onion,2024-10-10,704.6,Metric Tonnes,4297.83,Rs./Quintal,10,284,595.89,578.31,512.3571428571428
Punjab,Vegetables,Onion,2024-10-11,621.63,Metric Tonnes,4132.16,Rs./Quintal,10,285,704.6,573.61,530.3985714285715
Punjab,Vegetables,Onion,2024-10-12,582.67,Metric Tonnes,4148.68,Rs./Quintal,10,286,621.63,495.43,537.2585714285714
Punjab,Vegetables,Onion,2024-10-13,69.53,Metric Tonnes,4312.48,Rs./Quintal,10,287,582.67,63.86,549.7214285714285
Punjab,Vegetables,Onion,2024-10-14,868.33,Metric Tonnes,4046.65,Rs./Quintal,10,288,69.53,685.53,550.5314285714286
Punjab,Vegetables,Onion,2024-10-15,528.43,Metric Tonnes,4227.75,Rs./Quintal,10,289,868.33,593.87,576.6457142857142
Punjab,Vegetables,Onion,2024-10-16,567.69,Metric Tonnes,4122.47,Rs./Quintal,10,290,528.43,595.89,567.2971428571428
Punjab,Vegetables,Onion,2024-10-17,577.9,Metric Tonnes,4244.71,Rs./Quintal,10,291,567.69,704.6,563.2685714285715
Punjab,Vegetables,Onion,2024-10-18,609.9,Metric Tonnes,4069.04,Rs./Quintal,10,292,577.9,621.63,545.1685714285715
Punjab,Vegetables,Onion,2024-10-19,731.29,Metric Tonnes,3762.42,Rs./Quintal,10,293,609.9,582.67,543.4928571428571
Punjab,Vegetables,Onion,2024-10-20,57.08,Metric Tonnes,4047.49,Rs./Quintal,10,294,731.29,69.53,564.7242857142857
Punjab,Vegetables,Onion,2024-10-21,830.38,Metric Tonnes,3892.82,Rs./Quintal,10,295,57.08,868.33,562.9457142857143
Punjab,Vegetables,Onion,2024-10-22,787.9,Metric Tonnes,3776.15,Rs./Quintal,10,296,830.38,528.43,557.5242857142857
Punjab,Vegetables,Onion,2024-10-23,629.93,Metric Tonnes,3855.15,Rs./Quintal,10,297,787.9,567.69,594.5914285714287
Punjab,Vegetables,Onion,2024-10-24,582.96,Metric Tonnes,3974.69,Rs./Quintal,10,298,629.93,577.9,603.4828571428571
Punjab,Vegetables,Onion,2024-10-25,561.82,Metric Tonnes,3934.56,Rs./Quintal,10,299,582.96,609.9,604.2057142857142
Punjab,Vegetables,Onion,2024-10-26,431.38,Metric Tonnes,3937.19,Rs./Quintal,10,300,561.82,731.29,597.3371428571429
Punjab,Vegetables,Onion,2024-10-27,90.52,Metric Tonnes,3970.06,Rs./Quintal,10,301,431.38,57.08,554.4928571428571
Punjab,Vegetables,Onion,2024-10-28,707.7,Metric Tonnes,3993.72,Rs./Quintal,10,302,90.52,830.38,559.27
Punjab,Vegetables,Onion,2024-10-29,656.04,Metric Tonnes,3948.83,Rs./Quintal,10,303,707.7,787.9,541.7442857142858
Punjab,Vegetables,Onion,2024-10-30,618.13,Metric Tonnes,4149.37,Rs./Quintal,10,304,656.04,629.93,522.907142857143
Punjab,Vegetables,Onion,2024-10-31,280.87,Metric Tonnes,3728.59,Rs./Quintal,10,305,618.13,582.96,521.2214285714285
Punjab,Vegetables,Onion,2024-11-01,532.91,Metric Tonnes,4062.33,Rs./Quintal,11,306,280.87,561.82,478.0657142857143
Punjab,Vegetables,Onion,2024-11-02,740.78,Metric Tonnes,3692.83,Rs./Quintal,11,307,532.91,431.38,473.9357142857143
Punjab,Vegetables,Onion,2024-11-03,24.23,Metric Tonnes,4087.45,Rs./Quintal,11,308,740.78,90.52,518.1357142857142
Punjab,Vegetables,Onion,2024-11-04,431.34,Metric Tonnes,3961.88,Rs./Quintal,11,309,24.23,707.7,508.6657142857143
Punjab,Vegetables,Onion,2024-11-05,575.21,Metric Tonnes,4142.18,Rs./Quintal,11,310,431.34,656.04,469.1857142857143
Punjab,Vegetables,Onion,2024-11-06,312.82,Metric Tonnes,3949.91,Rs./Quintal,11,311,575.21,618.13,457.6385714285715
Punjab,Vegetables,Onion,2024-11-07,474.5,Metric Tonnes,4216.14,Rs./Quintal,11,312,312.82,280.87,414.02285714285716
Punjab,Vegetables,Onion,2024-11-08,586.14,Metric Tonnes,4205.04,Rs./Quintal,11,313,474.5,532.91,441.6842857142857
Punjab,Vegetables,Onion,2024-11-09,598.05,Metric Tonnes,4246.57,Rs./Quintal,11,314,586.14,740.78,449.2885714285714
Punjab,Vegetables,Onion,2024-11-10,28.88,Metric Tonnes,4812.33,Rs./Quintal,11,315,598.05,24.23,428.8985714285714
Punjab,Vegetables,Onion,2024-11-11,901.19,Metric Tonnes,4209.65,Rs./Quintal,11,316,28.88,431.34,429.5628571428571
Punjab,Vegetables,Onion,2024-11-12,595.37,Metric Tonnes,4115.35,Rs./Quintal,11,317,901.19,575.21,496.6842857142857
Punjab,Vegetables,Onion,2024-11-13,449.17,Metric Tonnes,3924.09,Rs./Quintal,11,318,595.37,312.82,499.5642857142857
Punjab,Vegetables,Onion,2024-11-14,744.33,Metric Tonnes,3660.54,Rs./Quintal,11,319,449.17,474.5,519.0428571428571
Punjab,Vegetables,Onion,2024-11-15,599.32,Metric Tonnes,3450.94,Rs./Quintal,11,320,744.33,586.14,557.59
Punjab,Vegetables,Onion,2024-11-16,336.05,Metric Tonnes,3321.2,Rs./Quintal,11,321,599.32,598.05,559.4728571428572
Punjab,Vegetables,Onion,2024-11-17,28.67,Metric Tonnes,4254.62,Rs./Quintal,11,322,336.05,28.88,522.0442857142858
Punjab,Vegetables,Onion,2024-11-18,648.54,Metric Tonnes,3368.13,Rs./Quintal,11,323,28.67,901.19,522.0142857142857
Punjab,Vegetables,Onion,2024-11-19,714.45,Metric Tonnes,3564.99,Rs./Quintal,11,324,648.54,595.37,485.92142857142863
Punjab,Vegetables,Onion,2024-11-20,737.73,Metric Tonnes,3763.91,Rs./Quintal,11,325,714.45,449.17,502.93285714285713
Punjab,Vegetables,Onion,2024-11-21,802.62,Metric Tonnes,3437.18,Rs./Quintal,11,326,737.73,744.33,544.1557142857143
Punjab,Vegetables,Onion,2024-11-22,727.47,Metric Tonnes,3491.86,Rs./Quintal,11,327,802.62,599.32,552.4828571428571
Punjab,Vegetables,Onion,2024-11-23,742.12,Metric Tonnes,3272.11,Rs./Quintal,11,328,727.47,336.05,570.7900000000001
Punjab,Vegetables,Onion,2024-11-24,70.48,Metric Tonnes,4071.45,Rs./Quintal,11,329,742.12,28.67,628.8000000000001
Punjab,Vegetables,Onion,2024-11-25,924.31,Metric Tonnes,3276.58,Rs./Quintal,11,330,70.48,648.54,634.7728571428571
Punjab,Vegetables,Onion,2024-11-26,812.78,Metric Tonnes,3130.11,Rs./Quintal,11,331,924.31,714.45,674.1685714285715
Punjab,Vegetables,Onion,2024-11-27,779.63,Metric Tonnes,3244.64,Rs./Quintal,11,332,812.78,737.73,688.2157142857143
Punjab,Vegetables,Onion,2024-11-28,629.21,Metric Tonnes,3318.85,Rs./Quintal,11,333,779.63,802.62,694.2014285714286
Punjab,Vegetables,Onion,2024-11-29,656.65,Metric Tonnes,3293.61,Rs./Quintal,11,334,629.21,727.47,669.4285714285714
Punjab,Vegetables,Onion,2024-11-30,629.03,Metric Tonnes,3318.59,Rs./Quintal,11,335,656.65,742.12,659.3114285714286
Punjab,Vegetables,Onion,2024-12-01,77.45,Metric Tonnes,3290.32,Rs./Quintal,12,336,629.03,70.48,643.1557142857143
Punjab,Vegetables,Onion,2024-12-02,775.35,Metric Tonnes,3393.58,Rs./Quintal,12,337,77.45,924.31,644.1514285714285
Punjab,Vegetables,Onion,2024-12-03,613.5,Metric Tonnes,3466.32,Rs./Quintal,12,338,775.35,812.78,622.8714285714286
Punjab,Vegetables,Onion,2024-12-04,441.53,Metric Tonnes,3459.16,Rs./Quintal,12,339,613.5,779.63,594.4028571428571
Punjab,Vegetables,Onion,2024-12-05,368.67,Metric Tonnes,3490.71,Rs./Quintal,12,340,441.53,629.21,546.1028571428571
Punjab,Vegetables,Onion,2024-12-06,565.69,Metric Tonnes,3550.57,Rs./Quintal,12,341,368.67,656.65,508.8828571428572
Punjab,Vegetables,Onion,2024-12-07,542.18,Metric Tonnes,3455.17,Rs./Quintal,12,342,565.69,629.03,495.8885714285715
Punjab,Vegetables,Onion,2024-12-08,34.61,Metric Tonnes,3852.67,Rs./Quintal,12,343,542.18,77.45,483.4814285714286
Punjab,Vegetables,Onion,2024-12-09,856.01,Metric Tonnes,3070.43,Rs./Quintal,12,344,34.61,775.35,477.3614285714286
Punjab,Vegetables,Onion,2024-12-10,728.75,Metric Tonnes,3288.21,Rs./Quintal,12,345,856.01,613.5,488.8842857142858
Punjab,Vegetables,Onion,2024-12-11,576.37,Metric Tonnes,3336.27,Rs./Quintal,12,346,728.75,441.53,505.3485714285715
Punjab,Vegetables,Onion,2024-12-12,635.82,Metric Tonnes,3293.12,Rs./Quintal,12,347,576.37,368.67,524.6114285714286
Punjab,Vegetables,Onion,2024-12-13,970.66,Metric Tonnes,3102.81,Rs./Quintal,12,348,635.82,565.69,562.7757142857143
Punjab,Vegetables,Onion,2024-12-14,678.53,Metric Tonnes,3327.42,Rs./Quintal,12,349,970.66,542.18,620.6285714285714
Punjab,Vegetables,Onion,2024-12-15,42.4,Metric Tonnes,3806.25,Rs./Quintal,12,350,678.53,34.61,640.1071428571429
Punjab,Vegetables,Onion,2024-12-16,1077.58,Metric Tonnes,3112.94,Rs./Quintal,12,351,42.4,856.01,641.2200000000001
Punjab,Vegetables,Onion,2024-12-17,859.04,Metric Tonnes,3105.34,Rs./Quintal,12,352,1077.58,728.75,672.8728571428572
Punjab,Vegetables,Onion,2024-12-18,972.8,Metric Tonnes,2773.97,Rs./Quintal,12,353,859.04,576.37,691.4857142857143
Punjab,Vegetables,Onion,2024-12-19,973.13,Metric Tonnes,2592.96,Rs./Quintal,12,354,972.8,635.82,748.1185714285714
Punjab,Vegetables,Onion,2024-12-20,959.35,Metric Tonnes,2304.86,Rs./Quintal,12,355,973.13,970.66,796.3057142857142
Punjab,Vegetables,Onion,2024-12-21,856.69,Metric Tonnes,2102.39,Rs./Quintal,12,356,959.35,678.53,794.6899999999999
Punjab,Vegetables,Onion,2024-12-22,82.95,Metric Tonnes,3049.67,Rs./Quintal,12,357,856.69,42.4,820.1414285714285
Punjab,Vegetables,Onion,2024-12-23,974.96,Metric Tonnes,1757.58,Rs./Quintal,12,358,82.95,1077.58,825.9342857142856
Punjab,Vegetables,Onion,2024-12-24,805.61,Metric Tonnes,1948.71,Rs./Quintal,12,359,974.96,859.04,811.2742857142857
Punjab,Vegetables,Onion,2024-12-25,822.75,Metric Tonnes,1801.34,Rs./Quintal,12,360,805.61,972.8,803.6414285714287
Punjab,Vegetables,Onion,2024-12-26,825.67,Metric Tonnes,1800.29,Rs./Quintal,12,361,822.75,973.13,782.2057142857144
Punjab,Vegetables,Onion,2024-12-27,648.2,Metric Tonnes,1756.89,Rs./Quintal,12,362,825.67,959.35,761.1400000000001
Punjab,Vegetables,Onion,2024-12-28,286.77,Metric Tonnes,1745.83,Rs./Quintal,12,363,648.2,856.69,716.6899999999999
Punjab,Vegetables,Onion,2024-12-29,22.43,Metric Tonnes,2458.98,Rs./Quintal,12,364,286.77,82.95,635.2728571428571
Punjab,Vegetables,Onion,2024-12-30,265.02,Metric Tonnes,1853.12,Rs./Quintal,12,365,22.43,974.96,626.6271428571429
Punjab,Vegetables,Onion,2024-12-31,898.8,Metric Tonnes,2095.0,Rs./Quintal,12,366,265.02,805.61,525.2071428571428
Punjab,Vegetables,Onion,2025-01-01,553.88,Metric Tonnes,2215.43,Rs./Quintal,1,1,898.8,822.75,538.52
Punjab,Vegetables,Onion,2025-01-02,415.57,Metric Tonnes,2301.04,Rs./Quintal,1,2,553.88,825.67,500.11
Punjab,Vegetables,Onion,2025-01-03,710.18,Metric Tonnes,2177.82,Rs./Quintal,1,3,415.57,648.2,441.5242857142857
Punjab,Vegetables,Onion,2025-01-04,316.3,Metric Tonnes,2285.42,Rs./Quintal,1,4,710.18,286.77,450.3785714285714
Punjab,Vegetables,Onion,2025-01-05,27.85,Metric Tonnes,2617.59,Rs./Quintal,1,5,316.3,22.43,454.59714285714284
Punjab,Vegetables,Onion,2025-01-06,1123.93,Metric Tonnes,1993.44,Rs./Quintal,1,6,27.85,265.02,455.37142857142857
Punjab,Vegetables,Onion,2025-01-07,922.45,Metric Tonnes,2108.94,Rs./Quintal,1,7,1123.93,898.8,578.0728571428572
Punjab,Vegetables,Onion,2025-01-08,598.35,Metric Tonnes,2204.63,Rs./Quintal,1,8,922.45,553.88,581.4514285714286
Punjab,Vegetables,Onion,2025-01-09,1032.06,Metric Tonnes,1942.25,Rs./Quintal,1,9,598.35,415.57,587.8042857142857
Punjab,Vegetables,Onion,2025-01-10,785.87,Metric Tonnes,2082.11,Rs./Quintal,1,10,1032.06,710.18,675.8742857142859
Punjab,Vegetables,Onion,2025-01-11,475.17,Metric Tonnes,2056.1,Rs./Quintal,1,11,785.87,316.3,686.6871428571429
Punjab,Vegetables,Onion,2025-01-12,90.35,Metric Tonnes,2557.78,Rs./Quintal,1,12,475.17,27.85,709.3828571428572
Punjab,Vegetables,Onion,2025-01-13,638.04,Metric Tonnes,2049.9,Rs./Quintal,1,13,90.35,1123.93,718.3114285714286
Punjab,Vegetables,Onion,2025-01-14,780.83,Metric Tonnes,2075.7,Rs./Quintal,1,14,638.04,922.45,648.8985714285715
Punjab,Vegetables,Onion,2025-01-15,850.12,Metric Tonnes,2060.08,Rs./Quintal,1,15,780.83,598.35,628.6671428571428
Punjab,Vegetables,Onion,2025-01-16,851.63,Metric Tonnes,1855.63,Rs./Quintal,1,16,850.12,1032.06,664.6342857142856
Punjab,Vegetables,Onion,2025-01-17,416.54,Metric Tonnes,1955.29,Rs./Quintal,1,17,851.63,785.87,638.8585714285715
Punjab,Vegetables,Onion,2025-01-18,719.01,Metric Tonnes,1973.49,Rs./Quintal,1,18,416.54,475.17,586.0971428571429
Punjab,Vegetables,Onion,2025-01-19,59.35,Metric Tonnes,2362.72,Rs./Quintal,1,19,719.01,90.35,620.9314285714287
Punjab,Vegetables,Onion,2025-01-20,1062.43,Metric Tonnes,1837.42,Rs./Quintal,1,20,59.35,638.04,616.5028571428571
Punjab,Vegetables,Onion,2025-01-21,841.97,Metric Tonnes,2001.38,Rs./Quintal,1,21,1062.43,780.83,677.13
Punjab,Vegetables,Onion,2025-01-22,675.43,Metric Tonnes,2149.53,Rs./Quintal,1,22,841.97,850.12,685.8642857142858
Punjab,Vegetables,Onion,2025-01-23,760.62,Metric Tonnes,2097.52,Rs./Quintal,1,23,675.43,851.63,660.9085714285713
Punjab,Vegetables,Onion,2025-01-24,493.34,Metric Tonnes,1953.65,Rs./Quintal,1,24,760.62,416.54,647.9071428571427
Punjab,Vegetables,Onion,2025-01-25,599.2,Metric Tonnes,1846.13,Rs./Quintal,1,25,493.34,719.01,658.8785714285714
Punjab,Vegetables,Onion,2025-01-26,29.7,Metric Tonnes,2289.02,Rs./Quintal,1,26,599.2,59.35,641.7628571428571
Punjab,Vegetables,Onion,2025-01-27,843.95,Metric Tonnes,2014.14,Rs./Quintal,1,27,29.7,1062.43,637.5271428571428
Punjab,Vegetables,Onion,2025-01-28,798.5,Metric Tonnes,2015.04,Rs./Quintal,1,28,843.95,841.97,606.3157142857143
Punjab,Vegetables,Onion,2025-01-29,658.45,Metric Tonnes,2106.95,Rs./Quintal,1,29,798.5,675.43,600.1057142857143
Punjab,Vegetables,Onion,2025-01-30,706.41,Metric Tonnes,2035.81,Rs./Quintal,1,30,658.45,760.62,597.6800000000001
Punjab,Vegetables,Onion,2025-01-31,677.25,Metric Tonnes,1941.64,Rs./Quintal,1,31,706.41,493.34,589.9357142857143
Punjab,Vegetables,Onion,2025-02-01,448.09,Metric Tonnes,1994.52,Rs./Quintal,2,32,677.25,599.2,616.2085714285714
Punjab,Vegetables,Onion,2025-02-02,30.05,Metric Tonnes,2342.26,Rs./Quintal,2,33,448.09,29.7,594.6214285714286
Punjab,Vegetables,Onion,2025-02-03,1771.1,Metric Tonnes,1587.59,Rs./Quintal,2,34,30.05,843.95,594.6714285714287
Punjab,Vegetables,Onion,2025-02-04,757.67,Metric Tonnes,2077.7,Rs./Quintal,2,35,1771.1,798.5,727.1214285714285
Punjab,Vegetables,Onion,2025-02-05,576.82,Metric Tonnes,2155.66,Rs./Quintal,2,36,757.67,658.45,721.2885714285713
Punjab,Vegetables,Onion,2025-02-06,755.66,Metric Tonnes,2144.3,Rs./Quintal,2,37,576.82,706.41,709.6271428571428
Punjab,Vegetables,Onion,2025-02-07,741.06,Metric Tonnes,1982.38,Rs./Quintal,2,38,755.66,677.25,716.6628571428572
Punjab,Vegetables,Onion,2025-02-08,709.54,Metric Tonnes,2017.46,Rs./Quintal,2,39,741.06,448.09,725.7785714285714
Punjab,Vegetables,Onion,2025-02-09,54.25,Metric Tonnes,2230.12,Rs./Quintal,2,40,709.54,30.05,763.1285714285714
Punjab,Vegetables,Onion,2025-02-10,879.41,Metric Tonnes,1999.62,Rs./Quintal,2,41,54.25,1771.1,766.5857142857142
Punjab,Vegetables,Onion,2025-02-11,666.7,Metric Tonnes,2107.74,Rs./Quintal,2,42,879.41,757.67,639.2014285714286
Punjab,Vegetables,Onion,2025-02-12,441.24,Metric Tonnes,1912.61,Rs./Quintal,2,43,666.7,576.82,626.2057142857144
Punjab,Vegetables,Onion,2025-02-13,749.4,Metric Tonnes,2229.39,Rs./Quintal,2,44,441.24,755.66,606.8371428571428
Punjab,Vegetables,Onion,2025-02-14,789.38,Metric Tonnes,2236.48,Rs./Quintal,2,45,749.4,741.06,605.9428571428572
Punjab,Vegetables,Onion,2025-02-15,598.43,Metric Tonnes,2459.83,Rs./Quintal,2,46,789.38,709.54,612.8457142857143
Punjab,Vegetables,Onion,2025-02-16,35.85,Metric Tonnes,2393.67,Rs./Quintal,2,47,598.43,54.25,596.9728571428572
Punjab,Vegetables,Onion,2025-02-17,1119.68,Metric Tonnes,2384.7,Rs./Quintal,2,48,35.85,879.41,594.3442857142857
Punjab,Vegetables,Onion,2025-02-18,905.44,Metric Tonnes,2538.62,Rs./Quintal,2,49,1119.68,666.7,628.6685714285715
Punjab,Vegetables,Onion,2025-02-19,856.87,Metric Tonnes,2205.36,Rs./Quintal,2,50,905.44,441.24,662.7742857142857
Punjab,Vegetables,Onion,2025-02-20,663.12,Metric Tonnes,2296.47,Rs./Quintal,2,51,856.87,749.4,722.15
Punjab,Vegetables,Onion,2025-02-21,1096.34,Metric Tonnes,2121.1,Rs./Quintal,2,52,663.12,789.38,709.8242857142857
Punjab,Vegetables,Onion,2025-02-22,484.83,Metric Tonnes,2186.92,Rs./Quintal,2,53,1096.34,598.43,753.6757142857142
Punjab,Vegetables,Onion,2025-02-23,59.3,Metric Tonnes,2584.49,Rs./Quintal,2,54,484.83,35.85,737.4471428571429
Punjab,Vegetables,Onion,2025-02-24,1026.25,Metric Tonnes,2265.36,Rs./Quintal,2,55,59.3,1119.68,740.7971428571428
Punjab,Vegetables,Onion,2025-02-25,826.57,Metric Tonnes,2318.25,Rs./Quintal,2,56,1026.25,905.44,727.4499999999999
Punjab,Vegetables,Onion,2025-02-26,718.91,Metric Tonnes,2205.16,Rs./Quintal,2,57,826.57,856.87,716.1828571428571
Punjab,Vegetables,Onion,2025-02-27,949.53,Metric Tonnes,2172.31,Rs./Quintal,2,58,718.91,663.12,696.4742857142857
Punjab,Vegetables,Onion,2025-02-28,870.88,Metric Tonnes,2252.99,Rs./Quintal,2,59,949.53,1096.34,737.39
Punjab,Vegetables,Onion,2025-03-01,807.26,Metric Tonnes,2273.37,Rs./Quintal,3,60,870.88,484.83,705.1814285714285
Punjab,Vegetables,Onion,2025-03-02,41.95,Metric Tonnes,2510.61,Rs./Quintal,3,61,807.26,59.3,751.2428571428571
Punjab,Vegetables,Onion,2025-03-03,1099.25,Metric Tonnes,2152.81,Rs./Quintal,3,62,41.95,1026.25,748.7642857142856
Punjab,Vegetables,Onion,2025-03-04,813.01,Metric Tonnes,2010.07,Rs./Quintal,3,63,1099.25,826.57,759.1928571428571
Punjab,Vegetables,Onion,2025-03-05,328.03,Metric Tonnes,2309.05,Rs./Quintal,3,64,813.01,718.91,757.2557142857142
Punjab,Vegetables,Onion,2025-03-06,671.54,Metric Tonnes,2228.16,Rs./Quintal,3,65,328.03,949.53,701.4157142857142
Punjab,Vegetables,Onion,2025-03-07,1307.31,Metric Tonnes,2031.97,Rs./Quintal,3,66,671.54,870.88,661.7028571428572
Punjab,Vegetables,Onion,2025-03-08,733.14,Metric Tonnes,1861.92,Rs./Quintal,3,67,1307.31,807.26,724.05
Punjab,Vegetables,Onion,2025-03-09,42.9,Metric Tonnes,2257.93,Rs./Quintal,3,68,733.14,41.95,713.4614285714285
Punjab,Vegetables,Onion,2025-03-10,1561.42,Metric Tonnes,1954.19,Rs./Quintal,3,69,42.9,1099.25,713.5971428571428
Punjab,Vegetables,Onion,2025-03-11,1164.46,Metric Tonnes,2019.31,Rs./Quintal,3,70,1561.42,813.01,779.6214285714285
Punjab,Vegetables,Onion,2025-03-12,934.84,Metric Tonnes,1857.22,Rs./Quintal,3,71,1164.46,328.03,829.8285714285714
Punjab,Vegetables,Onion,2025-03-13,1109.21,Metric Tonnes,1871.63,Rs./Quintal,3,72,934.84,671.54,916.5157142857142
Punjab,Vegetables,Onion,2025-03-14,891.23,Metric Tonnes,1767.5,Rs./Quintal,3,73,1109.21,1307.31,979.04
Punjab,Vegetables,Onion,2025-03-15,898.63,Metric Tonnes,1776.58,Rs./Quintal,3,74,891.23,733.14,919.6000000000001
Punjab,Vegetables,Onion,2025-03-16,44.4,Metric Tonnes,2240.54,Rs./Quintal,3,75,898.63,42.9,943.2414285714285
Punjab,Vegetables,Onion,2025-03-17,984.03,Metric Tonnes,1805.85,Rs./Quintal,3,76,44.4,1561.42,943.4557142857144
Punjab,Vegetables,Onion,2025-03-18,1188.28,Metric Tonnes,1761.52,Rs./Quintal,3,77,984.03,1164.46,860.9714285714286
Punjab,Vegetables,Onion,2025-03-19,1033.67,Metric Tonnes,1743.47,Rs./Quintal,3,78,1188.28,934.84,864.3742857142857
Punjab,Vegetables,Onion,2025-03-20,970.68,Metric Tonnes,1568.24,Rs./Quintal,3,79,1033.67,1109.21,878.4928571428571
Punjab,Vegetables,Onion,2025-03-21,1099.31,Metric Tonnes,1531.44,Rs./Quintal,3,80,970.68,891.23,858.7028571428572
Punjab,Vegetables,Onion,2025-03-22,1041.11,Metric Tonnes,1588.84,Rs./Quintal,3,81,1099.31,898.63,888.4285714285714
Punjab,Vegetables,Onion,2025-03-23,48.75,Metric Tonnes,2116.0,Rs./Quintal,3,82,1041.11,44.4,908.7828571428572
Punjab,Vegetables,Onion,2025-03-24,1361.37,Metric Tonnes,1643.95,Rs./Quintal,3,83,48.75,984.03,909.4042857142857
Punjab,Vegetables,Onion,2025-03-25,1158.26,Metric Tonnes,1516.64,Rs./Quintal,3,84,1361.37,1188.28,963.3100000000001
Punjab,Vegetables,Onion,2025-03-26,1146.1,Metric Tonnes,1520.41,Rs./Quintal,3,85,1158.26,1033.67,959.0214285714285
Punjab,Vegetables,Onion,2025-03-27,1209.32,Metric Tonnes,1394.58,Rs./Quintal,3,86,1146.1,970.68,975.0828571428572
Punjab,Vegetables,Onion,2025-03-28,1121.59,Metric Tonnes,1351.69,Rs./Quintal,3,87,1209.32,1099.31,1009.1742857142856
Punjab,Vegetables,Onion,2025-03-29,218.29,Metric Tonnes,1703.7,Rs./Quintal,3,88,1121.59,1041.11,1012.3571428571429
Punjab,Vegetables,Onion,2025-03-30,19.25,Metric Tonnes,1957.01,Rs./Quintal,3,89,218.29,48.75,894.8114285714285
Punjab,Vegetables,Onion,2025-03-31,496.98,Metric Tonnes,1699.01,Rs./Quintal,3,90,19.25,1361.37,890.5971428571428
Punjab,Vegetables,Onion,2025-04-01,939.69,Metric Tonnes,1432.31,Rs./Quintal,4,91,496.98,1158.26,767.112857142857
Punjab,Vegetables,Onion,2025-04-02,636.66,Metric Tonnes,1532.72,Rs./Quintal,4,92,939.69,1146.1,735.8885714285714
Punjab,Vegetables,Onion,2025-04-03,855.89,Metric Tonnes,1344.52,Rs./Quintal,4,93,636.66,1209.32,663.1114285714285
Punjab,Vegetables,Onion,2025-04-04,1280.78,Metric Tonnes,1382.34,Rs./Quintal,4,94,855.89,1121.59,612.6214285714286
Punjab,Vegetables,Onion,2025-04-05,938.9,Metric Tonnes,1384.8,Rs./Quintal,4,95,1280.78,218.29,635.3628571428571
Punjab,Vegetables,Onion,2025-04-06,50.0,Metric Tonnes,1719.4,Rs./Quintal,4,96,938.9,19.25,738.3071428571428
Punjab,Vegetables,Onion,2025-04-07,1408.76,Metric Tonnes,1255.63,Rs./Quintal,4,97,50.0,496.98,742.6999999999999
Punjab,Vegetables,Onion,2025-04-08,1240.2,Metric Tonnes,1359.84,Rs./Quintal,4,98,1408.76,939.69,872.9542857142858
Punjab,Vegetables,Onion,2025-04-09,747.38,Metric Tonnes,1414.61,Rs./Quintal,4,99,1240.2,636.66,915.8842857142856
Punjab,Vegetables,Onion,2025-04-10,2088.18,Metric Tonnes,1239.64,Rs./Quintal,4,100,747.38,855.89,931.7014285714286
Punjab,Vegetables,Onion,2025-04-11,1287.53,Metric Tonnes,1288.1,Rs./Quintal,4,101,2088.18,1280.78,1107.742857142857
Punjab,Vegetables,Onion,2025-04-12,867.48,Metric Tonnes,1234.81,Rs./Quintal,4,102,1287.53,938.9,1108.7071428571428
Punjab,Vegetables,Onion,2025-04-13,48.11,Metric Tonnes,2017.83,Rs./Quintal,4,103,867.48,50.0,1098.5042857142857
Punjab,Vegetables,Onion,2025-04-14,1526.73,Metric Tonnes,1221.75,Rs./Quintal,4,104,48.11,1408.76,1098.2342857142858
Punjab,Vegetables,Onion,2025-04-15,1641.02,Metric Tonnes,1233.93,Rs./Quintal,4,105,1526.73,1240.2,1115.087142857143
Punjab,Vegetables,Onion,2025-04-16,1188.97,Metric Tonnes,1140.97,Rs./Quintal,4,106,1641.02,747.38,1172.347142857143
Punjab,Vegetables,Onion,2025-04-17,1016.99,Metric Tonnes,1104.42,Rs./Quintal,4,107,1188.97,2088.18,1235.4314285714286
Punjab,Vegetables,Onion,2025-04-18,1154.45,Metric Tonnes,1129.33,Rs./Quintal,4,108,1016.99,1287.53,1082.4042857142856
Punjab,Vegetables,Onion,2025-04-19,1019.65,Metric Tonnes,1154.56,Rs./Quintal,4,109,1154.45,867.48,1063.392857142857
Punjab,Vegetables,Onion,2025-04-20,49.85,Metric Tonnes,1486.36,Rs./Quintal,4,110,1019.65,48.11,1085.1314285714286
Punjab,Vegetables,Onion,2025-04-21,1813.58,Metric Tonnes,1090.06,Rs./Quintal,4,111,49.85,1526.73,1085.3799999999999
Punjab,Vegetables,Onion,2025-04-22,1563.67,Metric Tonnes,1071.55,Rs./Quintal,4,112,1813.58,1641.02,1126.3585714285714
Punjab,Vegetables,Onion,2025-04-23,1636.39,Metric Tonnes,1022.0,Rs./Quintal,4,113,1563.67,1188.97,1115.3085714285714
Punjab,Vegetables,Onion,2025-04-24,1219.29,Metric Tonnes,1109.55,Rs./Quintal,4,114,1636.39,1016.99,1179.2257142857143
Punjab,Vegetables,Onion,2025-04-25,1487.15,Metric Tonnes,1078.04,Rs./Quintal,4,115,1219.29,1154.45,1208.1257142857144
Punjab,Vegetables,Onion,2025-04-26,1642.77,Metric Tonnes,1034.42,Rs./Quintal,4,116,1487.15,1019.65,1255.6542857142856
Punjab,Vegetables,Onion,2025-04-27,88.95,Metric Tonnes,1344.58,Rs./Quintal,4,117,1642.77,49.85,1344.6714285714286
Punjab,Vegetables,Onion,2025-04-28,1660.62,Metric Tonnes,1030.18,Rs./Quintal,4,118,88.95,1813.58,1350.2571428571428
Punjab,Vegetables,Onion,2025-04-29,1266.43,Metric Tonnes,971.46,Rs./Quintal,4,119,1660.62,1563.67,1328.4057142857143
Punjab,Vegetables,Onion,2025-04-30,1247.34,Metric Tonnes,1002.04,Rs./Quintal,4,120,1266.43,1636.39,1285.9428571428573
Punjab,Vegetables,Onion,2025-05-01,1768.72,Metric Tonnes,1004.89,Rs./Quintal,5,121,1247.34,1219.29,1230.3642857142859
Punjab,Vegetables,Onion,2025-05-02,1100.24,Metric Tonnes,1069.25,Rs./Quintal,5,122,1768.72,1487.15,1308.8542857142857
Punjab,Vegetables,Onion,2025-05-03,868.99,Metric Tonnes,1018.04,Rs./Quintal,5,123,1100.24,1642.77,1253.5814285714284
Punjab,Vegetables,Onion,2025-05-04,54.48,Metric Tonnes,1312.63,Rs./Quintal,5,124,868.99,88.95,1143.0414285714285
Punjab,Vegetables,Onion,2025-05-05,1846.95,Metric Tonnes,912.04,Rs./Quintal,5,125,54.48,1660.62,1138.1171428571429
Punjab,Vegetables,Onion,2025-05-06,1674.02,Metric Tonnes,1059.09,Rs./Quintal,5,126,1846.95,1266.43,1164.7357142857143
Punjab,Vegetables,Onion,2025-05-07,994.47,Metric Tonnes,1162.64,Rs./Quintal,5,127,1674.02,1247.34,1222.962857142857
Punjab,Vegetables,Onion,2025-05-08,1202.39,Metric Tonnes,1148.27,Rs./Quintal,5,128,994.47,1768.72,1186.8385714285716
Punjab,Vegetables,Onion,2025-05-09,1860.1,Metric Tonnes,1133.77,Rs./Quintal,5,129,1202.39,1100.24,1105.9342857142858
Punjab,Vegetables,Onion,2025-05-10,2071.56,Metric Tonnes,1163.69,Rs./Quintal,5,130,1860.1,868.99,1214.4857142857143
Punjab,Vegetables,Onion,2025-05-11,50.36,Metric Tonnes,1325.87,Rs./Quintal,5,131,2071.56,54.48,1386.2814285714287
Punjab,Vegetables,Onion,2025-05-12,3110.23,Metric Tonnes,1120.61,Rs./Quintal,5,132,50.36,1846.95,1385.6928571428573
Punjab,Vegetables,Onion,2025-05-13,1931.79,Metric Tonnes,1113.05,Rs./Quintal,5,133,3110.23,1674.02,1566.1614285714288
Punjab,Vegetables,Onion,2025-05-14,1219.8,Metric Tonnes,1080.2,Rs./Quintal,5,134,1931.79,994.47,1602.9857142857143
Punjab,Vegetables,Onion,2025-05-15,1407.08,Metric Tonnes,1114.33,Rs./Quintal,5,135,1219.8,1202.39,1635.1757142857143
Punjab,Vegetables,Onion,2025-05-16,1492.82,Metric Tonnes,1063.11,Rs./Quintal,5,136,1407.08,1860.1,1664.4171428571426
Punjab,Vegetables,Onion,2025-05-17,735.96,Metric Tonnes,1099.76,Rs./Quintal,5,137,1492.82,2071.56,1611.9485714285713
Punjab,Vegetables,Onion,2025-05-18,49.95,Metric Tonnes,1327.13,Rs./Quintal,5,138,735.96,50.36,1421.1485714285714
Punjab,Vegetables,Onion,2025-05-19,1134.64,Metric Tonnes,1074.3,Rs./Quintal,5,139,49.95,3110.23,1421.0900000000001
Punjab,Vegetables,Onion,2025-05-20,1752.18,Metric Tonnes,1085.9,Rs./Quintal,5,140,1134.64,1931.79,1138.8628571428571
Punjab,Vegetables,Onion,2025-05-21,1418.3,Metric Tonnes,1026.02,Rs./Quintal,5,141,1752.18,1219.8,1113.2042857142858
Punjab,Vegetables,Onion,2025-05-22,1565.56,Metric Tonnes,996.53,Rs./Quintal,5,142,1418.3,1407.08,1141.5614285714287
Punjab,Vegetables,Onion,2025-05-23,849.71,Metric Tonnes,1142.93,Rs./Quintal,5,143,1565.56,1492.82,1164.2014285714286
Punjab,Vegetables,Onion,2025-05-24,665.88,Metric Tonnes,1102.24,Rs./Quintal,5,144,849.71,735.96,1072.3285714285714
Punjab,Vegetables,Onion,2025-05-25,78.5,Metric Tonnes,1241.46,Rs./Quintal,5,145,665.88,49.95,1062.317142857143
Punjab,Vegetables,Onion,2025-05-26,2598.57,Metric Tonnes,981.99,Rs./Quintal,5,146,78.5,1134.64,1066.3957142857143
Punjab,Vegetables,Onion,2025-05-27,811.12,Metric Tonnes,1028.97,Rs./Quintal,5,147,2598.57,1752.18,1275.5285714285715
Punjab,Vegetables,Onion,2025-05-28,923.27,Metric Tonnes,998.75,Rs./Quintal,5,148,811.12,1418.3,1141.0914285714287
Punjab,Vegetables,Onion,2025-05-29,912.67,Metric Tonnes,1091.11,Rs./Quintal,5,149,923.27,1565.56,1070.3728571428571
Punjab,Vegetables,Onion,2025-05-30,594.39,Metric Tonnes,1087.0,Rs./Quintal,5,150,912.67,849.71,977.1028571428571
Punjab,Vegetables,Onion,2025-05-31,845.62,Metric Tonnes,1045.41,Rs./Quintal,5,151,594.39,665.88,940.6285714285715
Punjab,Vegetables,Onion,2025-06-01,38.89,Metric Tonnes,1249.45,Rs./Quintal,6,152,845.62,78.5,966.3057142857143
Punjab,Vegetables,Onion,2025-06-02,1712.65,Metric Tonnes,951.74,Rs./Quintal,6,153,38.89,2598.57,960.6471428571429
Punjab,Vegetables,Onion,2025-06-03,1415.53,Metric Tonnes,1019.93,Rs./Quintal,6,154,1712.65,811.12,834.0871428571428
Punjab,Vegetables,Onion,2025-06-04,1154.04,Metric Tonnes,1053.6,Rs./Quintal,6,155,1415.53,923.27,920.4314285714285
Punjab,Vegetables,Onion,2025-06-05,1172.67,Metric Tonnes,1077.93,Rs./Quintal,6,156,1154.04,912.67,953.3985714285715
Punjab,Vegetables,Onion,2025-06-06,875.91,Metric Tonnes,1089.86,Rs./Quintal,6,157,1172.67,594.39,990.5414285714286
Punjab,Vegetables,Onion,2025-06-07,897.66,Metric Tonnes,1071.31,Rs./Quintal,6,158,875.91,845.62,1030.7585714285713
Punjab,Vegetables,Onion,2025-06-08,45.8,Metric Tonnes,1045.2,Rs./Quintal,6,159,897.66,38.89,1038.1928571428573
Punjab,Vegetables,Onion,2025-06-09,1156.06,Metric Tonnes,1024.8,Rs./Quintal,6,160,45.8,1712.65,1039.18
Punjab,Vegetables,Onion,2025-06-10,793.95,Metric Tonnes,1090.88,Rs./Quintal,6,161,1156.06,1415.53,959.6671428571428
Punjab,Vegetables,Onion,2025-06-11,1073.8,Metric Tonnes,1075.32,Rs./Quintal,6,162,793.95,1154.04,870.87
Punjab,Vegetables,Onion,2025-06-12,1113.05,Metric Tonnes,986.36,Rs./Quintal,6,163,1073.8,1172.67,859.407142857143
Punjab,Vegetables,Onion,2025-06-13,1105.84,Metric Tonnes,1036.23,Rs./Quintal,6,164,1113.05,875.91,850.89
Punjab,Vegetables,Onion,2025-06-14,540.93,Metric Tonnes,1119.51,Rs./Quintal,6,165,1105.84,897.66,883.7371428571429
Punjab,Vegetables,Onion,2025-06-15,41.0,Metric Tonnes,1256.83,Rs./Quintal,6,166,540.93,45.8,832.7757142857143
Punjab,Vegetables,Onion,2025-06-16,1497.11,Metric Tonnes,1074.56,Rs./Quintal,6,167,41.0,1156.06,832.09
Punjab,Vegetables,Onion,2025-06-17,1103.74,Metric Tonnes,1105.92,Rs./Quintal,6,168,1497.11,793.95,880.8114285714285
Punjab,Vegetables,Onion,2025-06-18,915.53,Metric Tonnes,1131.52,Rs./Quintal,6,169,1103.74,1073.8,925.0671428571428
Punjab,Vegetables,Onion,2025-06-19,984.08,Metric Tonnes,1143.47,Rs./Quintal,6,170,915.53,1113.05,902.4571428571427
Punjab,Vegetables,Onion,2025-06-20,1254.34,Metric Tonnes,1056.68,Rs./Quintal,6,171,984.08,1105.84,884.0328571428572
Punjab,Vegetables,Onion,2025-06-21,963.12,Metric Tonnes,1210.69,Rs./Quintal,6,172,1254.34,540.93,905.2471428571428
Punjab,Vegetables,Onion,2025-06-22,69.64,Metric Tonnes,1156.55,Rs./Quintal,6,173,963.12,41.0,965.5600000000001
Punjab,Vegetables,Onion,2025-06-23,1082.87,Metric Tonnes,1170.52,Rs./Quintal,6,174,69.64,1497.11,969.6514285714285
Punjab,Vegetables,Onion,2025-06-24,756.27,Metric Tonnes,1186.13,Rs./Quintal,6,175,1082.87,1103.74,910.4742857142857
Punjab,Vegetables,Onion,2025-06-25,886.62,Metric Tonnes,1265.8,Rs./Quintal,6,176,756.27,915.53,860.8357142857143
Punjab,Vegetables,Onion,2025-06-26,815.7,Metric Tonnes,1241.15,Rs./Quintal,6,177,886.62,984.08,856.7057142857142
Punjab,Vegetables,Onion,2025-06-27,996.68,Metric Tonnes,1262.5,Rs./Quintal,6,178,815.7,1254.34,832.6514285714285
Punjab,Vegetables,Onion,2025-06-28,596.95,Metric Tonnes,1260.5,Rs./Quintal,6,179,996.68,963.12,795.842857142857
Punjab,Vegetables,Onion,2025-06-29,49.9,Metric Tonnes,1582.97,Rs./Quintal,6,180,596.95,69.64,743.5328571428571
Punjab,Vegetables,Onion,2025-06-30,1184.17,Metric Tonnes,1363.84,Rs./Quintal,6,181,49.9,1082.87,740.7128571428572
Punjab,Vegetables,Onion,2025-07-01,906.28,Metric Tonnes,1364.69,Rs./Quintal,7,182,1184.17,756.27,755.1842857142858
Punjab,Vegetables,Onion,2025-07-02,785.34,Metric Tonnes,1388.69,Rs./Quintal,7,183,906.28,886.62,776.6142857142858
Punjab,Vegetables,Onion,2025-07-03,621.71,Metric Tonnes,1478.21,Rs./Quintal,7,184,785.34,815.7,762.1457142857143
Punjab,Vegetables,Onion,2025-07-04,1040.06,Metric Tonnes,1380.74,Rs./Quintal,7,185,621.71,996.68,734.4328571428572
Punjab,Vegetables,Onion,2025-07-05,308.62,Metric Tonnes,1440.69,Rs./Quintal,7,186,1040.06,596.95,740.63
Punjab,Vegetables,Onion,2025-07-06,36.5,Metric Tonnes,1409.86,Rs./Quintal,7,187,308.62,49.9,699.4399999999999
Punjab,Vegetables,Onion,2025-07-07,769.6,Metric Tonnes,1307.39,Rs./Quintal,7,188,36.5,1184.17,697.5257142857143
Punjab,Vegetables,Onion,2025-07-08,795.28,Metric Tonnes,1334.52,Rs./Quintal,7,189,769.6,906.28,638.3014285714286
Punjab,Vegetables,Onion,2025-07-09,732.66,Metric Tonnes,1422.46,Rs./Quintal,7,190,795.28,785.34,622.4442857142858
Punjab,Vegetables,Onion,2025-07-10,808.92,Metric Tonnes,1347.5,Rs./Quintal,7,191,732.66,621.71,614.9185714285715
Punjab,Vegetables,Onion,2025-07-11,571.88,Metric Tonnes,1391.09,Rs./Quintal,7,192,808.92,1040.06,641.6628571428571
Punjab,Vegetables,Onion,2025-07-12,897.96,Metric Tonnes,1225.16,Rs./Quintal,7,193,571.88,308.62,574.78
Punjab,Vegetables,Onion,2025-07-13,39.7,Metric Tonnes,1658.44,Rs./Quintal,7,194,897.96,36.5,658.9714285714286
Punjab,Vegetables,Onion,2025-07-14,968.15,Metric Tonnes,1385.34,Rs./Quintal,7,195,39.7,769.6,659.4285714285714
Punjab,Vegetables,Onion,2025-07-15,815.02,Metric Tonnes,1332.62,Rs./Quintal,7,196,968.15,795.28,687.7928571428571
Punjab,Vegetables,Onion,2025-07-16,751.91,Metric Tonnes,1455.27,Rs./Quintal,7,197,815.02,732.66,690.6128571428571
Punjab,Vegetables,Onion,2025-07-17,806.83,Metric Tonnes,1531.24,Rs./Quintal,7,198,751.91,808.92,693.3628571428571
Punjab,Vegetables,Onion,2025-07-18,1036.23,Metric Tonnes,1449.95,Rs./Quintal,7,199,806.83,571.88,693.0642857142857
Punjab,Vegetables,Onion,2025-07-19,572.83,Metric Tonnes,1451.7,Rs./Quintal,7,200,1036.23,897.96,759.4
Punjab,Vegetables,Onion,2025-07-20,47.8,Metric Tonnes,1701.46,Rs./Quintal,7,201,572.83,39.7,712.9528571428572
Punjab,Vegetables,Onion,2025-07-21,1057.31,Metric Tonnes,1299.8,Rs./Quintal,7,202,47.8,968.15,714.11
Punjab,Vegetables,Onion,2025-07-22,1032.58,Metric Tonnes,1354.92,Rs./Quintal,7,203,1057.31,815.02,726.8471428571429
Punjab,Vegetables,Onion,2025-07-23,659.04,Metric Tonnes,1574.31,Rs./Quintal,7,204,1032.58,751.91,757.9271428571428
Punjab,Vegetables,Onion,2025-07-24,873.43,Metric Tonnes,1409.66,Rs./Quintal,7,205,659.04,806.83,744.66
Punjab,Vegetables,Onion,2025-07-25,818.32,Metric Tonnes,1454.34,Rs./Quintal,7,206,873.43,1036.23,754.1742857142856
Punjab,Vegetables,Onion,2025-07-26,821.64,Metric Tonnes,1408.53,Rs./Quintal,7,207,818.32,572.83,723.0442857142858
Punjab,Vegetables,Onion,2025-07-27,29.5,Metric Tonnes,1642.37,Rs./Quintal,7,208,821.64,47.8,758.5885714285714
Punjab,Vegetables,Onion,2025-07-28,1201.7,Metric Tonnes,1359.32,Rs./Quintal,7,209,29.5,1057.31,755.9742857142857
Punjab,Vegetables,Onion,2025-07-29,850.04,Metric Tonnes,1393.99,Rs./Quintal,7,210,1201.7,1032.58,776.6014285714284
Punjab,Vegetables,Onion,2025-07-30,878.35,Metric Tonnes,1401.76,Rs./Quintal,7,211,850.04,659.04,750.5242857142857
Punjab,Vegetables,Onion,2025-07-31,518.62,Metric Tonnes,1256.75,Rs./Quintal,7,212,878.35,873.43,781.8542857142857
Punjab,Vegetables,Onion,2025-08-01,577.47,Metric Tonnes,1341.48,Rs./Quintal,8,213,518.62,818.32,731.1671428571428
Punjab,Vegetables,Onion,2025-08-02,653.89,Metric Tonnes,1329.94,Rs./Quintal,8,214,577.47,821.64,696.76
Punjab,Vegetables,Onion,2025-08-03,31.7,Metric Tonnes,1517.35,Rs./Quintal,8,215,653.89,29.5,672.7957142857142
Punjab,Vegetables,Onion,2025-08-04,1135.85,Metric Tonnes,1165.93,Rs./Quintal,8,216,31.7,1201.7,673.1099999999999
Punjab,Vegetables,Onion,2025-08-05,1108.74,Metric Tonnes,1150.2,Rs./Quintal,8,217,1135.85,850.04,663.7028571428572
Punjab,Vegetables,Onion,2025-08-06,764.96,Metric Tonnes,1316.91,Rs./Quintal,8,218,1108.74,878.35,700.66
Punjab,Vegetables,Onion,2025-08-07,585.52,Metric Tonnes,1295.96,Rs./Quintal,8,219,764.96,518.62,684.4614285714285
Punjab,Vegetables,Onion,2025-08-08,932.18,Metric Tonnes,1296.88,Rs./Quintal,8,220,585.52,577.47,694.0185714285715
Punjab,Vegetables,Onion,2025-08-09,754.71,Metric Tonnes,1283.72,Rs./Quintal,8,221,932.18,653.89,744.6914285714286
Punjab,Vegetables,Onion,2025-08-10,57.05,Metric Tonnes,1574.16,Rs./Quintal,8,222,754.71,31.7,759.0942857142857
Punjab,Vegetables,Onion,2025-08-11,1027.13,Metric Tonnes,1226.77,Rs./Quintal,8,223,57.05,1135.85,762.7157142857142
Punjab,Vegetables,Onion,2025-08-12,908.49,Metric Tonnes,1364.05,Rs./Quintal,8,224,1027.13,1108.74,747.1842857142858
Punjab,Vegetables,Onion,2025-08-13,694.62,Metric Tonnes,1462.35,Rs./Quintal,8,225,908.49,764.96,718.577142857143
Punjab,Vegetables,Onion,2025-08-14,757.88,Metric Tonnes,1401.47,Rs./Quintal,8,226,694.62,585.52,708.5285714285714
Punjab,Vegetables,Onion,2025-08-15,850.82,Metric Tonnes,1404.78,Rs./Quintal,8,227,757.88,932.18,733.1514285714286
Punjab,Vegetables,Onion,2025-08-16,593.54,Metric Tonnes,1271.7,Rs./Quintal,8,228,850.82,754.71,721.5285714285714
Punjab,Vegetables,Onion,2025-08-17,63.7,Metric Tonnes,1637.6,Rs./Quintal,8,229,593.54,57.05,698.5042857142856
Punjab,Vegetables,Onion,2025-08-18,923.63,Metric Tonnes,1362.14,Rs./Quintal,8,230,63.7,1027.13,699.4542857142858
Punjab,Vegetables,Onion,2025-08-19,1044.64,Metric Tonnes,1467.8,Rs./Quintal,8,231,923.63,908.49,684.6685714285715
Punjab,Vegetables,Onion,2025-08-20,778.0,Metric Tonnes,1475.33,Rs./Quintal,8,232,1044.64,694.62,704.1185714285714
Punjab,Vegetables,Onion,2025-08-21,735.14,Metric Tonnes,1411.6,Rs./Quintal,8,233,778.0,757.88,716.0300000000001
Punjab,Vegetables,Onion,2025-08-22,833.33,Metric Tonnes,1321.32,Rs./Quintal,8,234,735.14,850.82,712.7814285714286
Punjab,Vegetables,Onion,2025-08-23,843.9,Metric Tonnes,1312.62,Rs./Quintal,8,235,833.33,593.54,710.2828571428571
Punjab,Vegetables,Onion,2025-08-24,48.8,Metric Tonnes,1667.83,Rs./Quintal,8,236,843.9,63.7,746.0485714285714
Punjab,Vegetables,Onion,2025-08-25,748.09,Metric Tonnes,1366.89,Rs./Quintal,8,237,48.8,923.63,743.92
Punjab,Vegetables,Onion,2025-08-26,1024.91,Metric Tonnes,1430.54,Rs./Quintal,8,238,748.09,1044.64,718.842857142857
Punjab,Vegetables,Onion,2025-08-27,541.51,Metric Tonnes,1538.17,Rs./Quintal,8,239,1024.91,778.0,716.0242857142857
Punjab,Vegetables,Onion,2025-08-28,903.45,Metric Tonnes,1331.55,Rs./Quintal,8,240,541.51,735.14,682.24
Punjab,Vegetables,Onion,2025-08-29,969.78,Metric Tonnes,1404.36,Rs./Quintal,8,241,903.45,833.33,706.2842857142857
Punjab,Vegetables,Onion,2025-08-30,709.35,Metric Tonnes,1401.83,Rs./Quintal,8,242,969.78,843.9,725.777142857143
Punjab,Vegetables,Onion,2025-08-31,26.8,Metric Tonnes,1648.88,Rs./Quintal,8,243,709.35,48.8,706.5557142857142
Punjab,Vegetables,Onion,2025-09-01,1473.61,Metric Tonnes,1250.69,Rs./Quintal,9,244,26.8,748.09,703.4128571428572
Punjab,Vegetables,Onion,2025-09-02,849.95,Metric Tonnes,1408.27,Rs./Quintal,9,245,1473.61,1024.91,807.0585714285714
Punjab,Vegetables,Onion,2025-09-03,703.14,Metric Tonnes,1471.64,Rs./Quintal,9,246,849.95,541.51,782.0642857142858
Punjab,Vegetables,Onion,2025-09-04,948.79,Metric Tonnes,1384.36,Rs./Quintal,9,247,703.14,903.45,805.1542857142857
Punjab,Vegetables,Onion,2025-09-05,1008.61,Metric Tonnes,1401.37,Rs./Quintal,9,248,948.79,969.78,811.6314285714285
Punjab,Vegetables,Onion,2025-09-06,1017.92,Metric Tonnes,1350.18,Rs./Quintal,9,249,1008.61,709.35,817.1785714285714
Punjab,Vegetables,Onion,2025-09-07,41.2,Metric Tonnes,1634.59,Rs./Quintal,9,250,1017.92,26.8,861.2600000000001
Punjab,Vegetables,Onion,2025-09-08,1166.82,Metric Tonnes,1390.08,Rs./Quintal,9,251,41.2,1473.61,863.3171428571429
Punjab,Vegetables,Onion,2025-09-09,1498.73,Metric Tonnes,1362.79,Rs./Quintal,9,252,1166.82,849.95,819.49
Punjab,Vegetables,Onion,2025-09-10,974.94,Metric Tonnes,1282.13,Rs./Quintal,9,253,1498.73,703.14,912.172857142857
Punjab,Vegetables,Onion,2025-09-11,816.55,Metric Tonnes,1394.85,Rs./Quintal,9,254,974.94,948.79,951.0014285714286
Punjab,Vegetables,Onion,2025-09-12,1311.58,Metric Tonnes,1365.31,Rs./Quintal,9,255,816.55,1008.61,932.11
Punjab,Vegetables,Onion,2025-09-13,1163.7,Metric Tonnes,1314.01,Rs./Quintal,9,256,1311.58,1017.92,975.3914285714285
Punjab,Vegetables,Onion,2025-09-14,27.4,Metric Tonnes,1659.85,Rs./Quintal,9,257,1163.7,41.2,996.2171428571428
Punjab,Vegetables,Onion,2025-09-15,856.23,Metric Tonnes,1330.17,Rs./Quintal,9,258,27.4,1166.82,994.2457142857141
Punjab,Vegetables,Onion,2025-09-16,954.47,Metric Tonnes,1230.87,Rs./Quintal,9,259,856.23,1498.73,949.8757142857143
Punjab,Vegetables,Onion,2025-09-17,1069.79,Metric Tonnes,1249.93,Rs./Quintal,9,260,954.47,974.94,872.1242857142857
Punjab,Vegetables,Onion,2025-09-18,852.5,Metric Tonnes,1239.9,Rs./Quintal,9,261,1069.79,816.55,885.6742857142856
Punjab,Vegetables,Onion,2025-09-19,992.59,Metric Tonnes,1284.79,Rs./Quintal,9,262,852.5,1311.58,890.8100000000001
Punjab,Vegetables,Onion,2025-09-20,262.46,Metric Tonnes,1321.21,Rs./Quintal,9,263,992.59,1163.7,845.2399999999999
Punjab,Vegetables,Onion,2025-09-21,106.3,Metric Tonnes,1677.42,Rs./Quintal,9,264,262.46,27.4,716.4914285714285
Punjab,Vegetables,Onion,2025-09-22,1843.44,Metric Tonnes,1094.77,Rs./Quintal,9,265,106.3,856.23,727.7628571428571
Punjab,Vegetables,Onion,2025-09-23,1111.82,Metric Tonnes,1240.38,Rs./Quintal,9,266,1843.44,954.47,868.7928571428571
Punjab,Vegetables,Onion,2025-09-24,926.18,Metric Tonnes,1244.94,Rs./Quintal,9,267,1111.82,1069.79,891.2714285714285
Punjab,Vegetables,Onion,2025-09-25,830.62,Metric Tonnes,1176.96,Rs./Quintal,9,268,926.18,852.5,870.7557142857142
Punjab,Vegetables,Onion,2025-09-26,874.81,Metric Tonnes,1191.88,Rs./Quintal,9,269,830.62,992.59,867.63
Punjab,Vegetables,Onion,2025-09-27,597.07,Metric Tonnes,1207.09,Rs./Quintal,9,270,874.81,262.46,850.8042857142857
Punjab,Vegetables,Onion,2025-09-28,83.4,Metric Tonnes,1559.23,Rs./Quintal,9,271,597.07,106.3,898.6057142857143
Punjab,Vegetables,Onion,2025-09-29,2744.46,Metric Tonnes,1019.4,Rs./Quintal,9,272,83.4,1843.44,895.3342857142858
Punjab,Vegetables,Onion,2025-09-30,1086.25,Metric Tonnes,1115.42,Rs./Quintal,9,273,2744.46,1111.82,1024.0514285714285
Punjab,Vegetables,Onion,2025-10-01,720.91,Metric Tonnes,1198.13,Rs./Quintal,10,274,1086.25,926.18,1020.3985714285715
Punjab,Vegetables,Onion,2025-10-02,927.27,Metric Tonnes,1219.86,Rs./Quintal,10,275,720.91,830.62,991.0742857142858
Punjab,Vegetables,Onion,2025-10-03,702.0,Metric Tonnes,1170.02,Rs./Quintal,10,276,927.27,874.81,1004.8814285714286
Punjab,Vegetables,Onion,2025-10-04,863.12,Metric Tonnes,1207.47,Rs./Quintal,10,277,702.0,597.07,980.1942857142858
Punjab,Vegetables,Onion,2025-10-05,36.16,Metric Tonnes,1625.3,Rs./Quintal,10,278,863.12,83.4,1018.2014285714287
Punjab,Vegetables,Onion,2025-10-06,1074.34,Metric Tonnes,1097.43,Rs./Quintal,10,279,36.16,2744.46,1011.4528571428572
Punjab,Vegetables,Onion,2025-10-07,526.08,Metric Tonnes,1284.99,Rs./Quintal,10,280,1074.34,1086.25,772.8642857142858
Punjab,Vegetables,Onion,2025-10-08,892.25,Metric Tonnes,1302.12,Rs./Quintal,10,281,526.08,720.91,692.84
Punjab,Vegetables,Onion,2025-10-09,683.59,Metric Tonnes,1256.32,Rs./Quintal,10,282,892.25,927.27,717.3171428571429
Punjab,Vegetables,Onion,2025-10-10,732.52,Metric Tonnes,1224.46,Rs./Quintal,10,283,683.59,702.0,682.5057142857142
Punjab,Vegetables,Onion,2025-10-11,787.69,Metric Tonnes,1151.34,Rs./Quintal,10,284,732.52,863.12,686.8657142857144
Punjab,Vegetables,Onion,2025-10-12,46.0,Metric Tonnes,1584.02,Rs./Quintal,10,285,787.69,36.16,676.09
Punjab,Vegetables,Onion,2025-10-13,1039.93,Metric Tonnes,1120.65,Rs./Quintal,10,286,46.0,1074.34,677.4957142857144
Punjab,Vegetables,Onion,2025-10-14,1501.73,Metric Tonnes,1085.69,Rs./Quintal,10,287,1039.93,526.08,672.58
Punjab,Vegetables,Onion,2025-10-15,831.34,Metric Tonnes,1232.08,Rs./Quintal,10,288,1501.73,892.25,811.9585714285715
Punjab,Vegetables,Onion,2025-10-16,1241.24,Metric Tonnes,1182.0,Rs./Quintal,10,289,831.34,683.59,803.2571428571429
Punjab,Vegetables,Onion,2025-10-17,5041.26,Metric Tonnes,949.08,Rs./Quintal,10,290,1241.24,732.52,882.9214285714287
Punjab,Vegetables,Onion,2025-10-18,1532.86,Metric Tonnes,1058.19,Rs./Quintal,10,291,5041.26,787.69,1498.4557142857143
Punjab,Vegetables,Onion,2025-10-19,63.53,Metric Tonnes,1554.55,Rs./Quintal,10,292,1532.86,46.0,1604.9085714285716
Punjab,Vegetables,Onion,2025-10-20,2111.23,Metric Tonnes,989.6,Rs./Quintal,10,293,63.53,1039.93,1607.412857142857
Punjab,Vegetables,Onion,2025-10-21,617.36,Metric Tonnes,1102.69,Rs./Quintal,10,294,2111.23,1501.73,1760.455714285714
Punjab,Vegetables,Onion,2025-10-22,710.63,Metric Tonnes,1284.39,Rs./Quintal,10,295,617.36,831.34,1634.1171428571429
Punjab,Vegetables,Onion,2025-10-23,1097.67,Metric Tonnes,1143.89,Rs./Quintal,10,296,710.63,1241.24,1616.8728571428571
Punjab,Vegetables,Onion,2025-10-24,886.61,Metric Tonnes,1163.24,Rs./Quintal,10,297,1097.67,5041.26,1596.3628571428574
Punjab,Vegetables,Onion,2025-10-25,720.15,Metric Tonnes,1168.65,Rs./Quintal,10,298,886.61,1532.86,1002.8414285714287
Punjab,Vegetables,Onion,2025-10-26,36.1,Metric Tonnes,1545.71,Rs./Quintal,10,299,720.15,63.53,886.74
Punjab,Vegetables,Onion,2025-10-27,1163.78,Metric Tonnes,1084.51,Rs./Quintal,10,300,36.1,2111.23,882.8214285714286
Punjab,Vegetables,Onion,2025-10-28,909.43,Metric Tonnes,1137.62,Rs./Quintal,10,301,1163.78,617.36,747.4714285714286
Punjab,Vegetables,Onion,2025-10-29,616.64,Metric Tonnes,1222.72,Rs./Quintal,10,302,909.43,710.63,789.1957142857143
Punjab,Vegetables,Onion,2025-10-30,698.58,Metric Tonnes,1112.84,Rs./Quintal,10,303,616.64,1097.67,775.7685714285715
Punjab,Vegetables,Onion,2025-10-31,1908.74,Metric Tonnes,1173.83,Rs./Quintal,10,304,698.58,886.61,718.7557142857142
Punjab,Vegetables,Onion,2025-11-01,1077.92,Metric Tonnes,1182.71,Rs./Quintal,11,305,1908.74,720.15,864.7742857142857
Punjab,Vegetables,Onion,2025-11-02,43.02,Metric Tonnes,1495.26,Rs./Quintal,11,306,1077.92,36.1,915.8842857142857
Punjab,Vegetables,Onion,2025-11-03,889.34,Metric Tonnes,1134.41,Rs./Quintal,11,307,43.02,1163.78,916.8728571428571
Punjab,Vegetables,Onion,2025-11-04,590.52,Metric Tonnes,1242.83,Rs./Quintal,11,308,889.34,909.43,877.6671428571428
Punjab,Vegetables,Onion,2025-11-05,524.66,Metric Tonnes,1012.42,Rs./Quintal,11,309,590.52,616.64,832.1085714285715
Punjab,Vegetables,Onion,2025-11-06,517.05,Metric Tonnes,940.69,Rs./Quintal,11,310,524.66,698.58,818.9685714285715
Punjab,Vegetables,Onion,2025-11-07,335.4,Metric Tonnes,1190.38,Rs./Quintal,11,311,517.05,1908.74,793.0357142857143
Punjab,Vegetables,Onion,2025-11-08,344.75,Metric Tonnes,1149.52,Rs./Quintal,11,312,335.4,1077.92,568.2728571428571
Punjab,Vegetables,Onion,2025-11-09,153.55,Metric Tonnes,1267.28,Rs./Quintal,11,313,344.75,43.02,463.53428571428566
Punjab,Vegetables,Onion,2025-11-10,1549.95,Metric Tonnes,1386.88,Rs./Quintal,11,314,153.55,889.34,479.32428571428574
Punjab,Vegetables,Onion,2025-11-11,886.36,Metric Tonnes,1089.96,Rs./Quintal,11,315,1549.95,590.52,573.6971428571429
Punjab,Vegetables,Onion,2025-11-12,451.45,Metric Tonnes,1041.01,Rs./Quintal,11,316,886.36,524.66,615.96
Punjab,Vegetables,Onion,2025-11-13,614.76,Metric Tonnes,1155.28,Rs./Quintal,11,317,451.45,517.05,605.5014285714286
Punjab,Vegetables,Onion,2025-11-14,398.1,Metric Tonnes,983.9,Rs./Quintal,11,318,614.76,335.4,619.4599999999999
Punjab,Vegetables,Onion,2025-11-15,260.34,Metric Tonnes,1058.37,Rs./Quintal,11,319,398.1,344.75,628.4171428571428
Punjab,Vegetables,Onion,2025-11-16,79.41,Metric Tonnes,1580.58,Rs./Quintal,11,320,260.34,153.55,616.3585714285715
Punjab,Vegetables,Onion,2025-11-17,706.89,Metric Tonnes,1023.2,Rs./Quintal,11,321,79.41,1549.95,605.7671428571429
Punjab,Vegetables,Onion,2025-11-18,717.64,Metric Tonnes,1085.04,Rs./Quintal,11,322,706.89,886.36,485.33000000000004
Punjab,Vegetables,Onion,2025-11-19,658.14,Metric Tonnes,1234.69,Rs./Quintal,11,323,717.64,451.45,461.2271428571429
Punjab,Vegetables,Onion,2025-11-20,547.61,Metric Tonnes,1191.22,Rs./Quintal,11,324,658.14,614.76,490.7542857142857
Punjab,Vegetables,Onion,2025-11-21,595.53,Metric Tonnes,1096.32,Rs./Quintal,11,325,547.61,398.1,481.1614285714286
Punjab,Vegetables,Onion,2025-11-22,407.48,Metric Tonnes,1041.51,Rs./Quintal,11,326,595.53,260.34,509.36571428571426
Punjab,Vegetables,Onion,2025-11-23,70.5,Metric Tonnes,1664.6,Rs./Quintal,11,327,407.48,79.41,530.3857142857142
Punjab,Vegetables,Onion,2025-11-24,633.82,Metric Tonnes,1057.07,Rs./Quintal,11,328,70.5,706.89,529.1128571428571
Punjab,Vegetables,Onion,2025-11-25,644.91,Metric Tonnes,1087.04,Rs./Quintal,11,329,633.82,717.64,518.6742857142857
Punjab,Vegetables,Onion,2025-11-26,887.2,Metric Tonnes,1119.27,Rs./Quintal,11,330,644.91,658.14,508.28428571428566
Punjab,Vegetables,Onion,2025-11-27,554.0,Metric Tonnes,1121.52,Rs./Quintal,11,331,887.2,547.61,541.0071428571429
Punjab,Vegetables,Onion,2025-11-28,674.97,Metric Tonnes,980.67,Rs./Quintal,11,332,554.0,595.53,541.92
Punjab,Vegetables,Onion,2025-11-29,360.72,Metric Tonnes,1239.89,Rs./Quintal,11,333,674.97,407.48,553.2685714285715
Punjab,Vegetables,Onion,2025-11-30,31.99,Metric Tonnes,1444.83,Rs./Quintal,11,334,360.72,70.5,546.5885714285715
Punjab,Vegetables,Onion,2025-12-01,930.28,Metric Tonnes,1035.2,Rs./Quintal,12,335,31.99,633.82,541.0871428571429
Punjab,Vegetables,Onion,2025-12-02,1416.7,Metric Tonnes,1294.98,Rs./Quintal,12,336,930.28,644.91,583.4385714285714
Punjab,Vegetables,Onion,2025-12-03,1262.72,Metric Tonnes,1321.93,Rs./Quintal,12,337,1416.7,887.2,693.6942857142858
Punjab,Vegetables,Onion,2025-12-04,1136.95,Metric Tonnes,1293.98,Rs./Quintal,12,338,1262.72,554.0,747.34
Punjab,Vegetables,Onion,2025-12-05,925.57,Metric Tonnes,1350.98,Rs./Quintal,12,339,1136.95,674.97,830.6185714285714
Punjab,Vegetables,Onion,2025-12-06,682.8,Metric Tonnes,1469.74,Rs./Quintal,12,340,925.57,360.72,866.4185714285713
Punjab,Vegetables,Onion,2025-12-07,435.0,Metric Tonnes,1786.79,Rs./Quintal,12,341,682.8,31.99,912.4300000000001
Punjab,Vegetables,Onion,2025-12-08,1637.26,Metric Tonnes,1229.23,Rs./Quintal,12,342,435.0,930.28,970.0028571428571
Punjab,Vegetables,Onion,2025-12-09,1260.87,Metric Tonnes,1388.22,Rs./Quintal,12,343,1637.26,1416.7,1071.0
Punjab,Vegetables,Onion,2025-12-10,1038.96,Metric Tonnes,1520.9,Rs./Quintal,12,344,1260.87,1262.72,1048.7385714285715
Punjab,Vegetables,Onion,2025-12-11,436.72,Metric Tonnes,1432.33,Rs./Quintal,12,345,1038.96,1136.95,1016.7728571428571
Punjab,Vegetables,Onion,2025-12-12,924.76,Metric Tonnes,1535.65,Rs./Quintal,12,346,436.72,925.57,916.74
Punjab,Vegetables,Onion,2025-12-13,426.63,Metric Tonnes,1382.21,Rs./Quintal,12,347,924.76,682.8,916.6242857142859
Punjab,Vegetables,Onion,2025-12-14,428.67,Metric Tonnes,1504.32,Rs./Quintal,12,348,426.63,435.0,880.0285714285714
Punjab,Vegetables,Onion,2025-12-15,1132.26,Metric Tonnes,1469.1,Rs./Quintal,12,349,428.67,1637.26,879.1242857142857
Punjab,Vegetables,Onion,2025-12-16,1310.43,Metric Tonnes,1746.42,Rs./Quintal,12,350,1132.26,1260.87,806.9814285714285
Punjab,Vegetables,Onion,2025-12-17,926.23,Metric Tonnes,1693.29,Rs./Quintal,12,351,1310.43,1038.96,814.0614285714286
Punjab,Vegetables,Onion,2025-12-18,943.87,Metric Tonnes,1775.4,Rs./Quintal,12,352,926.23,436.72,797.9571428571428
Punjab,Vegetables,Onion,2025-12-19,924.94,Metric Tonnes,1794.77,Rs./Quintal,12,353,943.87,924.76,870.4071428571427
Punjab,Vegetables,Onion,2025-12-20,643.79,Metric Tonnes,1765.14,Rs./Quintal,12,354,924.94,426.63,870.4328571428572
Punjab,Vegetables,Onion,2025-12-21,43.13,Metric Tonnes,1704.87,Rs./Quintal,12,355,643.79,428.67,901.4557142857144
Punjab,Vegetables,Onion,2025-12-22,1106.3,Metric Tonnes,1690.55,Rs./Quintal,12,356,43.13,1132.26,846.3785714285715
Punjab,Vegetables,Onion,2025-12-23,1102.74,Metric Tonnes,1771.88,Rs./Quintal,12,357,1106.3,1310.43,842.6700000000001
Punjab,Vegetables,Onion,2025-12-24,819.12,Metric Tonnes,1772.11,Rs./Quintal,12,358,1102.74,926.23,813.0
Punjab,Vegetables,Onion,2025-12-25,917.94,Metric Tonnes,1680.68,Rs./Quintal,12,359,819.12,943.87,797.6985714285714
Punjab,Vegetables,Onion,2025-12-26,1127.27,Metric Tonnes,1645.45,Rs./Quintal,12,360,917.94,924.94,793.9942857142858
Punjab,Vegetables,Onion,2025-12-27,676.68,Metric Tonnes,1812.91,Rs./Quintal,12,361,1127.27,643.79,822.8985714285715
Punjab,Vegetables,Onion,2025-12-28,95.7,Metric Tonnes,1726.96,Rs./Quintal,12,362,676.68,43.13,827.5971428571429
Punjab,Vegetables,Onion,2025-12-29,666.65,Metric Tonnes,1824.06,Rs./Quintal,12,363,95.7,1106.3,835.1071428571429
Punjab,Vegetables,Onion,2025-12-30,921.38,Metric Tonnes,1916.42,Rs./Quintal,12,364,666.65,1102.74,772.3000000000001
Punjab,Vegetables,Onion,2025-12-31,1010.08,Metric Tonnes,1908.36,Rs./Quintal,12,365,921.38,819.12,746.3914285714285
Punjab,Vegetables,Onion,2026-01-01,639.46,Metric Tonnes,1694.72,Rs./Quintal,1,1,1010.08,917.94,773.6714285714286
Punjab,Vegetables,Onion,2026-01-02,883.47,Metric Tonnes,1895.73,Rs./Quintal,1,2,639.46,1127.27,733.8885714285715
Punjab,Vegetables,Onion,2026-01-03,881.92,Metric Tonnes,1952.68,Rs./Quintal,1,3,883.47,676.68,699.0600000000001
Punjab,Vegetables,Onion,2026-01-04,45.33,Metric Tonnes,1699.21,Rs./Quintal,1,4,881.92,95.7,728.38
Punjab,Vegetables,Onion,2026-01-05,1126.39,Metric Tonnes,1942.18,Rs./Quintal,1,5,45.33,666.65,721.1842857142857
Punjab,Vegetables,Onion,2026-01-06,1346.25,Metric Tonnes,1816.47,Rs./Quintal,1,6,1126.39,921.38,786.8614285714286
Punjab,Vegetables,Onion,2026-01-07,1057.26,Metric Tonnes,1845.61,Rs./Quintal,1,7,1346.25,1010.08,847.5571428571429
Punjab,Vegetables,Onion,2026-01-08,936.45,Metric Tonnes,1867.62,Rs./Quintal,1,8,1057.26,639.46,854.2971428571428
Punjab,Vegetables,Onion,2026-01-09,943.37,Metric Tonnes,1857.81,Rs./Quintal,1,9,936.45,883.47,896.7242857142858
Punjab,Vegetables,Onion,2026-01-10,829.07,Metric Tonnes,1832.35,Rs./Quintal,1,10,943.37,881.92,905.2814285714286
Punjab,Vegetables,Onion,2026-01-11,30.36,Metric Tonnes,1849.19,Rs./Quintal,1,11,829.07,45.33,897.7314285714285
Punjab,Vegetables,Onion,2026-01-12,1234.15,Metric Tonnes,1753.95,Rs./Quintal,1,12,30.36,1126.39,895.5928571428573
Punjab,Vegetables,Onion,2026-01-13,1295.84,Metric Tonnes,1762.73,Rs./Quintal,1,13,1234.15,1346.25,910.9871428571429
Punjab,Vegetables,Onion,2026-01-14,980.1,Metric Tonnes,1919.47,Rs./Quintal,1,14,1295.84,1057.26,903.7857142857143
Punjab,Vegetables,Onion,2026-01-15,1110.08,Metric Tonnes,1790.64,Rs./Quintal,1,15,980.1,936.45,892.762857142857
Punjab,Vegetables,Onion,2026-01-16,982.4,Metric Tonnes,1811.12,Rs./Quintal,1,16,1110.08,943.37,917.5671428571428
Punjab,Vegetables,Onion,2026-01-17,726.83,Metric Tonnes,1916.27,Rs./Quintal,1,17,982.4,829.07,923.1428571428571
Punjab,Vegetables,Onion,2026-01-18,49.2,Metric Tonnes,1709.63,Rs./Quintal,1,18,726.83,30.36,908.5371428571428
Punjab,Vegetables,Onion,2026-01-19,1054.64,Metric Tonnes,1715.22,Rs./Quintal,1,19,49.2,1234.15,911.2285714285714
Punjab,Vegetables,Onion,2026-01-20,1260.6,Metric Tonnes,1678.0,Rs./Quintal,1,20,1054.64,1295.84,885.5842857142858
Punjab,Vegetables,Onion,2026-01-21,900.42,Metric Tonnes,1859.64,Rs./Quintal,1,21,1260.6,980.1,880.5500000000001
Punjab,Vegetables,Onion,2026-01-22,1062.26,Metric Tonnes,1848.28,Rs./Quintal,1,22,900.42,1110.08,869.1671428571428
Punjab,Vegetables,Onion,2026-01-23,739.59,Metric Tonnes,1787.03,Rs./Quintal,1,23,1062.26,982.4,862.3357142857143
Punjab,Vegetables,Onion,2026-01-24,855.79,Metric Tonnes,1863.33,Rs./Quintal,1,24,739.59,726.83,827.6485714285715
Punjab,Vegetables,Onion,2026-01-25,24.5,Metric Tonnes,1844.29,Rs./Quintal,1,25,855.79,49.2,846.0714285714286
Punjab,Vegetables,Onion,2026-01-26,1121.91,Metric Tonnes,1717.36,Rs./Quintal,1,26,24.5,1054.64,842.5428571428572
Punjab,Vegetables,Onion,2026-01-27,1123.16,Metric Tonnes,1876.67,Rs./Quintal,1,27,1121.91,1260.6,852.1528571428571
Punjab,Vegetables,Onion,2026-01-28,866.66,Metric Tonnes,1662.01,Rs./Quintal,1,28,1123.16,900.42,832.5185714285714
Punjab,Vegetables,Onion,2026-01-29,813.33,Metric Tonnes,1750.87,Rs./Quintal,1,29,866.66,1062.26,827.6957142857143
Punjab,Vegetables,Onion,2026-01-30,1104.8,Metric Tonnes,1825.8,Rs./Quintal,1,30,813.33,739.59,792.1342857142857
Punjab,Vegetables,Onion,2026-01-31,880.44,Metric Tonnes,1924.71,Rs./Quintal,1,31,1104.8,855.79,844.3071428571428
Punjab,Vegetables,Onion,2026-02-01,22.21,Metric Tonnes,1722.92,Rs./Quintal,2,32,880.44,24.5,847.8285714285714
Punjab,Vegetables,Onion,2026-02-02,1262.75,Metric Tonnes,1863.93,Rs./Quintal,2,33,22.21,1121.91,847.5014285714286
Punjab,Vegetables,Onion,2026-02-03,1087.62,Metric Tonnes,1755.46,Rs./Quintal,2,34,1262.75,1123.16,867.6214285714286
Punjab,Vegetables,Onion,2026-02-04,1460.28,Metric Tonnes,1722.93,Rs./Quintal,2,35,1087.62,866.66,862.5442857142858
Punjab,Vegetables,Onion,2026-02-05,1054.12,Metric Tonnes,1655.38,Rs./Quintal,2,36,1460.28,813.33,947.3471428571429
Punjab,Vegetables,Onion,2026-02-06,1199.73,Metric Tonnes,1670.39,Rs./Quintal,2,37,1054.12,1104.8,981.7457142857144
Punjab,Vegetables,Onion,2026-02-07,788.17,Metric Tonnes,1818.74,Rs./Quintal,2,38,1199.73,880.44,995.3071428571428
Punjab,Vegetables,Onion,2026-02-08,46.67,Metric Tonnes,1813.16,Rs./Quintal,2,39,788.17,22.21,982.1257142857141
Punjab,Vegetables,Onion,2026-02-09,1361.02,Metric Tonnes,1542.17,Rs./Quintal,2,40,46.67,1262.75,985.6199999999999
Punjab,Vegetables,Onion,2026-02-10,1509.07,Metric Tonnes,1581.14,Rs./Quintal,2,41,1361.02,1087.62,999.6585714285713
Punjab,Vegetables,Onion,2026-02-11,1072.93,Metric Tonnes,1654.92,Rs./Quintal,2,42,1509.07,1460.28,1059.8657142857141
Punjab,Vegetables,Onion,2026-02-12,746.27,Metric Tonnes,1437.86,Rs./Quintal,2,43,1072.93,1054.12,1004.53
Punjab,Vegetables,Onion,2026-02-13,5445.77,Metric Tonnes,803.42,Rs./Quintal,2,44,746.27,1199.73,960.5514285714286
Punjab,Vegetables,Onion,2026-02-14,785.71,Metric Tonnes,1704.7,Rs./Quintal,2,45,5445.77,788.17,1567.1285714285714
Punjab,Vegetables,Onion,2026-02-15,33.38,Metric Tonnes,1680.05,Rs./Quintal,2,46,785.71,46.67,1566.7771428571427
Punjab,Vegetables,Onion,2026-02-16,1138.9,Metric Tonnes,1725.01,Rs./Quintal,2,47,33.38,1361.02,1564.8785714285714
Punjab,Vegetables,Onion,2026-02-17,1201.82,Metric Tonnes,1624.35,Rs./Quintal,2,48,1138.9,1509.07,1533.1471428571429
Punjab,Vegetables,Onion,2026-02-18,1333.37,Metric Tonnes,1666.44,Rs./Quintal,2,49,1201.82,1072.93,1489.2542857142855
Punjab,Vegetables,Onion,2026-02-19,1188.08,Metric Tonnes,1636.32,Rs./Quintal,2,50,1333.37,746.27,1526.4600000000003
Punjab,Vegetables,Onion,2026-02-20,1229.26,Metric Tonnes,1682.48,Rs./Quintal,2,51,1188.08,5445.77,1589.5757142857144
Punjab,Vegetables,Onion,2026-02-21,1115.47,Metric Tonnes,1715.9,Rs./Quintal,2,52,1229.26,785.71,987.2171428571429
Punjab,Vegetables,Onion,2026-02-22,30.33,Metric Tonnes,1694.2,Rs./Quintal,2,53,1115.47,33.38,1034.3257142857142
Punjab,Vegetables,Onion,2026-02-23,1224.27,Metric Tonnes,1640.78,Rs./Quintal,2,54,30.33,1138.9,1033.8899999999999
Punjab,Vegetables,Onion,2026-02-24,1140.32,Metric Tonnes,1686.7,Rs./Quintal,2,55,1224.27,1201.82,1046.0857142857144
Punjab,Vegetables,Onion,2026-02-25,1305.14,Metric Tonnes,1642.28,Rs./Quintal,2,56,1140.32,1333.37,1037.3
Punjab,Vegetables,Onion,2026-02-26,1237.05,Metric Tonnes,1628.57,Rs./Quintal,2,57,1305.14,1188.08,1033.2671428571427
Punjab,Vegetables,Onion,2026-02-27,1235.4,Metric Tonnes,1648.09,Rs./Quintal,2,58,1237.05,1229.26,1040.2628571428572
Punjab,Vegetables,Onion,2026-02-28,847.1,Metric Tonnes,1711.06,Rs./Quintal,2,59,1235.4,1115.47,1041.1399999999999
Punjab,Vegetables,Onion,2026-03-01,34.56,Metric Tonnes,1669.04,Rs./Quintal,3,60,847.1,30.33,1002.8014285714287
Punjab,Vegetables,Onion,2026-03-02,1417.56,Metric Tonnes,1549.3,Rs./Quintal,3,61,34.56,1224.27,1003.4057142857143
Punjab,Vegetables,Onion,2026-03-03,1044.27,Metric Tonnes,1291.22,Rs./Quintal,3,62,1417.56,1140.32,1031.0185714285715
Punjab,Vegetables,Onion,2026-03-04,1391.93,Metric Tonnes,1580.1,Rs./Quintal,3,63,1044.27,1305.14,1017.2971428571428
Punjab,Vegetables,Onion,2026-03-05,1136.08,Metric Tonnes,1598.79,Rs./Quintal,3,64,1391.93,1237.05,1029.6957142857143
Punjab,Vegetables,Onion,2026-03-06,1242.17,Metric Tonnes,1566.11,Rs./Quintal,3,65,1136.08,1235.4,1015.2714285714285
Punjab,Vegetables,Onion,2026-03-07,885.85,Metric Tonnes,1687.83,Rs./Quintal,3,66,1242.17,847.1,1016.2385714285714
Punjab,Vegetables,Onion,2026-03-08,30.6,Metric Tonnes,1771.73,Rs./Quintal,3,67,885.85,34.56,1021.7742857142857
Punjab,Vegetables,Onion,2026-03-09,1290.05,Metric Tonnes,1534.14,Rs./Quintal,3,68,30.6,1417.56,1021.2085714285714
Punjab,Vegetables,Onion,2026-03-10,1225.51,Metric Tonnes,1366.46,Rs./Quintal,3,69,1290.05,1044.27,1002.9928571428571
Punjab,Vegetables,Onion,2026-03-11,1127.71,Metric Tonnes,1440.83,Rs./Quintal,3,70,1225.51,1391.93,1028.8842857142859
Punjab,Vegetables,Onion,2026-03-12,1201.71,Metric Tonnes,1359.24,Rs./Quintal,3,71,1127.71,1136.08,991.1385714285715
Punjab,Vegetables,Onion,2026-03-13,1131.31,Metric Tonnes,1382.5,Rs./Quintal,3,72,1201.71,1242.17,1000.5142857142857
Punjab,Vegetables,Onion,2026-03-14,924.68,Metric Tonnes,1537.77,Rs./Quintal,3,73,1131.31,885.85,984.6771428571428
Punjab,Vegetables,Onion,2026-03-15,37.65,Metric Tonnes,1633.74,Rs./Quintal,3,74,924.68,30.6,990.2242857142857
Punjab,Vegetables,Onion,2026-03-16,1693.38,Metric Tonnes,1296.72,Rs./Quintal,3,75,37.65,1290.05,991.2314285714285
Punjab,Vegetables,Onion,2026-03-17,1675.89,Metric Tonnes,1332.71,Rs./Quintal,3,76,1693.38,1225.51,1048.85
Punjab,Vegetables,Onion,2026-03-18,1556.92,Metric Tonnes,1383.86,Rs./Quintal,3,77,1675.89,1127.71,1113.19
Punjab,Vegetables,Onion,2026-03-19,1386.25,Metric Tonnes,1314.48,Rs./Quintal,3,78,1556.92,1201.71,1174.5057142857145
Punjab,Vegetables,Onion,2026-03-20,1350.97,Metric Tonnes,1312.46,Rs./Quintal,3,79,1386.25,1131.31,1200.8685714285714
Punjab,Vegetables,Onion,2026-03-21,398.48,Metric Tonnes,1321.08,Rs./Quintal,3,80,1350.97,924.68,1232.2485714285715
Punjab,Vegetables,Onion,2026-03-22,36.82,Metric Tonnes,1581.07,Rs./Quintal,3,81,398.48,37.65,1157.077142857143
Punjab,Vegetables,Onion,2026-03-23,1219.88,Metric Tonnes,1330.22,Rs./Quintal,3,82,36.82,1693.38,1156.9585714285715
Punjab,Vegetables,Onion,2026-03-24,1297.37,Metric Tonnes,1305.01,Rs./Quintal,3,83,1219.88,1675.89,1089.3157142857144
Punjab,Vegetables,Onion,2026-03-25,1250.1,Metric Tonnes,1323.7,Rs./Quintal,3,84,1297.37,1556.92,1035.2414285714287
Punjab,Vegetables,Onion,2026-03-26,1042.07,Metric Tonnes,1369.53,Rs./Quintal,3,85,1250.1,1386.25,991.41
Punjab,Vegetables,Onion,2026-03-27,1154.41,Metric Tonnes,1350.98,Rs./Quintal,3,86,1042.07,1350.97,942.2414285714285
Punjab,Vegetables,Onion,2026-03-28,730.48,Metric Tonnes,1549.72,Rs./Quintal,3,87,1154.41,398.48,914.1614285714285
Punjab,Vegetables,Onion,2026-03-29,31.27,Metric Tonnes,1612.89,Rs./Quintal,3,88,730.48,36.82,961.59
Punjab,Vegetables,Onion,2026-03-30,1349.5,Metric Tonnes,1274.25,Rs./Quintal,3,89,31.27,1219.88,960.7971428571428
Punjab,Vegetables,Onion,2026-03-31,1350.62,Metric Tonnes,1310.71,Rs./Quintal,3,90,1349.5,1297.37,979.3142857142858
Punjab,Vegetables,Onion,2026-04-01,1135.65,Metric Tonnes,1336.8,Rs./Quintal,4,91,1350.62,1250.1,986.9214285714285
Punjab,Vegetables,Onion,2026-04-02,826.05,Metric Tonnes,1133.95,Rs./Quintal,4,92,1135.65,1042.07,970.5714285714286
Punjab,Vegetables,Onion,2026-04-03,481.3,Metric Tonnes,1262.4,Rs./Quintal,4,93,826.05,1154.41,939.7114285714287
Punjab,Vegetables,Onion,2026-04-04,1196.05,Metric Tonnes,1306.11,Rs./Quintal,4,94,481.3,730.48,843.5528571428571
Punjab,Vegetables,Onion,2026-04-05,36.28,Metric Tonnes,1567.03,Rs./Quintal,4,95,1196.05,31.27,910.0628571428571
Punjab,Vegetables,Onion,2026-04-06,1139.87,Metric Tonnes,1318.11,Rs./Quintal,4,96,36.28,1349.5,910.7785714285714
Punjab,Vegetables,Onion,2026-04-07,1319.45,Metric Tonnes,1286.78,Rs./Quintal,4,97,1139.87,1350.62,880.8314285714285
Punjab,Vegetables,Onion,2026-04-08,1061.24,Metric Tonnes,1357.55,Rs./Quintal,4,98,1319.45,1135.65,876.3785714285714
Punjab,Vegetables,Onion,2026-04-09,1182.89,Metric Tonnes,1344.23,Rs./Quintal,4,99,1061.24,826.05,865.7485714285714
Punjab,Vegetables,Onion,2026-04-10,1305.16,Metric Tonnes,1303.15,Rs./Quintal,4,100,1182.89,481.3,916.7257142857143
Punjab,Vegetables,Onion,2026-04-11,1014.46,Metric Tonnes,1328.35,Rs./Quintal,4,101,1305.16,1196.05,1034.4199999999998
Punjab,Vegetables,Onion,2026-04-12,33.2,Metric Tonnes,1611.63,Rs./Quintal,4,102,1014.46,36.28,1008.4785714285715
Punjab,Vegetables,Onion,2026-04-13,1339.09,Metric Tonnes,1274.44,Rs./Quintal,4,103,33.2,1139.87,1008.0385714285713
Punjab,Vegetables,Onion,2026-04-14,1548.27,Metric Tonnes,1322.79,Rs./Quintal,4,104,1339.09,1319.45,1036.4985714285715
Punjab,Vegetables,Onion,2026-04-15,1358.25,Metric Tonnes,1352.79,Rs./Quintal,4,105,1548.27,1061.24,1069.1871428571428
Punjab,Vegetables,Onion,2026-04-16,1626.53,Metric Tonnes,1311.71,Rs./Quintal,4,106,1358.25,1182.89,1111.6171428571429
Punjab,Vegetables,Onion,2026-04-17,896.03,Metric Tonnes,1226.0,Rs./Quintal,4,107,1626.53,1305.16,1174.9942857142855
Punjab,Vegetables,Onion,2026-04-18,1262.21,Metric Tonnes,1284.12,Rs./Quintal,4,108,896.03,1014.46,1116.547142857143
Punjab,Vegetables,Onion,2026-04-19,37.71,Metric Tonnes,1486.32,Rs./Quintal,4,109,1262.21,33.2,1151.94
Punjab,Vegetables,Onion,2026-04-20,1611.59,Metric Tonnes,1286.68,Rs./Quintal,4,110,37.71,1339.09,1152.5842857142857
Punjab,Vegetables,Onion,2026-04-21,1322.98,Metric Tonnes,1306.14,Rs./Quintal,4,111,1611.59,1548.27,1191.5128571428572
Punjab,Vegetables,Onion,2026-04-22,1370.51,Metric Tonnes,1318.08,Rs./Quintal,4,112,1322.98,1358.25,1159.3285714285714
Punjab,Vegetables,Onion,2026-04-23,1266.08,Metric Tonnes,1300.4,Rs./Quintal,4,113,1370.51,1626.53,1161.08
Punjab,Vegetables,Onion,2026-04-24,900.57,Metric Tonnes,1381.1,Rs./Quintal,4,114,1266.08,896.03,1109.587142857143
Punjab,Vegetables,Onion,2026-04-25,924.27,Metric Tonnes,1411.34,Rs./Quintal,4,115,900.57,1262.21,1110.2357142857143
Punjab,Vegetables,Onion,2026-04-26,33.08,Metric Tonnes,1543.21,Rs./Quintal,4,116,924.27,37.71,1061.9585714285715
Punjab,Vegetables,Onion,2026-04-27,1285.73,Metric Tonnes,1314.44,Rs./Quintal,4,117,33.08,1611.59,1061.297142857143
Punjab,Vegetables,Onion,2026-04-28,1311.97,Metric Tonnes,1308.41,Rs./Quintal,4,118,1285.73,1322.98,1014.7457142857141
Punjab,Vegetables,Onion,2026-04-29,1177.75,Metric Tonnes,1318.77,Rs./Quintal,4,119,1311.97,1370.51,1013.1728571428572
Punjab,Vegetables,Onion,2026-04-30,1113.65,Metric Tonnes,1296.24,Rs./Quintal,4,120,1177.75,1266.08,985.6357142857142
Punjab,Vegetables,Onion,2026-05-01,807.82,Metric Tonnes,1462.59,Rs./Quintal,5,121,1113.65,900.57,963.86
Punjab,Vegetables,Onion,2026-05-02,419.67,Metric Tonnes,1239.54,Rs./Quintal,5,122,807.82,924.27,950.61
Punjab,Vegetables,Onion,2026-05-03,46.56,Metric Tonnes,1378.63,Rs./Quintal,5,123,419.67,33.08,878.5242857142857
Punjab,Vegetables,Onion,2026-05-04,1243.33,Metric Tonnes,1290.0,Rs./Quintal,5,124,46.56,1285.73,880.45
Punjab,Vegetables,Onion,2026-05-05,793.62,Metric Tonnes,1208.62,Rs./Quintal,5,125,1243.33,1311.97,874.3928571428571
Punjab,Vegetables,Onion,2026-05-06,1328.27,Metric Tonnes,1408.82,Rs./Quintal,5,126,793.62,1177.75,800.3428571428573
Punjab,Vegetables,Onion,2026-05-07,2258.79,Metric Tonnes,1187.11,Rs./Quintal,5,127,1328.27,1113.65,821.8457142857143
Punjab,Vegetables,Onion,2026-05-08,1366.04,Metric Tonnes,1282.65,Rs./Quintal,5,128,2258.79,807.82,985.4371428571428
Punjab,Vegetables,Onion,2026-05-09,953.92,Metric Tonnes,1472.4,Rs./Quintal,5,129,1366.04,419.67,1065.182857142857
Punjab,Vegetables,Onion,2026-05-10,48.08,Metric Tonnes,1505.37,Rs./Quintal,5,130,953.92,46.56,1141.5042857142857
Punjab,Vegetables,Onion,2026-05-11,1639.25,Metric Tonnes,1332.72,Rs./Quintal,5,131,48.08,1243.33,1141.7214285714285
Punjab,Vegetables,Onion,2026-05-12,1628.2,Metric Tonnes,1355.53,Rs./Quintal,5,132,1639.25,793.62,1198.2814285714285
Punjab,Vegetables,Onion,2026-05-13,1301.45,Metric Tonnes,1435.09,Rs./Quintal,5,133,1628.2,1328.27,1317.5071428571428
Punjab,Vegetables,Onion,2026-05-14,1333.75,Metric Tonnes,1437.95,Rs./Quintal,5,134,1301.45,2258.79,1313.6757142857143
Punjab,Vegetables,Onion,2026-05-15,1311.84,Metric Tonnes,1330.36,Rs./Quintal,5,135,1333.75,1366.04,1181.527142857143
Punjab,Vegetables,Onion,2026-05-16,983.89,Metric Tonnes,1523.83,Rs./Quintal,5,136,1311.84,953.92,1173.7842857142857
Punjab,Vegetables,Onion,2026-05-17,21.9,Metric Tonnes,1388.58,Rs./Quintal,5,137,983.89,48.08,1178.0657142857142
Punjab,Vegetables,Onion,2026-05-18,926.22,Metric Tonnes,1213.12,Rs./Quintal,5,138,21.9,1639.25,1174.3257142857144
Punjab,Vegetables,Onion,2026-05-19,1239.29,Metric Tonnes,1294.3,Rs./Quintal,5,139,926.22,1628.2,1072.4642857142858
Punjab,Vegetables,Onion,2026-05-20,945.45,Metric Tonnes,1459.36,Rs./Quintal,5,140,1239.29,1301.45,1016.9057142857143
Punjab,Vegetables,Onion,2026-05-21,1010.95,Metric Tonnes,1419.48,Rs./Quintal,5,141,945.45,1333.75,966.0485714285713
Punjab,Vegetables,Onion,2026-05-22,890.48,Metric Tonnes,1282.6,Rs./Quintal,5,142,1010.95,1311.84,919.9342857142858
Punjab,Vegetables,Onion,2026-05-23,658.89,Metric Tonnes,1421.22,Rs./Quintal,5,143,890.48,983.89,859.74
Punjab,Vegetables,Onion,2026-05-24,29.38,Metric Tonnes,1564.58,Rs./Quintal,5,144,658.89,21.9,813.3114285714286
Punjab,Vegetables,Onion,2026-05-25,1018.39,Metric Tonnes,1306.59,Rs./Quintal,5,145,29.38,926.22,814.3800000000001
Punjab,Vegetables,Onion,2026-05-26,978.1,Metric Tonnes,1222.86,Rs./Quintal,5,146,1018.39,1239.29,827.5471428571428
Punjab,Vegetables,Onion,2026-05-27,1127.97,Metric Tonnes,1335.94,Rs./Quintal,5,147,978.1,945.45,790.2342857142858
Punjab,Vegetables,Onion,2026-05-28,948.13,Metric Tonnes,1349.47,Rs./Quintal,5,148,1127.97,1010.95,816.3085714285714
Punjab,Vegetables,Onion,2026-05-29,720.55,Metric Tonnes,1219.02,Rs./Quintal,5,149,948.13,890.48,807.3342857142856
Punjab,Vegetables,Onion,2026-05-30,732.85,Metric Tonnes,1398.37,Rs./Quintal,5,150,720.55,658.89,783.0585714285714
Punjab,Vegetables,Onion,2026-05-31,26.24,Metric Tonnes,1551.73,Rs./Quintal,5,151,732.85,29.38,793.6242857142857
Punjab,Vegetables,Onion,2026-06-01,1099.87,Metric Tonnes,1318.76,Rs./Quintal,6,152,26.24,1018.39,793.1757142857142
Punjab,Vegetables,Onion,2026-06-02,1302.9,Metric Tonnes,1353.53,Rs./Quintal,6,153,1099.87,978.1,804.8157142857143
Punjab,Vegetables,Onion,2026-06-03,1123.24,Metric Tonnes,1403.54,Rs./Quintal,6,154,1302.9,1127.97,851.2157142857143
Punjab,Vegetables,Onion,2026-06-04,767.75,Metric Tonnes,1371.87,Rs./Quintal,6,155,1123.24,948.13,850.5400000000001
Punjab,Vegetables,Onion,2026-06-05,1044.28,Metric Tonnes,1426.13,Rs./Quintal,6,156,767.75,720.55,824.7714285714286
Punjab,Vegetables,Onion,2026-06-06,3073.13,Metric Tonnes,1725.38,Rs./Quintal,6,157,1044.28,732.85,871.0185714285715
Punjab,Vegetables,Onion,2026-06-07,33.81,Metric Tonnes,1718.66,Rs./Quintal,6,158,3073.13,26.24,1205.3442857142857
Punjab,Vegetables,Onion,2026-06-08,1291.82,Metric Tonnes,1583.53,Rs./Quintal,6,159,33.81,1099.87,1206.4257142857143
Punjab,Vegetables,Onion,2026-06-09,1438.16,Metric Tonnes,1538.42,Rs./Quintal,6,160,1291.82,1302.9,1233.847142857143
Punjab,Vegetables,Onion,2026-06-10,1142.75,Metric Tonnes,1586.32,Rs./Quintal,6,161,1438.16,1123.24,1253.17
Punjab,Vegetables,Onion,2026-06-11,1307.89,Metric Tonnes,1576.74,Rs./Quintal,6,162,1142.75,767.75,1255.957142857143
Punjab,Vegetables,Onion,2026-06-12,974.44,Metric Tonnes,1618.86,Rs./Quintal,6,163,1307.89,1044.28,1333.1200000000001
Punjab,Vegetables,Onion,2026-06-13,1002.95,Metric Tonnes,1737.76,Rs./Quintal,6,164,974.44,3073.13,1323.1428571428573
Punjab,Vegetables,Onion,2026-06-14,26.25,Metric Tonnes,1658.25,Rs./Quintal,6,165,1002.95,33.81,1027.402857142857
Punjab,Vegetables,Onion,2026-06-15,997.13,Metric Tonnes,1609.24,Rs./Quintal,6,166,26.25,1291.82,1026.3228571428572
Punjab,Vegetables,Onion,2026-06-16,1304.74,Metric Tonnes,1573.79,Rs./Quintal,6,167,997.13,1438.16,984.2242857142857
Punjab,Vegetables,Onion,2026-06-17,1101.78,Metric Tonnes,1563.82,Rs./Quintal,6,168,1304.74,1142.75,965.1642857142857
Punjab,Vegetables,Onion,2026-06-18,884.9,Metric Tonnes,1733.03,Rs./Quintal,6,169,1101.78,1307.89,959.3114285714286
Punjab,Vegetables,Onion,2026-06-19,1084.91,Metric Tonnes,1632.14,Rs./Quintal,6,170,884.9,974.44,898.8842857142856
Punjab,Vegetables,Onion,2026-06-20,403.43,Metric Tonnes,1522.91,Rs./Quintal,6,171,1084.91,1002.95,914.6657142857142
Punjab,Vegetables,Onion,2026-06-21,30.99,Metric Tonnes,1876.97,Rs./Quintal,6,172,403.43,26.25,829.0199999999999
Punjab,Vegetables,Onion,2026-06-22,1223.27,Metric Tonnes,1658.3,Rs./Quintal,6,173,30.99,997.13,829.6971428571427
Punjab,Vegetables,Onion,2026-06-23,1012.48,Metric Tonnes,1612.35,Rs./Quintal,6,174,1223.27,1304.74,862.0028571428572
Punjab,Vegetables,Onion,2026-06-24,1070.12,Metric Tonnes,1793.57,Rs./Quintal,6,175,1012.48,1101.78,820.2514285714286
Punjab,Vegetables,Onion,2026-06-25,806.32,Metric Tonnes,1879.07,Rs./Quintal,6,176,1070.12,884.9,815.7285714285715
Punjab,Vegetables,Onion,2026-06-26,540.15,Metric Tonnes,1549.04,Rs./Quintal,6,177,806.32,1084.91,804.5028571428572
Punjab,Vegetables,Onion,2026-06-27,502.15,Metric Tonnes,1637.55,Rs./Quintal,6,178,540.15,403.43,726.6800000000001
Punjab,Vegetables,Onion,2026-06-28,27.91,Metric Tonnes,1874.56,Rs./Quintal,6,179,502.15,30.99,740.7828571428572
Punjab,Vegetables,Onion,2026-06-29,937.8,Metric Tonnes,1751.37,Rs./Quintal,6,180,27.91,1223.27,740.3428571428573
Punjab,Vegetables,Onion,2026-06-30,1159.13,Metric Tonnes,1880.42,Rs./Quintal,6,181,937.8,1012.48,699.5614285714286
Punjab,Vegetables,Onion,2026-07-01,988.27,Metric Tonnes,1981.87,Rs./Quintal,7,182,1159.13,1070.12,720.5114285714286
Punjab,Vegetables,Onion,2026-07-02,940.17,Metric Tonnes,1965.47,Rs./Quintal,7,183,988.27,806.32,708.8185714285713
Punjab,Vegetables,Onion,2026-07-03,869.76,Metric Tonnes,2063.22,Rs./Quintal,7,184,940.17,540.15,727.9399999999999
Punjab,Vegetables,Onion,2026-07-04,581.19,Metric Tonnes,1841.33,Rs./Quintal,7,185,869.76,502.15,775.0271428571428
Punjab,Vegetables,Onion,2026-07-05,39.56,Metric Tonnes,2080.21,Rs./Quintal,7,186,581.19,27.91,786.3185714285715
Punjab,Vegetables,Onion,2026-07-06,1129.17,Metric Tonnes,1988.67,Rs./Quintal,7,187,39.56,937.8,787.9828571428571
Punjab,Vegetables,Onion,2026-07-07,1095.91,Metric Tonnes,2029.7,Rs./Quintal,7,188,1129.17,1159.13,815.3214285714286
Punjab,Vegetables,Onion,2026-07-08,1211.36,Metric Tonnes,2045.98,Rs./Quintal,7,189,1095.91,988.27,806.2900000000001
Punjab,Vegetables,Onion,2026-07-09,945.2,Metric Tonnes,2179.57,Rs./Quintal,7,190,1211.36,940.17,838.16
Punjab,Vegetables,Onion,2026-07-10,1010.8,Metric Tonnes,2064.23,Rs./Quintal,7,191,945.2,869.76,838.8785714285715
Punjab,Vegetables,Onion,2026-07-11,750.35,Metric Tonnes,2215.41,Rs./Quintal,7,192,1010.8,581.19,859.027142857143
Punjab,Vegetables,Onion,2026-07-12,27.72,Metric Tonnes,2405.1,Rs./Quintal,7,193,750.35,39.56,883.1928571428571
Punjab,Vegetables,Onion,2026-07-13,1132.47,Metric Tonnes,2080.24,Rs./Quintal,7,194,27.72,1129.17,881.5014285714286
Punjab,Vegetables,Onion,2026-07-14,1353.46,Metric Tonnes,2065.87,Rs./Quintal,7,195,1132.47,1095.91,881.9728571428572
Punjab,Vegetables,Onion,2026-07-15,1070.13,Metric Tonnes,2121.06,Rs./Quintal,7,196,1353.46,1211.36,918.7657142857142
Punjab,Vegetables,Onion,2026-07-16,1035.46,Metric Tonnes,2170.35,Rs./Quintal,7,197,1070.13,945.2,898.59
Punjab,Vegetables,Onion,2026-07-17,748.74,Metric Tonnes,1954.79,Rs./Quintal,7,198,1035.46,1010.8,911.4842857142858
Punjab,Vegetables,Onion,2026-07-18,842.25,Metric Tonnes,2297.24,Rs./Quintal,7,199,748.74,750.35,874.0471428571428
Punjab,Vegetables,Onion,2026-07-19,30.2,Metric Tonnes,2167.68,Rs./Quintal,7,200,842.25,27.72,887.1757142857143
Punjab,Vegetables,Onion,2026-07-20,721.9,Metric Tonnes,1923.43,Rs./Quintal,7,201,30.2,1132.47,887.53
Punjab,Vegetables,Onion,2026-07-21,1274.38,Metric Tonnes,2127.6,Rs./Quintal,7,202,721.9,1353.46,828.8771428571429
Punjab,Vegetables,Onion,2026-07-22,1232.49,Metric Tonnes,2203.93,Rs./Quintal,7,203,1274.38,1070.13,817.5799999999999
Punjab,Vegetables,Onion,2026-07-23,1317.22,Metric Tonnes,2248.55,Rs./Quintal,7,204,1232.49,1035.46,840.7742857142857
Punjab,Vegetables,Onion,2026-07-24,918.83,Metric Tonnes,2374.72,Rs./Quintal,7,205,1317.22,748.74,881.0257142857143
Punjab,Vegetables,Onion,2026-07-25,634.19,Metric Tonnes,2312.66,Rs./Quintal,7,206,918.83,842.25,905.3242857142858
Punjab,Vegetables,Onion,2026-07-26,51.98,Metric Tonnes,2495.61,Rs./Quintal,7,207,634.19,30.2,875.6014285714285
Punjab,Vegetables,Onion,2026-07-27,1250.87,Metric Tonnes,2212.85,Rs./Quintal,7,208,51.98,721.9,878.7128571428573
Punjab,Vegetables,Onion,2026-07-28,1269.46,Metric Tonnes,2216.73,Rs./Quintal,7,209,1250.87,1274.38,954.2799999999999
Punjab,Vegetables,Onion,2026-07-29,1214.64,Metric Tonnes,2285.56,Rs./Quintal,7,210,1269.46,1232.49,953.577142857143
Punjab,Vegetables,Onion,2026-07-30,1122.35,Metric Tonnes,2198.35,Rs./Quintal,7,211,1214.64,1317.22,951.0271428571428
Punjab,Vegetables,Onion,2026-07-31,813.96,Metric Tonnes,2313.28,Rs./Quintal,7,212,1122.35,918.83,923.1885714285714
Punjab,Vegetables,Onion,2026-08-01,852.63,Metric Tonnes,2323.79,Rs./Quintal,8,213,813.96,634.19,908.2071428571428
Punjab,Vegetables,Onion,2026-08-02,96.29,Metric Tonnes,2289.8,Rs./Quintal,8,214,852.63,51.98,939.4128571428572
Punjab,Vegetables,Onion,2026-08-03,1302.52,Metric Tonnes,2119.61,Rs./Quintal,8,215,96.29,1250.87,945.7428571428571
Punjab,Vegetables,Onion,2026-08-04,1041.92,Metric Tonnes,2193.99,Rs./Quintal,8,216,1302.52,1269.46,953.1214285714285
Punjab,Vegetables,Onion,2026-08-05,1082.9,Metric Tonnes,2226.39,Rs./Quintal,8,217,1041.92,1214.64,920.6157142857143
Punjab,Vegetables,Onion,2026-08-06,1127.76,Metric Tonnes,2136.78,Rs./Quintal,8,218,1082.9,1122.35,901.7957142857143
Punjab,Vegetables,Onion,2026-08-07,1101.41,Metric Tonnes,2244.61,Rs./Quintal,8,219,1127.76,813.96,902.5685714285713
Punjab,Vegetables,Onion,2026-08-08,754.92,Metric Tonnes,2232.78,Rs./Quintal,8,220,1101.41,852.63,943.6328571428572
Punjab,Vegetables,Onion,2026-08-09,75.86,Metric Tonnes,2682.15,Rs./Quintal,8,221,754.92,96.29,929.6742857142857
Punjab,Vegetables,Onion,2026-08-10,1242.46,Metric Tonnes,2166.59,Rs./Quintal,8,222,75.86,1302.52,926.7557142857142
Punjab,Vegetables,Onion,2026-08-11,1239.61,Metric Tonnes,2179.6,Rs./Quintal,8,223,1242.46,1041.92,918.1757142857143
Punjab,Vegetables,Onion,2026-08-12,1694.52,Metric Tonnes,1863.06,Rs./Quintal,8,224,1239.61,1082.9,946.4171428571428
Punjab,Vegetables,Onion,2026-08-13,790.87,Metric Tonnes,2159.61,Rs./Quintal,8,225,1694.52,1127.76,1033.7914285714285
Punjab,Vegetables,Onion,2026-08-14,884.4,Metric Tonnes,2221.74,Rs./Quintal,8,226,790.87,1101.41,985.6642857142858
Punjab,Vegetables,Onion,2026-08-15,900.14,Metric Tonnes,2335.55,Rs./Quintal,8,227,884.4,754.92,954.6628571428571
Punjab,Vegetables,Onion,2026-08-16,89.99,Metric Tonnes,2640.94,Rs./Quintal,8,228,900.14,75.86,975.4085714285713
Punjab,Vegetables,Onion,2026-08-17,1210.91,Metric Tonnes,2408.11,Rs./Quintal,8,229,89.99,1242.46,977.4271428571428
Punjab,Vegetables,Onion,2026-08-18,1441.26,Metric Tonnes,2462.83,Rs./Quintal,8,230,1210.91,1239.61,972.92
Punjab,Vegetables,Onion,2026-08-19,894.09,Metric Tonnes,2812.57,Rs./Quintal,8,231,1441.26,1694.52,1001.7271428571429
Punjab,Vegetables,Onion,2026-08-20,900.49,Metric Tonnes,2750.02,Rs./Quintal,8,232,894.09,790.87,887.38
Punjab,Vegetables,Onion,2026-08-21,1115.26,Metric Tonnes,2732.52,Rs./Quintal,8,233,900.49,884.4,903.04
Punjab,Vegetables,Onion,2026-08-22,809.15,Metric Tonnes,2947.99,Rs./Quintal,8,234,1115.26,900.14,936.0200000000001
Punjab,Vegetables,Onion,2026-08-23,179.89,Metric Tonnes,2571.73,Rs./Quintal,8,235,809.15,89.99,923.0214285714285
Punjab,Vegetables,Onion,2026-08-24,1280.91,Metric Tonnes,3031.39,Rs./Quintal,8,236,179.89,1210.91,935.8642857142858
Punjab,Vegetables,Onion,2026-08-25,1276.52,Metric Tonnes,2996.65,Rs./Quintal,8,237,1280.91,1441.26,945.8642857142858
Punjab,Vegetables,Onion,2026-08-26,958.91,Metric Tonnes,3144.22,Rs./Quintal,8,238,1276.52,894.09,922.33
Punjab,Vegetables,Onion,2026-08-27,764.86,Metric Tonnes,3034.83,Rs./Quintal,8,239,958.91,900.49,931.59
Punjab,Vegetables,Onion,2026-08-28,795.54,Metric Tonnes,3155.21,Rs./Quintal,8,240,764.86,1115.26,912.2142857142857
Punjab,Vegetables,Onion,2026-08-29,945.55,Metric Tonnes,3081.86,Rs./Quintal,8,241,795.54,809.15,866.54
Punjab,Vegetables,Onion,2026-08-30,71.63,Metric Tonnes,3109.23,Rs./Quintal,8,242,945.55,179.89,886.0257142857143
Punjab,Vegetables,Onion,2026-08-31,1077.69,Metric Tonnes,3178.49,Rs./Quintal,8,243,71.63,1280.91,870.5600000000001
Punjab,Vegetables,Onion,2026-09-01,1039.31,Metric Tonnes,3661.41,Rs./Quintal,9,244,1077.69,1276.52,841.5285714285716
Punjab,Vegetables,Onion,2026-09-02,983.58,Metric Tonnes,3576.83,Rs./Quintal,9,245,1039.31,958.91,807.6414285714285
Punjab,Vegetables,Onion,2026-09-03,963.65,Metric Tonnes,3673.27,Rs./Quintal,9,246,983.58,764.86,811.1657142857142
Punjab,Vegetables,Onion,2026-09-04,794.44,Metric Tonnes,3773.88,Rs./Quintal,9,247,963.65,795.54,839.5642857142858
Punjab,Vegetables,Onion,2026-09-05,848.07,Metric Tonnes,3771.99,Rs./Quintal,9,248,794.44,945.55,839.407142857143
Punjab,Vegetables,Onion,2026-09-06,88.91,Metric Tonnes,3828.09,Rs./Quintal,9,249,848.07,71.63,825.4814285714285
Punjab,Vegetables,Onion,2026-09-07,1277.69,Metric Tonnes,3319.07,Rs./Quintal,9,250,88.91,1077.69,827.95
Punjab,Vegetables,Onion,2026-09-08,925.79,Metric Tonnes,3669.69,Rs./Quintal,9,251,1277.69,1039.31,856.5214285714286
Punjab,Vegetables,Onion,2026-09-09,1029.94,Metric Tonnes,3783.8,Rs./Quintal,9,252,925.79,983.58,840.3042857142857
Punjab,Vegetables,Onion,2026-09-10,1018.23,Metric Tonnes,3798.08,Rs./Quintal,9,253,1029.94,963.65,846.9271428571428
Punjab,Vegetables,Potato,2024-01-08,1512.43,Metric Tonnes,385.4,Rs./Quintal,1,8,114.55,1487.95,1232.4985714285715
Punjab,Vegetables,Potato,2024-01-09,1267.61,Metric Tonnes,389.64,Rs./Quintal,1,9,1512.43,1335.19,1235.9957142857143
Punjab,Vegetables,Potato,2024-01-10,1329.48,Metric Tonnes,376.97,Rs./Quintal,1,10,1267.61,1299.55,1226.3414285714284
Punjab,Vegetables,Potato,2024-01-11,1144.12,Metric Tonnes,388.31,Rs./Quintal,1,11,1329.48,1625.1,1230.6171428571429
Punjab,Vegetables,Potato,2024-01-12,1689.23,Metric Tonnes,402.86,Rs./Quintal,1,12,1144.12,1449.23,1161.905714285714
Punjab,Vegetables,Potato,2024-01-13,970.76,Metric Tonnes,385.73,Rs./Quintal,1,13,1689.23,1315.92,1196.1914285714286
Punjab,Vegetables,Potato,2024-01-14,79.3,Metric Tonnes,514.34,Rs./Quintal,1,14,970.76,114.55,1146.8828571428571
Punjab,Vegetables,Potato,2024-01-15,1263.54,Metric Tonnes,423.27,Rs./Quintal,1,15,79.3,1512.43,1141.8471428571427
Punjab,Vegetables,Potato,2024-01-16,1183.99,Metric Tonnes,408.0,Rs./Quintal,1,16,1263.54,1267.61,1106.2914285714285
Punjab,Vegetables,Potato,2024-01-17,950.07,Metric Tonnes,386.26,Rs./Quintal,1,17,1183.99,1329.48,1094.3457142857144
Punjab,Vegetables,Potato,2024-01-18,1617.77,Metric Tonnes,406.08,Rs./Quintal,1,18,950.07,1144.12,1040.1442857142858
Punjab,Vegetables,Potato,2024-01-19,1427.86,Metric Tonnes,413.49,Rs./Quintal,1,19,1617.77,1689.23,1107.8085714285714
Punjab,Vegetables,Potato,2024-01-20,1039.11,Metric Tonnes,391.9,Rs./Quintal,1,20,1427.86,970.76,1070.47
Punjab,Vegetables,Potato,2024-01-21,87.85,Metric Tonnes,491.52,Rs./Quintal,1,21,1039.11,79.3,1080.2342857142858
Punjab,Vegetables,Potato,2024-01-22,1311.92,Metric Tonnes,390.91,Rs./Quintal,1,22,87.85,1263.54,1081.4557142857143
Punjab,Vegetables,Potato,2024-01-23,1438.6,Metric Tonnes,448.33,Rs./Quintal,1,23,1311.92,1183.99,1088.3671428571429
Punjab,Vegetables,Potato,2024-01-24,1470.84,Metric Tonnes,404.53,Rs./Quintal,1,24,1438.6,950.07,1124.74
Punjab,Vegetables,Potato,2024-01-25,1398.4,Metric Tonnes,391.21,Rs./Quintal,1,25,1470.84,1617.77,1199.1357142857141
Punjab,Vegetables,Potato,2024-01-26,1204.53,Metric Tonnes,390.78,Rs./Quintal,1,26,1398.4,1427.86,1167.7971428571427
Punjab,Vegetables,Potato,2024-01-27,1215.75,Metric Tonnes,376.42,Rs./Quintal,1,27,1204.53,1039.11,1135.892857142857
Punjab,Vegetables,Potato,2024-01-28,66.4,Metric Tonnes,494.95,Rs./Quintal,1,28,1215.75,87.85,1161.1271428571429
Punjab,Vegetables,Potato,2024-01-29,1697.06,Metric Tonnes,423.17,Rs./Quintal,1,29,66.4,1311.92,1158.0628571428572
Punjab,Vegetables,Potato,2024-01-30,1483.78,Metric Tonnes,429.8,Rs./Quintal,1,30,1697.06,1438.6,1213.0828571428572
Punjab,Vegetables,Potato,2024-01-31,1237.94,Metric Tonnes,478.22,Rs./Quintal,1,31,1483.78,1470.84,1219.537142857143
Punjab,Vegetables,Potato,2024-02-01,1420.42,Metric Tonnes,443.05,Rs./Quintal,2,32,1237.94,1398.4,1186.2657142857145
Punjab,Vegetables,Potato,2024-02-02,1322.4,Metric Tonnes,416.67,Rs./Quintal,2,33,1420.42,1204.53,1189.4114285714288
Punjab,Vegetables,Potato,2024-02-03,1282.54,Metric Tonnes,400.04,Rs./Quintal,2,34,1322.4,1215.75,1206.25
Punjab,Vegetables,Potato,2024-02-04,83.6,Metric Tonnes,578.29,Rs./Quintal,2,35,1282.54,66.4,1215.7914285714285
Punjab,Vegetables,Potato,2024-02-05,1303.89,Metric Tonnes,433.32,Rs./Quintal,2,36,83.6,1697.06,1218.2485714285715
Punjab,Vegetables,Potato,2024-02-06,1318.42,Metric Tonnes,464.38,Rs./Quintal,2,37,1303.89,1483.78,1162.0814285714287
Punjab,Vegetables,Potato,2024-02-07,1353.19,Metric Tonnes,446.88,Rs./Quintal,2,38,1318.42,1237.94,1138.4585714285715
Punjab,Vegetables,Potato,2024-02-08,1504.39,Metric Tonnes,463.46,Rs./Quintal,2,39,1353.19,1420.42,1154.9228571428573
Punjab,Vegetables,Potato,2024-02-09,1546.55,Metric Tonnes,485.07,Rs./Quintal,2,40,1504.39,1322.4,1166.9185714285716
Punjab,Vegetables,Potato,2024-02-10,1439.95,Metric Tonnes,423.26,Rs./Quintal,2,41,1546.55,1282.54,1198.94
Punjab,Vegetables,Potato,2024-02-11,105.15,Metric Tonnes,511.7,Rs./Quintal,2,42,1439.95,83.6,1221.4271428571428
Punjab,Vegetables,Potato,2024-02-12,1856.93,Metric Tonnes,440.42,Rs./Quintal,2,43,105.15,1303.89,1224.5057142857142
Punjab,Vegetables,Potato,2024-02-13,1597.23,Metric Tonnes,472.31,Rs./Quintal,2,44,1856.93,1318.42,1303.5114285714285
Punjab,Vegetables,Potato,2024-02-14,1438.77,Metric Tonnes,446.84,Rs./Quintal,2,45,1597.23,1353.19,1343.3414285714284
Punjab,Vegetables,Potato,2024-02-15,1307.1,Metric Tonnes,441.27,Rs./Quintal,2,46,1438.77,1504.39,1355.5671428571427
Punjab,Vegetables,Potato,2024-02-16,928.06,Metric Tonnes,450.49,Rs./Quintal,2,47,1307.1,1546.55,1327.3828571428571
Punjab,Vegetables,Potato,2024-02-17,1356.18,Metric Tonnes,465.17,Rs./Quintal,2,48,928.06,1439.95,1239.027142857143
Punjab,Vegetables,Potato,2024-02-18,64.4,Metric Tonnes,604.81,Rs./Quintal,2,49,1356.18,105.15,1227.06
Punjab,Vegetables,Potato,2024-02-19,1843.88,Metric Tonnes,475.33,Rs./Quintal,2,50,64.4,1856.93,1221.2385714285715
Punjab,Vegetables,Potato,2024-02-20,1181.36,Metric Tonnes,441.9,Rs./Quintal,2,51,1843.88,1597.23,1219.3742857142859
Punjab,Vegetables,Potato,2024-02-21,1201.2,Metric Tonnes,442.95,Rs./Quintal,2,52,1181.36,1438.77,1159.9642857142858
Punjab,Vegetables,Potato,2024-02-22,1170.34,Metric Tonnes,492.33,Rs./Quintal,2,53,1201.2,1307.1,1126.0257142857142
Punjab,Vegetables,Potato,2024-02-23,1204.6,Metric Tonnes,448.82,Rs./Quintal,2,54,1170.34,928.06,1106.4885714285715
Punjab,Vegetables,Potato,2024-02-24,1031.87,Metric Tonnes,452.44,Rs./Quintal,2,55,1204.6,1356.18,1145.9942857142858
Punjab,Vegetables,Potato,2024-02-25,54.3,Metric Tonnes,659.67,Rs./Quintal,2,56,1031.87,64.4,1099.6642857142856
Punjab,Vegetables,Potato,2024-02-26,1806.74,Metric Tonnes,499.73,Rs./Quintal,2,57,54.3,1843.88,1098.2214285714285
Punjab,Vegetables,Potato,2024-02-27,1663.64,Metric Tonnes,517.02,Rs./Quintal,2,58,1806.74,1181.36,1092.9157142857143
Punjab,Vegetables,Potato,2024-02-28,1671.89,Metric Tonnes,545.17,Rs./Quintal,2,59,1663.64,1201.2,1161.8128571428572
Punjab,Vegetables,Potato,2024-02-29,1603.49,Metric Tonnes,556.49,Rs./Quintal,2,60,1671.89,1170.34,1229.054285714286
Punjab,Vegetables,Potato,2024-03-01,1561.64,Metric Tonnes,544.23,Rs./Quintal,3,61,1603.49,1204.6,1290.9328571428573
Punjab,Vegetables,Potato,2024-03-02,874.47,Metric Tonnes,512.66,Rs./Quintal,3,62,1561.64,1031.87,1341.9385714285713
Punjab,Vegetables,Potato,2024-03-03,68.65,Metric Tonnes,731.97,Rs./Quintal,3,63,874.47,54.3,1319.452857142857
Punjab,Vegetables,Potato,2024-03-04,1271.0,Metric Tonnes,508.64,Rs./Quintal,3,64,68.65,1806.74,1321.5028571428572
Punjab,Vegetables,Potato,2024-03-05,1525.62,Metric Tonnes,591.49,Rs./Quintal,3,65,1271.0,1663.64,1244.9685714285715
Punjab,Vegetables,Potato,2024-03-06,1338.81,Metric Tonnes,564.29,Rs./Quintal,3,66,1525.62,1671.89,1225.2514285714285
Punjab,Vegetables,Potato,2024-03-07,937.11,Metric Tonnes,641.19,Rs./Quintal,3,67,1338.81,1603.49,1177.6685714285716
Punjab,Vegetables,Potato,2024-03-08,1363.0,Metric Tonnes,550.12,Rs./Quintal,3,68,937.11,1561.64,1082.4714285714285
Punjab,Vegetables,Potato,2024-03-09,1155.2,Metric Tonnes,584.72,Rs./Quintal,3,69,1363.0,874.47,1054.0942857142857
Punjab,Vegetables,Potato,2024-03-10,75.5,Metric Tonnes,788.48,Rs./Quintal,3,70,1155.2,68.65,1094.1985714285713
Punjab,Vegetables,Potato,2024-03-11,1431.12,Metric Tonnes,566.57,Rs./Quintal,3,71,75.5,1271.0,1095.1771428571428
Punjab,Vegetables,Potato,2024-03-12,1455.84,Metric Tonnes,654.71,Rs./Quintal,3,72,1431.12,1525.62,1118.0514285714285
Punjab,Vegetables,Potato,2024-03-13,1033.63,Metric Tonnes,605.35,Rs./Quintal,3,73,1455.84,1338.81,1108.0828571428572
Punjab,Vegetables,Potato,2024-03-14,1372.16,Metric Tonnes,627.71,Rs./Quintal,3,74,1033.63,937.11,1064.4857142857143
Punjab,Vegetables,Potato,2024-03-15,766.6,Metric Tonnes,588.02,Rs./Quintal,3,75,1372.16,1363.0,1126.6357142857144
Punjab,Vegetables,Potato,2024-03-16,1034.49,Metric Tonnes,567.17,Rs./Quintal,3,76,766.6,1155.2,1041.4357142857143
Punjab,Vegetables,Potato,2024-03-17,65.29,Metric Tonnes,861.13,Rs./Quintal,3,77,1034.49,75.5,1024.1914285714286
Punjab,Vegetables,Potato,2024-03-18,1479.75,Metric Tonnes,633.34,Rs./Quintal,3,78,65.29,1431.12,1022.7328571428571
Punjab,Vegetables,Potato,2024-03-19,1570.12,Metric Tonnes,595.36,Rs./Quintal,3,79,1479.75,1455.84,1029.68
Punjab,Vegetables,Potato,2024-03-20,1498.74,Metric Tonnes,634.94,Rs./Quintal,3,80,1570.12,1033.63,1046.0057142857142
Punjab,Vegetables,Potato,2024-03-21,1197.75,Metric Tonnes,597.8,Rs./Quintal,3,81,1498.74,1372.16,1112.45
Punjab,Vegetables,Potato,2024-03-22,1009.18,Metric Tonnes,608.82,Rs./Quintal,3,82,1197.75,766.6,1087.5342857142857
Punjab,Vegetables,Potato,2024-03-23,837.28,Metric Tonnes,566.71,Rs./Quintal,3,83,1009.18,1034.49,1122.1885714285713
Punjab,Vegetables,Potato,2024-03-24,49.23,Metric Tonnes,940.28,Rs./Quintal,3,84,837.28,65.29,1094.0157142857142
Punjab,Vegetables,Potato,2024-03-25,1011.47,Metric Tonnes,677.58,Rs./Quintal,3,85,49.23,1479.75,1091.7214285714285
Punjab,Vegetables,Potato,2024-03-26,870.31,Metric Tonnes,687.96,Rs./Quintal,3,86,1011.47,1570.12,1024.8242857142857
Punjab,Vegetables,Potato,2024-03-27,895.0,Metric Tonnes,697.82,Rs./Quintal,3,87,870.31,1498.74,924.8514285714285
Punjab,Vegetables,Potato,2024-03-28,1271.36,Metric Tonnes,689.91,Rs./Quintal,3,88,895.0,1197.75,838.6028571428571
Punjab,Vegetables,Potato,2024-03-29,1037.93,Metric Tonnes,625.49,Rs./Quintal,3,89,1271.36,1009.18,849.1185714285714
Punjab,Vegetables,Potato,2024-03-30,814.6,Metric Tonnes,597.95,Rs./Quintal,3,90,1037.93,837.28,853.2257142857143
Punjab,Vegetables,Potato,2024-03-31,92.44,Metric Tonnes,872.13,Rs./Quintal,3,91,814.6,49.23,849.9857142857143
Punjab,Vegetables,Potato,2024-04-01,1109.91,Metric Tonnes,579.14,Rs./Quintal,4,92,92.44,1011.47,856.1585714285713
Punjab,Vegetables,Potato,2024-04-02,1223.37,Metric Tonnes,604.26,Rs./Quintal,4,93,1109.91,870.31,870.2214285714286
Punjab,Vegetables,Potato,2024-04-03,867.99,Metric Tonnes,630.75,Rs./Quintal,4,94,1223.37,895.0,920.6585714285713
Punjab,Vegetables,Potato,2024-04-04,1382.84,Metric Tonnes,655.36,Rs./Quintal,4,95,867.99,1271.36,916.8
Punjab,Vegetables,Potato,2024-04-05,1280.97,Metric Tonnes,718.91,Rs./Quintal,4,96,1382.84,1037.93,932.7257142857143
Punjab,Vegetables,Potato,2024-04-06,916.26,Metric Tonnes,657.53,Rs./Quintal,4,97,1280.97,814.6,967.4457142857143
Punjab,Vegetables,Potato,2024-04-07,83.9,Metric Tonnes,974.21,Rs./Quintal,4,98,916.26,92.44,981.9685714285715
Punjab,Vegetables,Potato,2024-04-08,1226.47,Metric Tonnes,565.51,Rs./Quintal,4,99,83.9,1109.91,980.7485714285714
Punjab,Vegetables,Potato,2024-04-09,1320.19,Metric Tonnes,699.44,Rs./Quintal,4,100,1226.47,1223.37,997.4
Punjab,Vegetables,Potato,2024-04-10,1154.66,Metric Tonnes,735.68,Rs./Quintal,4,101,1320.19,867.99,1011.2314285714285
Punjab,Vegetables,Potato,2024-04-11,721.23,Metric Tonnes,739.39,Rs./Quintal,4,102,1154.66,1382.84,1052.1842857142858
Punjab,Vegetables,Potato,2024-04-12,962.99,Metric Tonnes,734.84,Rs./Quintal,4,103,721.23,1280.97,957.6685714285715
Punjab,Vegetables,Potato,2024-04-13,858.42,Metric Tonnes,686.92,Rs./Quintal,4,104,962.99,916.26,912.2428571428571
Punjab,Vegetables,Potato,2024-04-14,79.5,Metric Tonnes,998.26,Rs./Quintal,4,105,858.42,83.9,903.9800000000001
Punjab,Vegetables,Potato,2024-04-15,1077.54,Metric Tonnes,757.77,Rs./Quintal,4,106,79.5,1226.47,903.3514285714285
Punjab,Vegetables,Potato,2024-04-16,1308.52,Metric Tonnes,846.66,Rs./Quintal,4,107,1077.54,1320.19,882.0757142857143
Punjab,Vegetables,Potato,2024-04-17,780.04,Metric Tonnes,923.15,Rs./Quintal,4,108,1308.52,1154.66,880.4085714285715
Punjab,Vegetables,Potato,2024-04-18,1094.53,Metric Tonnes,908.06,Rs./Quintal,4,109,780.04,721.23,826.8914285714285
Punjab,Vegetables,Potato,2024-04-19,590.9,Metric Tonnes,814.8,Rs./Quintal,4,110,1094.53,962.99,880.22
Punjab,Vegetables,Potato,2024-04-20,733.43,Metric Tonnes,838.4,Rs./Quintal,4,111,590.9,858.42,827.0642857142857
Punjab,Vegetables,Potato,2024-04-21,107.22,Metric Tonnes,1023.08,Rs./Quintal,4,112,733.43,79.5,809.2085714285714
Punjab,Vegetables,Potato,2024-04-22,1126.74,Metric Tonnes,832.37,Rs./Quintal,4,113,107.22,1077.54,813.1685714285713
Punjab,Vegetables,Potato,2024-04-23,1047.86,Metric Tonnes,1002.0,Rs./Quintal,4,114,1126.74,1308.52,820.1971428571429
Punjab,Vegetables,Potato,2024-04-24,1011.53,Metric Tonnes,956.56,Rs./Quintal,4,115,1047.86,780.04,782.96
Punjab,Vegetables,Potato,2024-04-25,1056.45,Metric Tonnes,1010.28,Rs./Quintal,4,116,1011.53,1094.53,816.03
Punjab,Vegetables,Potato,2024-04-26,959.7,Metric Tonnes,1042.42,Rs./Quintal,4,117,1056.45,590.9,810.5899999999999
Punjab,Vegetables,Potato,2024-04-27,979.82,Metric Tonnes,1002.11,Rs./Quintal,4,118,959.7,733.43,863.2757142857143
Punjab,Vegetables,Potato,2024-04-28,70.83,Metric Tonnes,1214.3,Rs./Quintal,4,119,979.82,107.22,898.4742857142857
Punjab,Vegetables,Potato,2024-04-29,1034.95,Metric Tonnes,979.08,Rs./Quintal,4,120,70.83,1126.74,893.2757142857143
Punjab,Vegetables,Potato,2024-04-30,884.19,Metric Tonnes,1058.74,Rs./Quintal,4,121,1034.95,1047.86,880.1628571428571
Punjab,Vegetables,Potato,2024-05-01,805.44,Metric Tonnes,968.24,Rs./Quintal,5,122,884.19,1011.53,856.7814285714286
Punjab,Vegetables,Potato,2024-05-02,808.59,Metric Tonnes,984.24,Rs./Quintal,5,123,805.44,1056.45,827.3400000000001
Punjab,Vegetables,Potato,2024-05-03,784.66,Metric Tonnes,999.26,Rs./Quintal,5,124,808.59,959.7,791.9314285714285
Punjab,Vegetables,Potato,2024-05-04,682.43,Metric Tonnes,1012.72,Rs./Quintal,5,125,784.66,979.82,766.9257142857142
Punjab,Vegetables,Potato,2024-05-05,106.1,Metric Tonnes,1322.24,Rs./Quintal,5,126,682.43,70.83,724.4414285714286
Punjab,Vegetables,Potato,2024-05-06,830.64,Metric Tonnes,885.65,Rs./Quintal,5,127,106.1,1034.95,729.4800000000001
Punjab,Vegetables,Potato,2024-05-07,793.4,Metric Tonnes,1000.47,Rs./Quintal,5,128,830.64,884.19,700.2928571428572
Punjab,Vegetables,Potato,2024-05-08,774.25,Metric Tonnes,1040.29,Rs./Quintal,5,129,793.4,805.44,687.3228571428572
Punjab,Vegetables,Potato,2024-05-09,671.91,Metric Tonnes,1039.91,Rs./Quintal,5,130,774.25,808.59,682.8671428571428
Punjab,Vegetables,Potato,2024-05-10,620.39,Metric Tonnes,1054.84,Rs./Quintal,5,131,671.91,784.66,663.3414285714285
Punjab,Vegetables,Potato,2024-05-11,632.43,Metric Tonnes,1073.59,Rs./Quintal,5,132,620.39,682.43,639.8742857142857
Punjab,Vegetables,Potato,2024-05-12,60.45,Metric Tonnes,1257.73,Rs./Quintal,5,133,632.43,106.1,632.7314285714285
Punjab,Vegetables,Potato,2024-05-13,784.25,Metric Tonnes,1061.61,Rs./Quintal,5,134,60.45,830.64,626.2099999999999
Punjab,Vegetables,Potato,2024-05-14,736.16,Metric Tonnes,1058.96,Rs./Quintal,5,135,784.25,793.4,619.5828571428572
Punjab,Vegetables,Potato,2024-05-15,815.28,Metric Tonnes,1158.39,Rs./Quintal,5,136,736.16,774.25,611.4057142857143
Punjab,Vegetables,Potato,2024-05-16,840.98,Metric Tonnes,1127.32,Rs./Quintal,5,137,815.28,671.91,617.2671428571429
Punjab,Vegetables,Potato,2024-05-17,868.68,Metric Tonnes,1088.92,Rs./Quintal,5,138,840.98,620.39,641.42
Punjab,Vegetables,Potato,2024-05-18,811.12,Metric Tonnes,1081.1,Rs./Quintal,5,139,868.68,632.43,676.89
Punjab,Vegetables,Potato,2024-05-19,79.15,Metric Tonnes,1478.71,Rs./Quintal,5,140,811.12,60.45,702.4171428571428
Punjab,Vegetables,Potato,2024-05-20,805.21,Metric Tonnes,1090.23,Rs./Quintal,5,141,79.15,784.25,705.0885714285714
Punjab,Vegetables,Potato,2024-05-21,571.27,Metric Tonnes,1039.02,Rs./Quintal,5,142,805.21,736.16,708.0828571428572
Punjab,Vegetables,Potato,2024-05-22,657.19,Metric Tonnes,1137.25,Rs./Quintal,5,143,571.27,815.28,684.5271428571428
Punjab,Vegetables,Potato,2024-05-23,624.68,Metric Tonnes,978.75,Rs./Quintal,5,144,657.19,840.98,661.9428571428572
Punjab,Vegetables,Potato,2024-05-24,774.9,Metric Tonnes,1116.92,Rs./Quintal,5,145,624.68,868.68,631.0428571428571
Punjab,Vegetables,Potato,2024-05-25,580.69,Metric Tonnes,998.15,Rs./Quintal,5,146,774.9,811.12,617.6457142857142
Punjab,Vegetables,Potato,2024-05-26,53.6,Metric Tonnes,1414.69,Rs./Quintal,5,147,580.69,79.15,584.7271428571429
Punjab,Vegetables,Potato,2024-05-27,686.68,Metric Tonnes,1022.11,Rs./Quintal,5,148,53.6,805.21,581.0771428571428
Punjab,Vegetables,Potato,2024-05-28,678.32,Metric Tonnes,1133.39,Rs./Quintal,5,149,686.68,571.27,564.1442857142857
Punjab,Vegetables,Potato,2024-05-29,775.78,Metric Tonnes,1090.42,Rs./Quintal,5,150,678.32,657.19,579.4371428571428
Punjab,Vegetables,Potato,2024-05-30,723.11,Metric Tonnes,1134.04,Rs./Quintal,5,151,775.78,624.68,596.3785714285714
Punjab,Vegetables,Potato,2024-05-31,804.04,Metric Tonnes,1112.99,Rs./Quintal,5,152,723.11,774.9,610.4399999999999
Punjab,Vegetables,Potato,2024-06-01,592.77,Metric Tonnes,1111.51,Rs./Quintal,6,153,804.04,580.69,614.6028571428571
Punjab,Vegetables,Potato,2024-06-02,80.5,Metric Tonnes,1241.61,Rs./Quintal,6,154,592.77,53.6,616.3285714285714
Punjab,Vegetables,Potato,2024-06-03,681.93,Metric Tonnes,1092.34,Rs./Quintal,6,155,80.5,686.68,620.1714285714287
Punjab,Vegetables,Potato,2024-06-04,668.48,Metric Tonnes,1054.08,Rs./Quintal,6,156,681.93,678.32,619.4928571428571
Punjab,Vegetables,Potato,2024-06-05,636.02,Metric Tonnes,945.47,Rs./Quintal,6,157,668.48,775.78,618.0871428571428
Punjab,Vegetables,Potato,2024-06-06,717.73,Metric Tonnes,1018.95,Rs./Quintal,6,158,636.02,723.11,598.1214285714286
Punjab,Vegetables,Potato,2024-06-07,716.97,Metric Tonnes,1093.05,Rs./Quintal,6,159,717.73,804.04,597.3528571428571
Punjab,Vegetables,Potato,2024-06-08,550.36,Metric Tonnes,1056.9,Rs./Quintal,6,160,716.97,592.77,584.9142857142857
Punjab,Vegetables,Potato,2024-06-09,56.75,Metric Tonnes,1326.17,Rs./Quintal,6,161,550.36,80.5,578.8557142857143
Punjab,Vegetables,Potato,2024-06-10,812.88,Metric Tonnes,1056.93,Rs./Quintal,6,162,56.75,681.93,575.4628571428572
Punjab,Vegetables,Potato,2024-06-11,802.05,Metric Tonnes,1132.1,Rs./Quintal,6,163,812.88,668.48,594.1700000000001
Punjab,Vegetables,Potato,2024-06-12,756.03,Metric Tonnes,1148.89,Rs./Quintal,6,164,802.05,636.02,613.2514285714286
Punjab,Vegetables,Potato,2024-06-13,733.36,Metric Tonnes,1103.58,Rs./Quintal,6,165,756.03,717.73,630.3957142857143
Punjab,Vegetables,Potato,2024-06-14,594.25,Metric Tonnes,1032.43,Rs./Quintal,6,166,733.36,716.97,632.6285714285714
Punjab,Vegetables,Potato,2024-06-15,538.35,Metric Tonnes,1029.01,Rs./Quintal,6,167,594.25,550.36,615.0971428571429
Punjab,Vegetables,Potato,2024-06-16,51.35,Metric Tonnes,1563.12,Rs./Quintal,6,168,538.35,56.75,613.3814285714286
Punjab,Vegetables,Potato,2024-06-17,734.12,Metric Tonnes,1002.24,Rs./Quintal,6,169,51.35,812.88,612.6099999999999
Punjab,Vegetables,Potato,2024-06-18,616.41,Metric Tonnes,1061.96,Rs./Quintal,6,170,734.12,802.05,601.3585714285715
Punjab,Vegetables,Potato,2024-06-19,666.95,Metric Tonnes,1114.49,Rs./Quintal,6,171,616.41,756.03,574.8385714285714
Punjab,Vegetables,Potato,2024-06-20,819.93,Metric Tonnes,1217.17,Rs./Quintal,6,172,666.95,733.36,562.1128571428573
Punjab,Vegetables,Potato,2024-06-21,758.58,Metric Tonnes,1233.8,Rs./Quintal,6,173,819.93,594.25,574.48
Punjab,Vegetables,Potato,2024-06-22,785.16,Metric Tonnes,1184.1,Rs./Quintal,6,174,758.58,538.35,597.9557142857144
Punjab,Vegetables,Potato,2024-06-23,98.78,Metric Tonnes,1423.47,Rs./Quintal,6,175,785.16,51.35,633.2142857142857
Punjab,Vegetables,Potato,2024-06-24,866.19,Metric Tonnes,1179.53,Rs./Quintal,6,176,98.78,734.12,639.99
Punjab,Vegetables,Potato,2024-06-25,873.3,Metric Tonnes,1287.53,Rs./Quintal,6,177,866.19,616.41,658.8571428571429
Punjab,Vegetables,Potato,2024-06-26,857.71,Metric Tonnes,1140.97,Rs./Quintal,6,178,873.3,666.95,695.5557142857143
Punjab,Vegetables,Potato,2024-06-27,628.81,Metric Tonnes,1086.62,Rs./Quintal,6,179,857.71,819.93,722.8071428571429
Punjab,Vegetables,Potato,2024-06-28,890.27,Metric Tonnes,1232.7,Rs./Quintal,6,180,628.81,758.58,695.5042857142856
Punjab,Vegetables,Potato,2024-06-29,825.31,Metric Tonnes,1158.69,Rs./Quintal,6,181,890.27,785.16,714.3171428571429
Punjab,Vegetables,Potato,2024-06-30,70.91,Metric Tonnes,1478.92,Rs./Quintal,6,182,825.31,98.78,720.0528571428571
Punjab,Vegetables,Potato,2024-07-01,878.83,Metric Tonnes,1161.83,Rs./Quintal,7,183,70.91,866.19,716.0714285714284
Punjab,Vegetables,Potato,2024-07-02,662.02,Metric Tonnes,1208.73,Rs./Quintal,7,184,878.83,873.3,717.8771428571428
Punjab,Vegetables,Potato,2024-07-03,662.63,Metric Tonnes,1188.92,Rs./Quintal,7,185,662.02,857.71,687.6942857142857
Punjab,Vegetables,Potato,2024-07-04,664.42,Metric Tonnes,1125.79,Rs./Quintal,7,186,662.63,628.81,659.8257142857143
Punjab,Vegetables,Potato,2024-07-05,635.24,Metric Tonnes,1192.61,Rs./Quintal,7,187,664.42,890.27,664.9128571428572
Punjab,Vegetables,Potato,2024-07-06,668.08,Metric Tonnes,1228.48,Rs./Quintal,7,188,635.24,825.31,628.4799999999999
Punjab,Vegetables,Potato,2024-07-07,72.35,Metric Tonnes,1563.93,Rs./Quintal,7,189,668.08,70.91,606.0185714285715
Punjab,Vegetables,Potato,2024-07-08,866.63,Metric Tonnes,1137.73,Rs./Quintal,7,190,72.35,878.83,606.2242857142858
Punjab,Vegetables,Potato,2024-07-09,841.95,Metric Tonnes,1268.63,Rs./Quintal,7,191,866.63,662.02,604.4814285714285
Punjab,Vegetables,Potato,2024-07-10,795.08,Metric Tonnes,1278.33,Rs./Quintal,7,192,841.95,662.63,630.1857142857143
Punjab,Vegetables,Potato,2024-07-11,793.27,Metric Tonnes,1274.04,Rs./Quintal,7,193,795.08,664.42,649.1071428571429
Punjab,Vegetables,Potato,2024-07-12,647.66,Metric Tonnes,1178.16,Rs./Quintal,7,194,793.27,635.24,667.5142857142857
Punjab,Vegetables,Potato,2024-07-13,574.86,Metric Tonnes,1192.97,Rs./Quintal,7,195,647.66,668.08,669.2885714285715
Punjab,Vegetables,Potato,2024-07-14,43.45,Metric Tonnes,1889.48,Rs./Quintal,7,196,574.86,72.35,655.9714285714286
Punjab,Vegetables,Potato,2024-07-15,872.64,Metric Tonnes,1110.6,Rs./Quintal,7,197,43.45,866.63,651.842857142857
Punjab,Vegetables,Potato,2024-07-16,943.96,Metric Tonnes,1298.33,Rs./Quintal,7,198,872.64,841.95,652.7014285714286
Punjab,Vegetables,Potato,2024-07-17,823.36,Metric Tonnes,1250.94,Rs./Quintal,7,199,943.96,795.08,667.2742857142857
Punjab,Vegetables,Potato,2024-07-18,940.94,Metric Tonnes,1378.05,Rs./Quintal,7,200,823.36,793.27,671.3142857142857
Punjab,Vegetables,Potato,2024-07-19,914.02,Metric Tonnes,1408.33,Rs./Quintal,7,201,940.94,647.66,692.41
Punjab,Vegetables,Potato,2024-07-20,737.83,Metric Tonnes,1349.24,Rs./Quintal,7,202,914.02,574.86,730.4614285714287
Punjab,Vegetables,Potato,2024-07-21,60.6,Metric Tonnes,1535.66,Rs./Quintal,7,203,737.83,43.45,753.7428571428572
Punjab,Vegetables,Potato,2024-07-22,785.67,Metric Tonnes,1115.64,Rs./Quintal,7,204,60.6,872.64,756.1928571428571
Punjab,Vegetables,Potato,2024-07-23,714.79,Metric Tonnes,1231.16,Rs./Quintal,7,205,785.67,943.96,743.7685714285715
Punjab,Vegetables,Potato,2024-07-24,642.96,Metric Tonnes,1247.07,Rs./Quintal,7,206,714.79,823.36,711.03
Punjab,Vegetables,Potato,2024-07-25,935.65,Metric Tonnes,1321.67,Rs./Quintal,7,207,642.96,940.94,685.2585714285714
Punjab,Vegetables,Potato,2024-07-26,897.9,Metric Tonnes,1320.58,Rs./Quintal,7,208,935.65,914.02,684.5028571428572
Punjab,Vegetables,Potato,2024-07-27,903.15,Metric Tonnes,1306.1,Rs./Quintal,7,209,897.9,737.83,682.1999999999999
Punjab,Vegetables,Potato,2024-07-28,52.5,Metric Tonnes,1707.2,Rs./Quintal,7,210,903.15,60.6,705.8171428571428
Punjab,Vegetables,Potato,2024-07-29,991.24,Metric Tonnes,1224.05,Rs./Quintal,7,211,52.5,785.67,704.6600000000001
Punjab,Vegetables,Potato,2024-07-30,860.96,Metric Tonnes,1287.07,Rs./Quintal,7,212,991.24,714.79,734.027142857143
Punjab,Vegetables,Potato,2024-07-31,800.09,Metric Tonnes,1266.62,Rs./Quintal,7,213,860.96,642.96,754.9085714285715
Punjab,Vegetables,Potato,2024-08-01,692.56,Metric Tonnes,1351.93,Rs./Quintal,8,214,800.09,935.65,777.3557142857144
Punjab,Vegetables,Potato,2024-08-02,573.99,Metric Tonnes,1294.73,Rs./Quintal,8,215,692.56,897.9,742.6285714285714
Punjab,Vegetables,Potato,2024-08-03,572.5,Metric Tonnes,1159.26,Rs./Quintal,8,216,573.99,903.15,696.3557142857143
Punjab,Vegetables,Potato,2024-08-04,74.25,Metric Tonnes,1811.92,Rs./Quintal,8,217,572.5,52.5,649.12
Punjab,Vegetables,Potato,2024-08-05,839.93,Metric Tonnes,1190.82,Rs./Quintal,8,218,74.25,991.24,652.2271428571429
Punjab,Vegetables,Potato,2024-08-06,842.71,Metric Tonnes,1347.32,Rs./Quintal,8,219,839.93,860.96,630.6114285714286
Punjab,Vegetables,Potato,2024-08-07,755.91,Metric Tonnes,1213.35,Rs./Quintal,8,220,842.71,800.09,628.0042857142859
Punjab,Vegetables,Potato,2024-08-08,775.77,Metric Tonnes,1275.66,Rs./Quintal,8,221,755.91,692.56,621.6928571428572
Punjab,Vegetables,Potato,2024-08-09,739.35,Metric Tonnes,1361.33,Rs./Quintal,8,222,775.77,573.99,633.58
Punjab,Vegetables,Potato,2024-08-10,595.21,Metric Tonnes,1352.82,Rs./Quintal,8,223,739.35,572.5,657.2028571428572
Punjab,Vegetables,Potato,2024-08-11,47.9,Metric Tonnes,1750.2,Rs./Quintal,8,224,595.21,74.25,660.4471428571429
Punjab,Vegetables,Potato,2024-08-12,974.74,Metric Tonnes,1312.18,Rs./Quintal,8,225,47.9,839.93,656.6828571428571
Punjab,Vegetables,Potato,2024-08-13,693.81,Metric Tonnes,1263.03,Rs./Quintal,8,226,974.74,842.71,675.9414285714286
Punjab,Vegetables,Potato,2024-08-14,672.54,Metric Tonnes,1400.27,Rs./Quintal,8,227,693.81,755.91,654.67
Punjab,Vegetables,Potato,2024-08-15,793.28,Metric Tonnes,1249.68,Rs./Quintal,8,228,672.54,775.77,642.76
Punjab,Vegetables,Potato,2024-08-16,878.36,Metric Tonnes,1196.99,Rs./Quintal,8,229,793.28,739.35,645.2614285714286
Punjab,Vegetables,Potato,2024-08-17,524.03,Metric Tonnes,1317.3,Rs./Quintal,8,230,878.36,595.21,665.12
Punjab,Vegetables,Potato,2024-08-18,57.27,Metric Tonnes,1828.55,Rs./Quintal,8,231,524.03,47.9,654.9514285714286
Punjab,Vegetables,Potato,2024-08-19,786.17,Metric Tonnes,1202.7,Rs./Quintal,8,232,57.27,974.74,656.29
Punjab,Vegetables,Potato,2024-08-20,857.07,Metric Tonnes,1304.45,Rs./Quintal,8,233,786.17,693.81,629.3514285714285
Punjab,Vegetables,Potato,2024-08-21,925.52,Metric Tonnes,1308.09,Rs./Quintal,8,234,857.07,672.54,652.6742857142856
Punjab,Vegetables,Potato,2024-08-22,899.46,Metric Tonnes,1436.73,Rs./Quintal,8,235,925.52,793.28,688.8142857142857
Punjab,Vegetables,Potato,2024-08-23,811.48,Metric Tonnes,1367.23,Rs./Quintal,8,236,899.46,878.36,703.9828571428571
Punjab,Vegetables,Potato,2024-08-24,336.59,Metric Tonnes,1297.21,Rs./Quintal,8,237,811.48,524.03,694.4285714285714
Punjab,Vegetables,Potato,2024-08-25,53.35,Metric Tonnes,1807.22,Rs./Quintal,8,238,336.59,57.27,667.6514285714286
Punjab,Vegetables,Potato,2024-08-26,944.57,Metric Tonnes,1161.91,Rs./Quintal,8,239,53.35,786.17,667.0914285714285
Punjab,Vegetables,Potato,2024-08-27,857.39,Metric Tonnes,1370.16,Rs./Quintal,8,240,944.57,857.07,689.72
Punjab,Vegetables,Potato,2024-08-28,814.41,Metric Tonnes,1308.93,Rs./Quintal,8,241,857.39,925.52,689.7657142857142
Punjab,Vegetables,Potato,2024-08-29,770.41,Metric Tonnes,1310.68,Rs./Quintal,8,242,814.41,899.46,673.8928571428571
Punjab,Vegetables,Potato,2024-08-30,904.94,Metric Tonnes,1372.57,Rs./Quintal,8,243,770.41,811.48,655.4571428571428
Punjab,Vegetables,Potato,2024-08-31,898.84,Metric Tonnes,1369.63,Rs./Quintal,8,244,904.94,336.59,668.8085714285714
Punjab,Vegetables,Potato,2024-09-01,44.8,Metric Tonnes,1639.17,Rs./Quintal,9,245,898.84,53.35,749.13
Punjab,Vegetables,Potato,2024-09-02,898.22,Metric Tonnes,1414.53,Rs./Quintal,9,246,44.8,944.57,747.9085714285715
Punjab,Vegetables,Potato,2024-09-03,813.62,Metric Tonnes,1318.6,Rs./Quintal,9,247,898.22,857.39,741.2871428571428
Punjab,Vegetables,Potato,2024-09-04,746.36,Metric Tonnes,1308.49,Rs./Quintal,9,248,813.62,814.41,735.0342857142858
Punjab,Vegetables,Potato,2024-09-05,725.42,Metric Tonnes,1420.76,Rs./Quintal,9,249,746.36,770.41,725.3128571428571
Punjab,Vegetables,Potato,2024-09-06,881.8,Metric Tonnes,1344.13,Rs./Quintal,9,250,725.42,904.94,718.8857142857142
Punjab,Vegetables,Potato,2024-09-07,675.48,Metric Tonnes,1275.55,Rs./Quintal,9,251,881.8,898.84,715.58
Punjab,Vegetables,Potato,2024-09-08,46.95,Metric Tonnes,1708.41,Rs./Quintal,9,252,675.48,44.8,683.6714285714286
Punjab,Vegetables,Potato,2024-09-09,854.69,Metric Tonnes,1153.83,Rs./Quintal,9,253,46.95,898.22,683.9785714285714
Punjab,Vegetables,Potato,2024-09-10,803.73,Metric Tonnes,1358.54,Rs./Quintal,9,254,854.69,813.62,677.76
Punjab,Vegetables,Potato,2024-09-11,896.84,Metric Tonnes,1354.48,Rs./Quintal,9,255,803.73,746.36,676.3471428571429
Punjab,Vegetables,Potato,2024-09-12,1004.92,Metric Tonnes,1295.17,Rs./Quintal,9,256,896.84,725.42,697.8442857142857
Punjab,Vegetables,Potato,2024-09-13,1004.23,Metric Tonnes,1325.4,Rs./Quintal,9,257,1004.92,881.8,737.7728571428571
Punjab,Vegetables,Potato,2024-09-14,799.08,Metric Tonnes,1308.5,Rs./Quintal,9,258,1004.23,675.48,755.2628571428571
Punjab,Vegetables,Potato,2024-09-15,41.8,Metric Tonnes,1686.6,Rs./Quintal,9,259,799.08,46.95,772.9200000000001
Punjab,Vegetables,Potato,2024-09-16,1081.08,Metric Tonnes,1262.35,Rs./Quintal,9,260,41.8,854.69,772.1842857142858
Punjab,Vegetables,Potato,2024-09-17,1152.38,Metric Tonnes,1336.29,Rs./Quintal,9,261,1081.08,803.73,804.5257142857143
Punjab,Vegetables,Potato,2024-09-18,691.57,Metric Tonnes,1249.94,Rs./Quintal,9,262,1152.38,896.84,854.3328571428572
Punjab,Vegetables,Potato,2024-09-19,1042.6,Metric Tonnes,1301.53,Rs./Quintal,9,263,691.57,1004.92,825.0085714285715
Punjab,Vegetables,Potato,2024-09-20,1123.0,Metric Tonnes,1327.73,Rs./Quintal,9,264,1042.6,1004.23,830.3914285714285
Punjab,Vegetables,Potato,2024-09-21,883.59,Metric Tonnes,1397.66,Rs./Quintal,9,265,1123.0,799.08,847.3585714285715
Punjab,Vegetables,Potato,2024-09-22,57.43,Metric Tonnes,1824.66,Rs./Quintal,9,266,883.59,41.8,859.4314285714285
Punjab,Vegetables,Potato,2024-09-23,1061.7,Metric Tonnes,1299.31,Rs./Quintal,9,267,57.43,1081.08,861.6642857142857
Punjab,Vegetables,Potato,2024-09-24,915.01,Metric Tonnes,1341.6,Rs./Quintal,9,268,1061.7,1152.38,858.8957142857142
Punjab,Vegetables,Potato,2024-09-25,893.71,Metric Tonnes,1353.57,Rs./Quintal,9,269,915.01,691.57,824.9857142857143
Punjab,Vegetables,Potato,2024-09-26,891.91,Metric Tonnes,1357.52,Rs./Quintal,9,270,893.71,1042.6,853.8628571428571
Punjab,Vegetables,Potato,2024-09-27,776.54,Metric Tonnes,1431.01,Rs./Quintal,9,271,891.91,1123.0,832.3357142857143
Punjab,Vegetables,Potato,2024-09-28,814.66,Metric Tonnes,1369.08,Rs./Quintal,9,272,776.54,883.59,782.8414285714287
Punjab,Vegetables,Potato,2024-09-29,75.75,Metric Tonnes,1411.02,Rs./Quintal,9,273,814.66,57.43,772.9942857142858
Punjab,Vegetables,Potato,2024-09-30,942.5,Metric Tonnes,1357.61,Rs./Quintal,9,274,75.75,1061.7,775.6114285714285
Punjab,Vegetables,Potato,2024-10-01,740.42,Metric Tonnes,1412.8,Rs./Quintal,10,275,942.5,915.01,758.5828571428572
Punjab,Vegetables,Potato,2024-10-02,456.83,Metric Tonnes,1476.91,Rs./Quintal,10,276,740.42,893.71,733.6414285714285
Punjab,Vegetables,Potato,2024-10-03,679.05,Metric Tonnes,1366.8,Rs./Quintal,10,277,456.83,891.91,671.2299999999999
Punjab,Vegetables,Potato,2024-10-04,838.2,Metric Tonnes,1367.6,Rs./Quintal,10,278,679.05,776.54,640.8214285714286
Punjab,Vegetables,Potato,2024-10-05,704.36,Metric Tonnes,1390.01,Rs./Quintal,10,279,838.2,814.66,649.63
Punjab,Vegetables,Potato,2024-10-06,56.75,Metric Tonnes,1637.09,Rs./Quintal,10,280,704.36,75.75,633.8728571428572
Punjab,Vegetables,Potato,2024-10-07,843.02,Metric Tonnes,1343.44,Rs./Quintal,10,281,56.75,942.5,631.1585714285715
Punjab,Vegetables,Potato,2024-10-08,822.91,Metric Tonnes,1426.63,Rs./Quintal,10,282,843.02,740.42,616.9471428571429
Punjab,Vegetables,Potato,2024-10-09,1085.7,Metric Tonnes,1462.15,Rs./Quintal,10,283,822.91,456.83,628.7314285714285
Punjab,Vegetables,Potato,2024-10-10,1062.57,Metric Tonnes,1527.28,Rs./Quintal,10,284,1085.7,679.05,718.5699999999999
Punjab,Vegetables,Potato,2024-10-11,778.27,Metric Tonnes,1338.07,Rs./Quintal,10,285,1062.57,838.2,773.3585714285715
Punjab,Vegetables,Potato,2024-10-12,776.43,Metric Tonnes,1397.41,Rs./Quintal,10,286,778.27,704.36,764.7971428571428
Punjab,Vegetables,Potato,2024-10-13,116.15,Metric Tonnes,1650.62,Rs./Quintal,10,287,776.43,56.75,775.092857142857
Punjab,Vegetables,Potato,2024-10-14,918.79,Metric Tonnes,1280.56,Rs./Quintal,10,288,116.15,843.02,783.5785714285713
Punjab,Vegetables,Potato,2024-10-15,824.04,Metric Tonnes,1467.12,Rs./Quintal,10,289,918.79,822.91,794.4028571428571
Punjab,Vegetables,Potato,2024-10-16,982.87,Metric Tonnes,1386.08,Rs./Quintal,10,290,824.04,1085.7,794.5642857142857
Punjab,Vegetables,Potato,2024-10-17,635.2,Metric Tonnes,1561.18,Rs./Quintal,10,291,982.87,1062.57,779.8742857142857
Punjab,Vegetables,Potato,2024-10-18,675.35,Metric Tonnes,1582.66,Rs./Quintal,10,292,635.2,778.27,718.8214285714286
Punjab,Vegetables,Potato,2024-10-19,834.87,Metric Tonnes,1453.99,Rs./Quintal,10,293,675.35,776.43,704.1185714285714
Punjab,Vegetables,Potato,2024-10-20,72.1,Metric Tonnes,1473.23,Rs./Quintal,10,294,834.87,116.15,712.4671428571428
Punjab,Vegetables,Potato,2024-10-21,746.5,Metric Tonnes,1572.64,Rs./Quintal,10,295,72.1,918.79,706.1742857142857
Punjab,Vegetables,Potato,2024-10-22,822.62,Metric Tonnes,1393.73,Rs./Quintal,10,296,746.5,824.04,681.5614285714286
Punjab,Vegetables,Potato,2024-10-23,834.05,Metric Tonnes,1291.5,Rs./Quintal,10,297,822.62,982.87,681.3585714285715
Punjab,Vegetables,Potato,2024-10-24,814.57,Metric Tonnes,1393.68,Rs./Quintal,10,298,834.05,635.2,660.0985714285714
Punjab,Vegetables,Potato,2024-10-25,1049.57,Metric Tonnes,1605.46,Rs./Quintal,10,299,814.57,675.35,685.7228571428572
Punjab,Vegetables,Potato,2024-10-26,979.61,Metric Tonnes,1520.22,Rs./Quintal,10,300,1049.57,834.87,739.1828571428571
Punjab,Vegetables,Potato,2024-10-27,78.8,Metric Tonnes,1855.08,Rs./Quintal,10,301,979.61,72.1,759.8599999999999
Punjab,Vegetables,Potato,2024-10-28,902.92,Metric Tonnes,1330.27,Rs./Quintal,10,302,78.8,746.5,760.8171428571429
Punjab,Vegetables,Potato,2024-10-29,654.44,Metric Tonnes,1491.62,Rs./Quintal,10,303,902.92,822.62,783.1628571428571
Punjab,Vegetables,Potato,2024-10-30,735.56,Metric Tonnes,1245.37,Rs./Quintal,10,304,654.44,834.05,759.1371428571427
Punjab,Vegetables,Potato,2024-10-31,353.84,Metric Tonnes,1423.57,Rs./Quintal,10,305,735.56,814.57,745.0671428571429
Punjab,Vegetables,Potato,2024-11-01,623.83,Metric Tonnes,1466.92,Rs./Quintal,11,306,353.84,1049.57,679.2485714285714
Punjab,Vegetables,Potato,2024-11-02,491.47,Metric Tonnes,2222.51,Rs./Quintal,11,307,623.83,979.61,618.4285714285714
Punjab,Vegetables,Potato,2024-11-03,236.66,Metric Tonnes,2124.61,Rs./Quintal,11,308,491.47,78.8,548.6942857142857
Punjab,Vegetables,Potato,2024-11-04,764.77,Metric Tonnes,1236.56,Rs./Quintal,11,309,236.66,902.92,571.2457142857144
Punjab,Vegetables,Potato,2024-11-05,1350.62,Metric Tonnes,1379.72,Rs./Quintal,11,310,764.77,654.44,551.51
Punjab,Vegetables,Potato,2024-11-06,889.37,Metric Tonnes,1468.88,Rs./Quintal,11,311,1350.62,735.56,650.9642857142857
Punjab,Vegetables,Potato,2024-11-07,738.33,Metric Tonnes,1347.78,Rs./Quintal,11,312,889.37,353.84,672.9371428571429
Punjab,Vegetables,Potato,2024-11-08,1048.98,Metric Tonnes,1563.46,Rs./Quintal,11,313,738.33,623.83,727.8642857142858
Punjab,Vegetables,Potato,2024-11-09,931.24,Metric Tonnes,1538.39,Rs./Quintal,11,314,1048.98,491.47,788.6
Punjab,Vegetables,Potato,2024-11-10,41.4,Metric Tonnes,1778.5,Rs./Quintal,11,315,931.24,236.66,851.4242857142856
Punjab,Vegetables,Potato,2024-11-11,1266.86,Metric Tonnes,1363.84,Rs./Quintal,11,316,41.4,764.77,823.53
Punjab,Vegetables,Potato,2024-11-12,933.06,Metric Tonnes,1347.75,Rs./Quintal,11,317,1266.86,1350.62,895.2571428571429
Punjab,Vegetables,Potato,2024-11-13,734.57,Metric Tonnes,1226.53,Rs./Quintal,11,318,933.06,889.37,835.6057142857144
Punjab,Vegetables,Potato,2024-11-14,914.15,Metric Tonnes,1391.49,Rs./Quintal,11,319,734.57,738.33,813.4914285714285
Punjab,Vegetables,Potato,2024-11-15,938.12,Metric Tonnes,1429.13,Rs./Quintal,11,320,914.15,1048.98,838.6085714285715
Punjab,Vegetables,Potato,2024-11-16,759.65,Metric Tonnes,1119.53,Rs./Quintal,11,321,938.12,931.24,822.7714285714286
Punjab,Vegetables,Potato,2024-11-17,20.7,Metric Tonnes,2049.28,Rs./Quintal,11,322,759.65,41.4,798.2585714285714
Punjab,Vegetables,Potato,2024-11-18,926.6,Metric Tonnes,1195.54,Rs./Quintal,11,323,20.7,1266.86,795.3014285714286
Punjab,Vegetables,Potato,2024-11-19,1013.17,Metric Tonnes,1512.05,Rs./Quintal,11,324,926.6,933.06,746.6928571428572
Punjab,Vegetables,Potato,2024-11-20,1099.29,Metric Tonnes,1390.01,Rs./Quintal,11,325,1013.17,734.57,758.1371428571429
Punjab,Vegetables,Potato,2024-11-21,1173.85,Metric Tonnes,1483.02,Rs./Quintal,11,326,1099.29,914.15,810.24
Punjab,Vegetables,Potato,2024-11-22,1192.73,Metric Tonnes,1503.38,Rs./Quintal,11,327,1173.85,938.12,847.34
Punjab,Vegetables,Potato,2024-11-23,1063.22,Metric Tonnes,1408.58,Rs./Quintal,11,328,1192.73,759.65,883.7128571428572
Punjab,Vegetables,Potato,2024-11-24,120.38,Metric Tonnes,1715.38,Rs./Quintal,11,329,1063.22,20.7,927.0799999999999
Punjab,Vegetables,Potato,2024-11-25,1201.78,Metric Tonnes,1456.1,Rs./Quintal,11,330,120.38,926.6,941.3199999999999
Punjab,Vegetables,Potato,2024-11-26,1205.27,Metric Tonnes,1563.28,Rs./Quintal,11,331,1201.78,1013.17,980.6314285714286
Punjab,Vegetables,Potato,2024-11-27,1122.63,Metric Tonnes,1697.03,Rs./Quintal,11,332,1205.27,1099.29,1008.0742857142857
Punjab,Vegetables,Potato,2024-11-28,1578.29,Metric Tonnes,1523.1,Rs./Quintal,11,333,1122.63,1173.85,1011.4085714285713
Punjab,Vegetables,Potato,2024-11-29,1330.28,Metric Tonnes,1610.29,Rs./Quintal,11,334,1578.29,1192.73,1069.1857142857143
Punjab,Vegetables,Potato,2024-11-30,1195.79,Metric Tonnes,1553.61,Rs./Quintal,11,335,1330.28,1063.22,1088.8357142857142
Punjab,Vegetables,Potato,2024-12-01,48.45,Metric Tonnes,1692.47,Rs./Quintal,12,336,1195.79,120.38,1107.7742857142855
Punjab,Vegetables,Potato,2024-12-02,1826.08,Metric Tonnes,1356.39,Rs./Quintal,12,337,48.45,1201.78,1097.4985714285715
Punjab,Vegetables,Potato,2024-12-03,1387.24,Metric Tonnes,1511.29,Rs./Quintal,12,338,1826.08,1205.27,1186.6842857142856
Punjab,Vegetables,Potato,2024-12-04,1092.86,Metric Tonnes,1365.63,Rs./Quintal,12,339,1387.24,1122.63,1212.68
Punjab,Vegetables,Potato,2024-12-05,980.66,Metric Tonnes,1315.63,Rs./Quintal,12,340,1092.86,1578.29,1208.4271428571428
Punjab,Vegetables,Potato,2024-12-06,1298.27,Metric Tonnes,1409.05,Rs./Quintal,12,341,980.66,1330.28,1123.0514285714285
Punjab,Vegetables,Potato,2024-12-07,1210.44,Metric Tonnes,1319.01,Rs./Quintal,12,342,1298.27,1195.79,1118.4785714285715
Punjab,Vegetables,Potato,2024-12-08,111.54,Metric Tonnes,1707.73,Rs./Quintal,12,343,1210.44,48.45,1120.5714285714287
Punjab,Vegetables,Potato,2024-12-09,2250.64,Metric Tonnes,1068.75,Rs./Quintal,12,344,111.54,1826.08,1129.5842857142857
Punjab,Vegetables,Potato,2024-12-10,1713.66,Metric Tonnes,1290.51,Rs./Quintal,12,345,2250.64,1387.24,1190.2357142857143
Punjab,Vegetables,Potato,2024-12-11,1375.33,Metric Tonnes,1282.68,Rs./Quintal,12,346,1713.66,1092.86,1236.8671428571429
Punjab,Vegetables,Potato,2024-12-12,1284.12,Metric Tonnes,1154.89,Rs./Quintal,12,347,1375.33,980.66,1277.2199999999998
Punjab,Vegetables,Potato,2024-12-13,1636.35,Metric Tonnes,1092.98,Rs./Quintal,12,348,1284.12,1298.27,1320.5714285714287
Punjab,Vegetables,Potato,2024-12-14,1625.17,Metric Tonnes,1203.19,Rs./Quintal,12,349,1636.35,1210.44,1368.8685714285714
Punjab,Vegetables,Potato,2024-12-15,61.35,Metric Tonnes,1616.14,Rs./Quintal,12,350,1625.17,111.54,1428.1157142857141
Punjab,Vegetables,Potato,2024-12-16,2071.16,Metric Tonnes,1019.71,Rs./Quintal,12,351,61.35,2250.64,1420.945714285714
Punjab,Vegetables,Potato,2024-12-17,1248.55,Metric Tonnes,1112.89,Rs./Quintal,12,352,2071.16,1713.66,1395.3057142857142
Punjab,Vegetables,Potato,2024-12-18,1194.54,Metric Tonnes,1069.82,Rs./Quintal,12,353,1248.55,1375.33,1328.8614285714284
Punjab,Vegetables,Potato,2024-12-19,1562.83,Metric Tonnes,1232.5,Rs./Quintal,12,354,1194.54,1284.12,1303.0342857142857
Punjab,Vegetables,Potato,2024-12-20,1463.37,Metric Tonnes,1186.74,Rs./Quintal,12,355,1562.83,1636.35,1342.85
Punjab,Vegetables,Potato,2024-12-21,1447.7,Metric Tonnes,962.39,Rs./Quintal,12,356,1463.37,1625.17,1318.1385714285714
Punjab,Vegetables,Potato,2024-12-22,114.92,Metric Tonnes,1577.97,Rs./Quintal,12,357,1447.7,61.35,1292.7857142857142
Punjab,Vegetables,Potato,2024-12-23,1464.51,Metric Tonnes,817.31,Rs./Quintal,12,358,114.92,2071.16,1300.4385714285713
Punjab,Vegetables,Potato,2024-12-24,1143.57,Metric Tonnes,1112.42,Rs./Quintal,12,359,1464.51,1248.55,1213.7742857142857
Punjab,Vegetables,Potato,2024-12-25,1226.94,Metric Tonnes,1095.73,Rs./Quintal,12,360,1143.57,1194.54,1198.7771428571427
Punjab,Vegetables,Potato,2024-12-26,1162.68,Metric Tonnes,1016.36,Rs./Quintal,12,361,1226.94,1562.83,1203.4057142857143
Punjab,Vegetables,Potato,2024-12-27,1584.17,Metric Tonnes,999.8,Rs./Quintal,12,362,1162.68,1463.37,1146.2414285714285
Punjab,Vegetables,Potato,2024-12-28,597.6,Metric Tonnes,985.24,Rs./Quintal,12,363,1584.17,1447.7,1163.4985714285715
Punjab,Vegetables,Potato,2024-12-29,32.9,Metric Tonnes,1243.16,Rs./Quintal,12,364,597.6,114.92,1042.0557142857144
Punjab,Vegetables,Potato,2024-12-30,1072.79,Metric Tonnes,1074.8,Rs./Quintal,12,365,32.9,1464.51,1030.3385714285714
Punjab,Vegetables,Potato,2024-12-31,1139.46,Metric Tonnes,1117.46,Rs./Quintal,12,366,1072.79,1143.57,974.3785714285714
Punjab,Vegetables,Potato,2025-01-01,1487.31,Metric Tonnes,1040.04,Rs./Quintal,1,1,1139.46,1226.94,973.7914285714286
Punjab,Vegetables,Potato,2025-01-02,1335.84,Metric Tonnes,1144.42,Rs./Quintal,1,2,1487.31,1162.68,1010.987142857143
Punjab,Vegetables,Potato,2025-01-03,1372.55,Metric Tonnes,889.23,Rs./Quintal,1,3,1335.84,1584.17,1035.7242857142858
Punjab,Vegetables,Potato,2025-01-04,702.39,Metric Tonnes,1019.56,Rs./Quintal,1,4,1372.55,597.6,1005.4928571428571
Punjab,Vegetables,Potato,2025-01-05,43.55,Metric Tonnes,1297.36,Rs./Quintal,1,5,702.39,32.9,1020.4628571428572
Punjab,Vegetables,Potato,2025-01-06,1667.84,Metric Tonnes,930.79,Rs./Quintal,1,6,43.55,1072.79,1021.9842857142858
Punjab,Vegetables,Potato,2025-01-07,1430.99,Metric Tonnes,977.93,Rs./Quintal,1,7,1667.84,1139.46,1106.9914285714287
Punjab,Vegetables,Potato,2025-01-08,1064.9,Metric Tonnes,1077.81,Rs./Quintal,1,8,1430.99,1487.31,1148.6385714285714
Punjab,Vegetables,Potato,2025-01-09,1433.83,Metric Tonnes,933.75,Rs./Quintal,1,9,1064.9,1335.84,1088.2942857142857
Punjab,Vegetables,Potato,2025-01-10,1467.22,Metric Tonnes,832.6,Rs./Quintal,1,10,1433.83,1372.55,1102.292857142857
Punjab,Vegetables,Potato,2025-01-11,1210.33,Metric Tonnes,818.09,Rs./Quintal,1,11,1467.22,702.39,1115.817142857143
Punjab,Vegetables,Potato,2025-01-12,127.59,Metric Tonnes,1410.96,Rs./Quintal,1,12,1210.33,43.55,1188.3799999999999
Punjab,Vegetables,Potato,2025-01-13,1228.47,Metric Tonnes,836.02,Rs./Quintal,1,13,127.59,1667.84,1200.3857142857144
Punjab,Vegetables,Potato,2025-01-14,1304.05,Metric Tonnes,894.3,Rs./Quintal,1,14,1228.47,1430.99,1137.6185714285714
Punjab,Vegetables,Potato,2025-01-15,1123.44,Metric Tonnes,921.31,Rs./Quintal,1,15,1304.05,1064.9,1119.4842857142855
Punjab,Vegetables,Potato,2025-01-16,1039.2,Metric Tonnes,866.5,Rs./Quintal,1,16,1123.44,1433.83,1127.847142857143
Punjab,Vegetables,Potato,2025-01-17,937.27,Metric Tonnes,831.91,Rs./Quintal,1,17,1039.2,1467.22,1071.4714285714285
Punjab,Vegetables,Potato,2025-01-18,1295.21,Metric Tonnes,873.83,Rs./Quintal,1,18,937.27,1210.33,995.7642857142857
Punjab,Vegetables,Potato,2025-01-19,82.56,Metric Tonnes,1359.52,Rs./Quintal,1,19,1295.21,127.59,1007.89
Punjab,Vegetables,Potato,2025-01-20,1729.9,Metric Tonnes,751.91,Rs./Quintal,1,20,82.56,1228.47,1001.4571428571428
Punjab,Vegetables,Potato,2025-01-21,1583.87,Metric Tonnes,706.39,Rs./Quintal,1,21,1729.9,1304.05,1073.09
Punjab,Vegetables,Potato,2025-01-22,1550.61,Metric Tonnes,694.17,Rs./Quintal,1,22,1583.87,1123.44,1113.064285714286
Punjab,Vegetables,Potato,2025-01-23,1421.63,Metric Tonnes,647.64,Rs./Quintal,1,23,1550.61,1039.2,1174.0885714285712
Punjab,Vegetables,Potato,2025-01-24,1115.39,Metric Tonnes,641.66,Rs./Quintal,1,24,1421.63,937.27,1228.7214285714285
Punjab,Vegetables,Potato,2025-01-25,1169.65,Metric Tonnes,659.08,Rs./Quintal,1,25,1115.39,1295.21,1254.1671428571428
Punjab,Vegetables,Potato,2025-01-26,92.45,Metric Tonnes,1350.16,Rs./Quintal,1,26,1169.65,82.56,1236.23
Punjab,Vegetables,Potato,2025-01-27,1130.09,Metric Tonnes,716.46,Rs./Quintal,1,27,92.45,1729.9,1237.642857142857
Punjab,Vegetables,Potato,2025-01-28,1159.9,Metric Tonnes,696.17,Rs./Quintal,1,28,1130.09,1583.87,1151.9557142857143
Punjab,Vegetables,Potato,2025-01-29,1262.36,Metric Tonnes,696.23,Rs./Quintal,1,29,1159.9,1550.61,1091.3885714285714
Punjab,Vegetables,Potato,2025-01-30,1100.01,Metric Tonnes,657.64,Rs./Quintal,1,30,1262.36,1421.63,1050.21
Punjab,Vegetables,Potato,2025-01-31,976.44,Metric Tonnes,694.49,Rs./Quintal,1,31,1100.01,1115.39,1004.2642857142857
Punjab,Vegetables,Potato,2025-02-01,1040.88,Metric Tonnes,608.43,Rs./Quintal,2,32,976.44,1169.65,984.4142857142858
Punjab,Vegetables,Potato,2025-02-02,53.15,Metric Tonnes,766.96,Rs./Quintal,2,33,1040.88,92.45,966.0185714285715
Punjab,Vegetables,Potato,2025-02-03,1496.12,Metric Tonnes,605.36,Rs./Quintal,2,34,53.15,1130.09,960.4042857142857
Punjab,Vegetables,Potato,2025-02-04,1566.83,Metric Tonnes,636.48,Rs./Quintal,2,35,1496.12,1159.9,1012.6942857142858
Punjab,Vegetables,Potato,2025-02-05,1477.03,Metric Tonnes,627.59,Rs./Quintal,2,36,1566.83,1262.36,1070.827142857143
Punjab,Vegetables,Potato,2025-02-06,1160.54,Metric Tonnes,691.8,Rs./Quintal,2,37,1477.03,1100.01,1101.4942857142858
Punjab,Vegetables,Potato,2025-02-07,1285.07,Metric Tonnes,685.69,Rs./Quintal,2,38,1160.54,976.44,1110.1414285714286
Punjab,Vegetables,Potato,2025-02-08,1071.53,Metric Tonnes,636.17,Rs./Quintal,2,39,1285.07,1040.88,1154.2314285714285
Punjab,Vegetables,Potato,2025-02-09,62.86,Metric Tonnes,686.7,Rs./Quintal,2,40,1071.53,53.15,1158.61
Punjab,Vegetables,Potato,2025-02-10,1611.15,Metric Tonnes,602.68,Rs./Quintal,2,41,62.86,1496.12,1159.997142857143
Punjab,Vegetables,Potato,2025-02-11,1524.66,Metric Tonnes,626.19,Rs./Quintal,2,42,1611.15,1566.83,1176.43
Punjab,Vegetables,Potato,2025-02-12,1235.34,Metric Tonnes,538.2,Rs./Quintal,2,43,1524.66,1477.03,1170.4057142857143
Punjab,Vegetables,Potato,2025-02-13,1635.33,Metric Tonnes,623.33,Rs./Quintal,2,44,1235.34,1160.54,1135.8785714285714
Punjab,Vegetables,Potato,2025-02-14,1618.39,Metric Tonnes,569.47,Rs./Quintal,2,45,1635.33,1285.07,1203.705714285714
Punjab,Vegetables,Potato,2025-02-15,1187.47,Metric Tonnes,657.71,Rs./Quintal,2,46,1618.39,1071.53,1251.3228571428572
Punjab,Vegetables,Potato,2025-02-16,150.5,Metric Tonnes,667.59,Rs./Quintal,2,47,1187.47,62.86,1267.8857142857144
Punjab,Vegetables,Potato,2025-02-17,1709.62,Metric Tonnes,604.54,Rs./Quintal,2,48,150.5,1611.15,1280.4057142857143
Punjab,Vegetables,Potato,2025-02-18,1923.7,Metric Tonnes,604.44,Rs./Quintal,2,49,1709.62,1524.66,1294.472857142857
Punjab,Vegetables,Potato,2025-02-19,1624.86,Metric Tonnes,607.06,Rs./Quintal,2,50,1923.7,1235.34,1351.4785714285715
Punjab,Vegetables,Potato,2025-02-20,1382.42,Metric Tonnes,662.21,Rs./Quintal,2,51,1624.86,1635.33,1407.1242857142856
Punjab,Vegetables,Potato,2025-02-21,1387.48,Metric Tonnes,614.58,Rs./Quintal,2,52,1382.42,1618.39,1370.9942857142855
Punjab,Vegetables,Potato,2025-02-22,978.43,Metric Tonnes,617.02,Rs./Quintal,2,53,1387.48,1187.47,1338.0071428571428
Punjab,Vegetables,Potato,2025-02-23,146.7,Metric Tonnes,686.23,Rs./Quintal,2,54,978.43,150.5,1308.1442857142858
Punjab,Vegetables,Potato,2025-02-24,1563.34,Metric Tonnes,612.65,Rs./Quintal,2,55,146.7,1709.62,1307.6014285714286
Punjab,Vegetables,Potato,2025-02-25,1515.69,Metric Tonnes,602.59,Rs./Quintal,2,56,1563.34,1923.7,1286.7042857142858
Punjab,Vegetables,Potato,2025-02-26,1369.28,Metric Tonnes,616.37,Rs./Quintal,2,57,1515.69,1624.86,1228.4171428571428
Punjab,Vegetables,Potato,2025-02-27,1431.4,Metric Tonnes,571.34,Rs./Quintal,2,58,1369.28,1382.42,1191.9057142857143
Punjab,Vegetables,Potato,2025-02-28,1599.57,Metric Tonnes,611.73,Rs./Quintal,2,59,1431.4,1387.48,1198.902857142857
Punjab,Vegetables,Potato,2025-03-01,1094.96,Metric Tonnes,574.48,Rs./Quintal,3,60,1599.57,978.43,1229.2014285714286
Punjab,Vegetables,Potato,2025-03-02,154.19,Metric Tonnes,629.64,Rs./Quintal,3,61,1094.96,146.7,1245.8485714285714
Punjab,Vegetables,Potato,2025-03-03,1562.07,Metric Tonnes,583.31,Rs./Quintal,3,62,154.19,1563.34,1246.918571428571
Punjab,Vegetables,Potato,2025-03-04,1631.22,Metric Tonnes,606.24,Rs./Quintal,3,63,1562.07,1515.69,1246.7371428571428
Punjab,Vegetables,Potato,2025-03-05,1120.34,Metric Tonnes,629.78,Rs./Quintal,3,64,1631.22,1369.28,1263.2414285714283
Punjab,Vegetables,Potato,2025-03-06,1454.14,Metric Tonnes,628.5,Rs./Quintal,3,65,1120.34,1431.4,1227.6785714285713
Punjab,Vegetables,Potato,2025-03-07,1618.97,Metric Tonnes,597.81,Rs./Quintal,3,66,1454.14,1599.57,1230.9271428571428
Punjab,Vegetables,Potato,2025-03-08,1218.32,Metric Tonnes,646.45,Rs./Quintal,3,67,1618.97,1094.96,1233.6985714285715
Punjab,Vegetables,Potato,2025-03-09,154.05,Metric Tonnes,648.33,Rs./Quintal,3,68,1218.32,154.19,1251.3214285714287
Punjab,Vegetables,Potato,2025-03-10,1708.8,Metric Tonnes,625.11,Rs./Quintal,3,69,154.05,1562.07,1251.3014285714287
Punjab,Vegetables,Potato,2025-03-11,1951.67,Metric Tonnes,576.88,Rs./Quintal,3,70,1708.8,1631.22,1272.2628571428572
Punjab,Vegetables,Potato,2025-03-12,1324.19,Metric Tonnes,596.17,Rs./Quintal,3,71,1951.67,1120.34,1318.0414285714287
Punjab,Vegetables,Potato,2025-03-13,1355.28,Metric Tonnes,595.48,Rs./Quintal,3,72,1324.19,1454.14,1347.162857142857
Punjab,Vegetables,Potato,2025-03-14,1158.26,Metric Tonnes,608.6,Rs./Quintal,3,73,1355.28,1618.97,1333.0400000000002
Punjab,Vegetables,Potato,2025-03-15,1006.67,Metric Tonnes,621.02,Rs./Quintal,3,74,1158.26,1218.32,1267.2242857142858
Punjab,Vegetables,Potato,2025-03-16,84.9,Metric Tonnes,676.91,Rs./Quintal,3,75,1006.67,154.05,1236.9885714285715
Punjab,Vegetables,Potato,2025-03-17,1257.54,Metric Tonnes,623.29,Rs./Quintal,3,76,84.9,1708.8,1227.11
Punjab,Vegetables,Potato,2025-03-18,1956.31,Metric Tonnes,616.84,Rs./Quintal,3,77,1257.54,1951.67,1162.6442857142858
Punjab,Vegetables,Potato,2025-03-19,1663.69,Metric Tonnes,578.83,Rs./Quintal,3,78,1956.31,1324.19,1163.3071428571427
Punjab,Vegetables,Potato,2025-03-20,1801.68,Metric Tonnes,616.4,Rs./Quintal,3,79,1663.69,1355.28,1211.8071428571427
Punjab,Vegetables,Potato,2025-03-21,1808.82,Metric Tonnes,587.22,Rs./Quintal,3,80,1801.68,1158.26,1275.5785714285714
Punjab,Vegetables,Potato,2025-03-22,1963.35,Metric Tonnes,526.77,Rs./Quintal,3,81,1808.82,1006.67,1368.515714285714
Punjab,Vegetables,Potato,2025-03-23,132.62,Metric Tonnes,702.56,Rs./Quintal,3,82,1963.35,84.9,1505.1842857142856
Punjab,Vegetables,Potato,2025-03-24,2266.51,Metric Tonnes,540.98,Rs./Quintal,3,83,132.62,1257.54,1512.0014285714285
Punjab,Vegetables,Potato,2025-03-25,1988.73,Metric Tonnes,543.21,Rs./Quintal,3,84,2266.51,1956.31,1656.14
Punjab,Vegetables,Potato,2025-03-26,2028.86,Metric Tonnes,542.82,Rs./Quintal,3,85,1988.73,1663.69,1660.7714285714285
Punjab,Vegetables,Potato,2025-03-27,1919.06,Metric Tonnes,484.38,Rs./Quintal,3,86,2028.86,1801.68,1712.9385714285715
Punjab,Vegetables,Potato,2025-03-28,1921.42,Metric Tonnes,472.4,Rs./Quintal,3,87,1919.06,1808.82,1729.707142857143
Punjab,Vegetables,Potato,2025-03-29,1178.19,Metric Tonnes,474.46,Rs./Quintal,3,88,1921.42,1963.35,1745.7928571428572
Punjab,Vegetables,Potato,2025-03-30,36.56,Metric Tonnes,595.27,Rs./Quintal,3,89,1178.19,132.62,1633.627142857143
Punjab,Vegetables,Potato,2025-03-31,2914.59,Metric Tonnes,605.0,Rs./Quintal,3,90,36.56,2266.51,1619.9042857142856
Punjab,Vegetables,Potato,2025-04-01,1834.18,Metric Tonnes,421.92,Rs./Quintal,4,91,2914.59,1988.73,1712.4871428571428
Punjab,Vegetables,Potato,2025-04-02,1688.67,Metric Tonnes,430.25,Rs./Quintal,4,92,1834.18,2028.86,1690.4085714285716
Punjab,Vegetables,Potato,2025-04-03,2013.41,Metric Tonnes,490.97,Rs./Quintal,4,93,1688.67,1919.06,1641.81
Punjab,Vegetables,Potato,2025-04-04,2251.81,Metric Tonnes,486.44,Rs./Quintal,4,94,2013.41,1921.42,1655.2885714285715
Punjab,Vegetables,Potato,2025-04-05,2174.69,Metric Tonnes,424.13,Rs./Quintal,4,95,2251.81,1178.19,1702.4871428571428
Punjab,Vegetables,Potato,2025-04-06,97.5,Metric Tonnes,648.77,Rs./Quintal,4,96,2174.69,36.56,1844.8442857142857
Punjab,Vegetables,Potato,2025-04-07,2195.26,Metric Tonnes,432.38,Rs./Quintal,4,97,97.5,2914.59,1853.55
Punjab,Vegetables,Potato,2025-04-08,4597.44,Metric Tonnes,369.01,Rs./Quintal,4,98,2195.26,1834.18,1750.7885714285715
Punjab,Vegetables,Potato,2025-04-09,1597.13,Metric Tonnes,423.95,Rs./Quintal,4,99,4597.44,1688.67,2145.54
Punjab,Vegetables,Potato,2025-04-10,3940.82,Metric Tonnes,289.55,Rs./Quintal,4,100,1597.13,2013.41,2132.462857142857
Punjab,Vegetables,Potato,2025-04-11,1839.48,Metric Tonnes,451.98,Rs./Quintal,4,101,3940.82,2251.81,2407.807142857143
Punjab,Vegetables,Potato,2025-04-12,1266.81,Metric Tonnes,493.18,Rs./Quintal,4,102,1839.48,2174.69,2348.902857142857
Punjab,Vegetables,Potato,2025-04-13,87.05,Metric Tonnes,701.95,Rs./Quintal,4,103,1266.81,97.5,2219.2057142857143
Punjab,Vegetables,Potato,2025-04-14,1873.2,Metric Tonnes,444.5,Rs./Quintal,4,104,87.05,2195.26,2217.712857142857
Punjab,Vegetables,Potato,2025-04-15,1831.51,Metric Tonnes,478.23,Rs./Quintal,4,105,1873.2,4597.44,2171.7042857142856
Punjab,Vegetables,Potato,2025-04-16,2653.94,Metric Tonnes,632.08,Rs./Quintal,4,106,1831.51,1597.13,1776.571428571429
Punjab,Vegetables,Potato,2025-04-17,1510.22,Metric Tonnes,518.35,Rs./Quintal,4,107,2653.94,3940.82,1927.544285714286
Punjab,Vegetables,Potato,2025-04-18,1564.33,Metric Tonnes,508.92,Rs./Quintal,4,108,1510.22,1839.48,1580.3157142857144
Punjab,Vegetables,Potato,2025-04-19,1400.52,Metric Tonnes,529.22,Rs./Quintal,4,109,1564.33,1266.81,1541.0085714285713
Punjab,Vegetables,Potato,2025-04-20,62.55,Metric Tonnes,707.96,Rs./Quintal,4,110,1400.52,87.05,1560.1100000000001
Punjab,Vegetables,Potato,2025-04-21,1746.68,Metric Tonnes,512.8,Rs./Quintal,4,111,62.55,1873.2,1556.6100000000001
Punjab,Vegetables,Potato,2025-04-22,1369.94,Metric Tonnes,536.33,Rs./Quintal,4,112,1746.68,1831.51,1538.5357142857142
Punjab,Vegetables,Potato,2025-04-23,1690.15,Metric Tonnes,576.69,Rs./Quintal,4,113,1369.94,2653.94,1472.597142857143
Punjab,Vegetables,Potato,2025-04-24,1259.64,Metric Tonnes,576.98,Rs./Quintal,4,114,1690.15,1510.22,1334.912857142857
Punjab,Vegetables,Potato,2025-04-25,1460.78,Metric Tonnes,539.98,Rs./Quintal,4,115,1259.64,1564.33,1299.1157142857141
Punjab,Vegetables,Potato,2025-04-26,1188.89,Metric Tonnes,552.96,Rs./Quintal,4,116,1460.78,1400.52,1284.3228571428572
Punjab,Vegetables,Potato,2025-04-27,100.63,Metric Tonnes,508.16,Rs./Quintal,4,117,1188.89,62.55,1254.0900000000001
Punjab,Vegetables,Potato,2025-04-28,1198.46,Metric Tonnes,557.06,Rs./Quintal,4,118,100.63,1746.68,1259.53
Punjab,Vegetables,Potato,2025-04-29,1345.78,Metric Tonnes,609.13,Rs./Quintal,4,119,1198.46,1369.94,1181.212857142857
Punjab,Vegetables,Potato,2025-04-30,1288.94,Metric Tonnes,589.56,Rs./Quintal,4,120,1345.78,1690.15,1177.7614285714285
Punjab,Vegetables,Potato,2025-05-01,1343.19,Metric Tonnes,592.84,Rs./Quintal,5,121,1288.94,1259.64,1120.4457142857143
Punjab,Vegetables,Potato,2025-05-02,1121.24,Metric Tonnes,631.98,Rs./Quintal,5,122,1343.19,1460.78,1132.3814285714286
Punjab,Vegetables,Potato,2025-05-03,756.15,Metric Tonnes,548.88,Rs./Quintal,5,123,1121.24,1188.89,1083.8757142857144
Punjab,Vegetables,Potato,2025-05-04,54.65,Metric Tonnes,707.96,Rs./Quintal,5,124,756.15,100.63,1022.0557142857142
Punjab,Vegetables,Potato,2025-05-05,1507.93,Metric Tonnes,665.92,Rs./Quintal,5,125,54.65,1198.46,1015.487142857143
Punjab,Vegetables,Potato,2025-05-06,1378.82,Metric Tonnes,606.3,Rs./Quintal,5,126,1507.93,1345.78,1059.697142857143
Punjab,Vegetables,Potato,2025-05-07,1165.48,Metric Tonnes,573.03,Rs./Quintal,5,127,1378.82,1288.94,1064.4171428571428
Punjab,Vegetables,Potato,2025-05-08,1216.48,Metric Tonnes,642.19,Rs./Quintal,5,128,1165.48,1343.19,1046.78
Punjab,Vegetables,Potato,2025-05-09,1263.88,Metric Tonnes,569.63,Rs./Quintal,5,129,1216.48,1121.24,1028.6785714285713
Punjab,Vegetables,Potato,2025-05-10,1226.7,Metric Tonnes,663.99,Rs./Quintal,5,130,1263.88,756.15,1049.0557142857144
Punjab,Vegetables,Potato,2025-05-11,57.65,Metric Tonnes,721.1,Rs./Quintal,5,131,1226.7,54.65,1116.277142857143
Punjab,Vegetables,Potato,2025-05-12,1608.95,Metric Tonnes,619.69,Rs./Quintal,5,132,57.65,1507.93,1116.7057142857143
Punjab,Vegetables,Potato,2025-05-13,1370.87,Metric Tonnes,683.76,Rs./Quintal,5,133,1608.95,1378.82,1131.137142857143
Punjab,Vegetables,Potato,2025-05-14,1123.61,Metric Tonnes,670.88,Rs./Quintal,5,134,1370.87,1165.48,1130.0014285714285
Punjab,Vegetables,Potato,2025-05-15,862.64,Metric Tonnes,771.97,Rs./Quintal,5,135,1123.61,1216.48,1124.02
Punjab,Vegetables,Potato,2025-05-16,1324.38,Metric Tonnes,692.98,Rs./Quintal,5,136,862.64,1263.88,1073.4714285714285
Punjab,Vegetables,Potato,2025-05-17,938.19,Metric Tonnes,686.32,Rs./Quintal,5,137,1324.38,1226.7,1082.1142857142856
Punjab,Vegetables,Potato,2025-05-18,55.56,Metric Tonnes,726.93,Rs./Quintal,5,138,938.19,57.65,1040.8985714285714
Punjab,Vegetables,Potato,2025-05-19,1227.79,Metric Tonnes,652.87,Rs./Quintal,5,139,55.56,1608.95,1040.6000000000001
Punjab,Vegetables,Potato,2025-05-20,1539.44,Metric Tonnes,620.96,Rs./Quintal,5,140,1227.79,1370.87,986.1485714285712
Punjab,Vegetables,Potato,2025-05-21,1191.73,Metric Tonnes,682.96,Rs./Quintal,5,141,1539.44,1123.61,1010.2299999999999
Punjab,Vegetables,Potato,2025-05-22,1002.34,Metric Tonnes,673.16,Rs./Quintal,5,142,1191.73,862.64,1019.9614285714285
Punjab,Vegetables,Potato,2025-05-23,943.56,Metric Tonnes,743.05,Rs./Quintal,5,143,1002.34,1324.38,1039.9185714285713
Punjab,Vegetables,Potato,2025-05-24,817.62,Metric Tonnes,655.97,Rs./Quintal,5,144,943.56,938.19,985.5157142857142
Punjab,Vegetables,Potato,2025-05-25,78.13,Metric Tonnes,585.26,Rs./Quintal,5,145,817.62,55.56,968.2914285714286
Punjab,Vegetables,Potato,2025-05-26,918.36,Metric Tonnes,680.31,Rs./Quintal,5,146,78.13,1227.79,971.5157142857142
Punjab,Vegetables,Potato,2025-05-27,660.37,Metric Tonnes,680.83,Rs./Quintal,5,147,918.36,1539.44,927.3114285714285
Punjab,Vegetables,Potato,2025-05-28,848.47,Metric Tonnes,650.57,Rs./Quintal,5,148,660.37,1191.73,801.7299999999999
Punjab,Vegetables,Potato,2025-05-29,919.16,Metric Tonnes,840.12,Rs./Quintal,5,149,848.47,1002.34,752.6928571428571
Punjab,Vegetables,Potato,2025-05-30,653.91,Metric Tonnes,633.1,Rs./Quintal,5,150,919.16,943.56,740.8100000000001
Punjab,Vegetables,Potato,2025-05-31,616.25,Metric Tonnes,679.38,Rs./Quintal,5,151,653.91,817.62,699.4314285714285
Punjab,Vegetables,Potato,2025-06-01,50.7,Metric Tonnes,757.16,Rs./Quintal,6,152,616.25,78.13,670.6642857142857
Punjab,Vegetables,Potato,2025-06-02,1067.43,Metric Tonnes,698.46,Rs./Quintal,6,153,50.7,918.36,666.7457142857144
Punjab,Vegetables,Potato,2025-06-03,927.33,Metric Tonnes,648.36,Rs./Quintal,6,154,1067.43,660.37,688.0414285714286
Punjab,Vegetables,Potato,2025-06-04,872.48,Metric Tonnes,697.81,Rs./Quintal,6,155,927.33,848.47,726.1785714285714
Punjab,Vegetables,Potato,2025-06-05,833.17,Metric Tonnes,690.53,Rs./Quintal,6,156,872.48,919.16,729.6085714285715
Punjab,Vegetables,Potato,2025-06-06,664.16,Metric Tonnes,774.73,Rs./Quintal,6,157,833.17,653.91,717.3242857142858
Punjab,Vegetables,Potato,2025-06-07,635.06,Metric Tonnes,826.34,Rs./Quintal,6,158,664.16,616.25,718.7885714285715
Punjab,Vegetables,Potato,2025-06-08,89.8,Metric Tonnes,716.7,Rs./Quintal,6,159,635.06,50.7,721.4757142857143
Punjab,Vegetables,Potato,2025-06-09,714.13,Metric Tonnes,772.96,Rs./Quintal,6,160,89.8,1067.43,727.0614285714285
Punjab,Vegetables,Potato,2025-06-10,603.75,Metric Tonnes,671.55,Rs./Quintal,6,161,714.13,927.33,676.59
Punjab,Vegetables,Potato,2025-06-11,779.51,Metric Tonnes,711.0,Rs./Quintal,6,162,603.75,872.48,630.3642857142856
Punjab,Vegetables,Potato,2025-06-12,777.39,Metric Tonnes,806.22,Rs./Quintal,6,163,779.51,833.17,617.0828571428572
Punjab,Vegetables,Potato,2025-06-13,731.13,Metric Tonnes,765.49,Rs./Quintal,6,164,777.39,664.16,609.1142857142856
Punjab,Vegetables,Potato,2025-06-14,431.08,Metric Tonnes,852.49,Rs./Quintal,6,165,731.13,635.06,618.6814285714285
Punjab,Vegetables,Potato,2025-06-15,52.7,Metric Tonnes,806.64,Rs./Quintal,6,166,431.08,89.8,589.5414285714286
Punjab,Vegetables,Potato,2025-06-16,887.34,Metric Tonnes,741.38,Rs./Quintal,6,167,52.7,714.13,584.2414285714286
Punjab,Vegetables,Potato,2025-06-17,745.78,Metric Tonnes,830.39,Rs./Quintal,6,168,887.34,603.75,608.9857142857143
Punjab,Vegetables,Potato,2025-06-18,774.22,Metric Tonnes,797.03,Rs./Quintal,6,169,745.78,779.51,629.2757142857143
Punjab,Vegetables,Potato,2025-06-19,657.94,Metric Tonnes,808.03,Rs./Quintal,6,170,774.22,777.39,628.5199999999999
Punjab,Vegetables,Potato,2025-06-20,737.66,Metric Tonnes,939.79,Rs./Quintal,6,171,657.94,731.13,611.4557142857142
Punjab,Vegetables,Potato,2025-06-21,653.04,Metric Tonnes,893.15,Rs./Quintal,6,172,737.66,431.08,612.3885714285714
Punjab,Vegetables,Potato,2025-06-22,87.95,Metric Tonnes,908.12,Rs./Quintal,6,173,653.04,52.7,644.0971428571429
Punjab,Vegetables,Potato,2025-06-23,658.69,Metric Tonnes,833.99,Rs./Quintal,6,174,87.95,887.34,649.1328571428572
Punjab,Vegetables,Potato,2025-06-24,673.44,Metric Tonnes,809.41,Rs./Quintal,6,175,658.69,745.78,616.4685714285714
Punjab,Vegetables,Potato,2025-06-25,747.92,Metric Tonnes,796.95,Rs./Quintal,6,176,673.44,774.22,606.1342857142857
Punjab,Vegetables,Potato,2025-06-26,558.64,Metric Tonnes,948.96,Rs./Quintal,6,177,747.92,657.94,602.3771428571429
Punjab,Vegetables,Potato,2025-06-27,680.58,Metric Tonnes,906.72,Rs./Quintal,6,178,558.64,737.66,588.1914285714286
Punjab,Vegetables,Potato,2025-06-28,377.23,Metric Tonnes,862.19,Rs./Quintal,6,179,680.58,653.04,580.0371428571428
Punjab,Vegetables,Potato,2025-06-29,61.24,Metric Tonnes,1071.88,Rs./Quintal,6,180,377.23,87.95,540.6357142857144
Punjab,Vegetables,Potato,2025-06-30,766.95,Metric Tonnes,872.81,Rs./Quintal,6,181,61.24,658.69,536.82
Punjab,Vegetables,Potato,2025-07-01,586.2,Metric Tonnes,801.91,Rs./Quintal,7,182,766.95,673.44,552.2857142857143
Punjab,Vegetables,Potato,2025-07-02,669.28,Metric Tonnes,877.59,Rs./Quintal,7,183,586.2,747.92,539.8228571428572
Punjab,Vegetables,Potato,2025-07-03,589.84,Metric Tonnes,824.14,Rs./Quintal,7,184,669.28,558.64,528.5885714285715
Punjab,Vegetables,Potato,2025-07-04,758.09,Metric Tonnes,891.58,Rs./Quintal,7,185,589.84,680.58,533.0457142857143
Punjab,Vegetables,Potato,2025-07-05,553.83,Metric Tonnes,873.82,Rs./Quintal,7,186,758.09,377.23,544.1185714285714
Punjab,Vegetables,Potato,2025-07-06,74.65,Metric Tonnes,1006.23,Rs./Quintal,7,187,553.83,61.24,569.3471428571429
Punjab,Vegetables,Potato,2025-07-07,691.59,Metric Tonnes,893.24,Rs./Quintal,7,188,74.65,766.95,571.2628571428571
Punjab,Vegetables,Potato,2025-07-08,552.31,Metric Tonnes,893.17,Rs./Quintal,7,189,691.59,586.2,560.4971428571429
Punjab,Vegetables,Potato,2025-07-09,565.12,Metric Tonnes,998.18,Rs./Quintal,7,190,552.31,669.28,555.6557142857143
Punjab,Vegetables,Potato,2025-07-10,689.16,Metric Tonnes,933.87,Rs./Quintal,7,191,565.12,589.84,540.7757142857142
Punjab,Vegetables,Potato,2025-07-11,587.23,Metric Tonnes,944.01,Rs./Quintal,7,192,689.16,758.09,554.9642857142857
Punjab,Vegetables,Potato,2025-07-12,779.9,Metric Tonnes,894.72,Rs./Quintal,7,193,587.23,553.83,530.5557142857143
Punjab,Vegetables,Potato,2025-07-13,72.55,Metric Tonnes,1209.51,Rs./Quintal,7,194,779.9,74.65,562.8514285714285
Punjab,Vegetables,Potato,2025-07-14,811.25,Metric Tonnes,902.12,Rs./Quintal,7,195,72.55,691.59,562.5514285714286
Punjab,Vegetables,Potato,2025-07-15,717.38,Metric Tonnes,767.75,Rs./Quintal,7,196,811.25,552.31,579.6457142857142
Punjab,Vegetables,Potato,2025-07-16,630.54,Metric Tonnes,871.36,Rs./Quintal,7,197,717.38,565.12,603.2271428571429
Punjab,Vegetables,Potato,2025-07-17,760.24,Metric Tonnes,881.8,Rs./Quintal,7,198,630.54,689.16,612.5728571428572
Punjab,Vegetables,Potato,2025-07-18,853.99,Metric Tonnes,890.62,Rs./Quintal,7,199,760.24,587.23,622.7271428571429
Punjab,Vegetables,Potato,2025-07-19,597.25,Metric Tonnes,898.24,Rs./Quintal,7,200,853.99,779.9,660.8357142857142
Punjab,Vegetables,Potato,2025-07-20,76.0,Metric Tonnes,1149.21,Rs./Quintal,7,201,597.25,72.55,634.7428571428571
Punjab,Vegetables,Potato,2025-07-21,1055.73,Metric Tonnes,733.08,Rs./Quintal,7,202,76.0,811.25,635.2357142857143
Punjab,Vegetables,Potato,2025-07-22,950.39,Metric Tonnes,820.16,Rs./Quintal,7,203,1055.73,717.38,670.1614285714286
Punjab,Vegetables,Potato,2025-07-23,673.47,Metric Tonnes,887.88,Rs./Quintal,7,204,950.39,630.54,703.4485714285713
Punjab,Vegetables,Potato,2025-07-24,757.6,Metric Tonnes,927.22,Rs./Quintal,7,205,673.47,760.24,709.5814285714285
Punjab,Vegetables,Potato,2025-07-25,1079.91,Metric Tonnes,826.98,Rs./Quintal,7,206,757.6,853.99,709.2042857142858
Punjab,Vegetables,Potato,2025-07-26,734.52,Metric Tonnes,873.86,Rs./Quintal,7,207,1079.91,597.25,741.4785714285715
Punjab,Vegetables,Potato,2025-07-27,53.71,Metric Tonnes,1149.59,Rs./Quintal,7,208,734.52,76.0,761.0885714285715
Punjab,Vegetables,Potato,2025-07-28,1054.15,Metric Tonnes,842.7,Rs./Quintal,7,209,53.71,1055.73,757.9042857142857
Punjab,Vegetables,Potato,2025-07-29,958.04,Metric Tonnes,875.77,Rs./Quintal,7,210,1054.15,950.39,757.6785714285714
Punjab,Vegetables,Potato,2025-07-30,783.84,Metric Tonnes,802.12,Rs./Quintal,7,211,958.04,673.47,758.7714285714286
Punjab,Vegetables,Potato,2025-07-31,1194.5,Metric Tonnes,906.74,Rs./Quintal,7,212,783.84,757.6,774.5385714285715
Punjab,Vegetables,Potato,2025-08-01,703.29,Metric Tonnes,842.89,Rs./Quintal,8,213,1194.5,1079.91,836.9528571428572
Punjab,Vegetables,Potato,2025-08-02,761.2,Metric Tonnes,816.91,Rs./Quintal,8,214,703.29,734.52,783.15
Punjab,Vegetables,Potato,2025-08-03,49.23,Metric Tonnes,1279.42,Rs./Quintal,8,215,761.2,53.71,786.9614285714287
Punjab,Vegetables,Potato,2025-08-04,934.02,Metric Tonnes,778.83,Rs./Quintal,8,216,49.23,1054.15,786.3214285714287
Punjab,Vegetables,Potato,2025-08-05,1032.34,Metric Tonnes,717.34,Rs./Quintal,8,217,934.02,958.04,769.16
Punjab,Vegetables,Potato,2025-08-06,970.82,Metric Tonnes,795.32,Rs./Quintal,8,218,1032.34,783.84,779.7742857142857
Punjab,Vegetables,Potato,2025-08-07,699.79,Metric Tonnes,807.29,Rs./Quintal,8,219,970.82,1194.5,806.4857142857143
Punjab,Vegetables,Potato,2025-08-08,928.68,Metric Tonnes,766.2,Rs./Quintal,8,220,699.79,703.29,735.8128571428571
Punjab,Vegetables,Potato,2025-08-09,777.12,Metric Tonnes,785.55,Rs./Quintal,8,221,928.68,761.2,768.0114285714286
Punjab,Vegetables,Potato,2025-08-10,76.85,Metric Tonnes,1144.03,Rs./Quintal,8,222,777.12,49.23,770.2857142857143
Punjab,Vegetables,Potato,2025-08-11,918.77,Metric Tonnes,724.73,Rs./Quintal,8,223,76.85,934.02,774.2314285714285
Punjab,Vegetables,Potato,2025-08-12,1040.16,Metric Tonnes,788.05,Rs./Quintal,8,224,918.77,1032.34,772.0528571428571
Punjab,Vegetables,Potato,2025-08-13,789.79,Metric Tonnes,807.35,Rs./Quintal,8,225,1040.16,970.82,773.1700000000001
Punjab,Vegetables,Potato,2025-08-14,818.48,Metric Tonnes,813.59,Rs./Quintal,8,226,789.79,699.79,747.3085714285714
Punjab,Vegetables,Potato,2025-08-15,771.51,Metric Tonnes,784.05,Rs./Quintal,8,227,818.48,928.68,764.2642857142857
Punjab,Vegetables,Potato,2025-08-16,819.58,Metric Tonnes,818.28,Rs./Quintal,8,228,771.51,777.12,741.8114285714286
Punjab,Vegetables,Potato,2025-08-17,141.56,Metric Tonnes,944.44,Rs./Quintal,8,229,819.58,76.85,747.8771428571429
Punjab,Vegetables,Potato,2025-08-18,996.91,Metric Tonnes,737.9,Rs./Quintal,8,230,141.56,918.77,757.1214285714285
Punjab,Vegetables,Potato,2025-08-19,880.44,Metric Tonnes,850.07,Rs./Quintal,8,231,996.91,1040.16,768.2842857142857
Punjab,Vegetables,Potato,2025-08-20,995.94,Metric Tonnes,762.97,Rs./Quintal,8,232,880.44,789.79,745.4671428571429
Punjab,Vegetables,Potato,2025-08-21,879.49,Metric Tonnes,837.75,Rs./Quintal,8,233,995.94,818.48,774.9171428571428
Punjab,Vegetables,Potato,2025-08-22,885.17,Metric Tonnes,756.77,Rs./Quintal,8,234,879.49,771.51,783.6328571428572
Punjab,Vegetables,Potato,2025-08-23,740.79,Metric Tonnes,699.48,Rs./Quintal,8,235,885.17,819.58,799.87
Punjab,Vegetables,Potato,2025-08-24,61.1,Metric Tonnes,1103.65,Rs./Quintal,8,236,740.79,141.56,788.6142857142858
Punjab,Vegetables,Potato,2025-08-25,689.38,Metric Tonnes,717.92,Rs./Quintal,8,237,61.1,996.91,777.12
Punjab,Vegetables,Potato,2025-08-26,668.48,Metric Tonnes,850.73,Rs./Quintal,8,238,689.38,880.44,733.1871428571429
Punjab,Vegetables,Potato,2025-08-27,753.39,Metric Tonnes,801.98,Rs./Quintal,8,239,668.48,995.94,702.907142857143
Punjab,Vegetables,Potato,2025-08-28,902.6,Metric Tonnes,772.6,Rs./Quintal,8,240,753.39,879.49,668.2571428571429
Punjab,Vegetables,Potato,2025-08-29,863.62,Metric Tonnes,777.97,Rs./Quintal,8,241,902.6,885.17,671.5585714285714
Punjab,Vegetables,Potato,2025-08-30,771.13,Metric Tonnes,743.1,Rs./Quintal,8,242,863.62,740.79,668.4800000000001
Punjab,Vegetables,Potato,2025-08-31,47.9,Metric Tonnes,1161.9,Rs./Quintal,8,243,771.13,61.1,672.8142857142857
Punjab,Vegetables,Potato,2025-09-01,1383.17,Metric Tonnes,671.86,Rs./Quintal,9,244,47.9,689.38,670.9285714285714
Punjab,Vegetables,Potato,2025-09-02,944.43,Metric Tonnes,756.84,Rs./Quintal,9,245,1383.17,668.48,770.0414285714286
Punjab,Vegetables,Potato,2025-09-03,653.68,Metric Tonnes,879.74,Rs./Quintal,9,246,944.43,753.39,809.4628571428572
Punjab,Vegetables,Potato,2025-09-04,908.89,Metric Tonnes,800.07,Rs./Quintal,9,247,653.68,902.6,795.2185714285715
Punjab,Vegetables,Potato,2025-09-05,937.42,Metric Tonnes,796.86,Rs./Quintal,9,248,908.89,863.62,796.1171428571428
Punjab,Vegetables,Potato,2025-09-06,783.42,Metric Tonnes,805.93,Rs./Quintal,9,249,937.42,771.13,806.66
Punjab,Vegetables,Potato,2025-09-07,65.22,Metric Tonnes,1161.17,Rs./Quintal,9,250,783.42,47.9,808.4157142857142
Punjab,Vegetables,Potato,2025-09-08,1031.71,Metric Tonnes,791.57,Rs./Quintal,9,251,65.22,1383.17,810.8900000000001
Punjab,Vegetables,Potato,2025-09-09,1058.33,Metric Tonnes,781.86,Rs./Quintal,9,252,1031.71,944.43,760.6814285714287
Punjab,Vegetables,Potato,2025-09-10,789.56,Metric Tonnes,859.16,Rs./Quintal,9,253,1058.33,653.68,776.9528571428572
Punjab,Vegetables,Potato,2025-09-11,649.49,Metric Tonnes,808.9,Rs./Quintal,9,254,789.56,908.89,796.3642857142856
Punjab,Vegetables,Potato,2025-09-12,850.17,Metric Tonnes,795.21,Rs./Quintal,9,255,649.49,937.42,759.3071428571428
Punjab,Vegetables,Potato,2025-09-13,684.08,Metric Tonnes,825.08,Rs./Quintal,9,256,850.17,783.42,746.842857142857
Punjab,Vegetables,Potato,2025-09-14,39.4,Metric Tonnes,934.26,Rs./Quintal,9,257,684.08,65.22,732.6514285714285
Punjab,Vegetables,Potato,2025-09-15,681.03,Metric Tonnes,761.79,Rs./Quintal,9,258,39.4,1031.71,728.9628571428572
Punjab,Vegetables,Potato,2025-09-16,741.24,Metric Tonnes,755.43,Rs./Quintal,9,259,681.03,1058.33,678.8657142857143
Punjab,Vegetables,Potato,2025-09-17,850.1,Metric Tonnes,693.34,Rs./Quintal,9,260,741.24,789.56,633.5671428571429
Punjab,Vegetables,Potato,2025-09-18,791.07,Metric Tonnes,802.8,Rs./Quintal,9,261,850.1,649.49,642.2157142857143
Punjab,Vegetables,Potato,2025-09-19,649.86,Metric Tonnes,843.59,Rs./Quintal,9,262,791.07,850.17,662.4414285714286
Punjab,Vegetables,Potato,2025-09-20,319.71,Metric Tonnes,859.06,Rs./Quintal,9,263,649.86,684.08,633.8257142857144
Punjab,Vegetables,Potato,2025-09-21,142.69,Metric Tonnes,1042.34,Rs./Quintal,9,264,319.71,39.4,581.7728571428572
Punjab,Vegetables,Potato,2025-09-22,864.76,Metric Tonnes,707.84,Rs./Quintal,9,265,142.69,681.03,596.5285714285714
Punjab,Vegetables,Potato,2025-09-23,831.72,Metric Tonnes,806.48,Rs./Quintal,9,266,864.76,741.24,622.7757142857143
Punjab,Vegetables,Potato,2025-09-24,909.21,Metric Tonnes,777.6,Rs./Quintal,9,267,831.72,850.1,635.7014285714286
Punjab,Vegetables,Potato,2025-09-25,957.88,Metric Tonnes,825.56,Rs./Quintal,9,268,909.21,791.07,644.1457142857142
Punjab,Vegetables,Potato,2025-09-26,887.6,Metric Tonnes,801.18,Rs./Quintal,9,269,957.88,649.86,667.9757142857143
Punjab,Vegetables,Potato,2025-09-27,735.07,Metric Tonnes,831.32,Rs./Quintal,9,270,887.6,319.71,701.9385714285714
Punjab,Vegetables,Potato,2025-09-28,100.99,Metric Tonnes,1088.61,Rs./Quintal,9,271,735.07,142.69,761.2757142857143
Punjab,Vegetables,Potato,2025-09-29,870.2,Metric Tonnes,831.56,Rs./Quintal,9,272,100.99,864.76,755.3185714285715
Punjab,Vegetables,Potato,2025-09-30,980.68,Metric Tonnes,811.81,Rs./Quintal,9,273,870.2,831.72,756.0957142857143
Punjab,Vegetables,Potato,2025-10-01,981.1,Metric Tonnes,791.38,Rs./Quintal,10,274,980.68,909.21,777.3757142857143
Punjab,Vegetables,Potato,2025-10-02,909.78,Metric Tonnes,796.61,Rs./Quintal,10,275,981.1,957.88,787.6457142857143
Punjab,Vegetables,Potato,2025-10-03,1314.95,Metric Tonnes,856.68,Rs./Quintal,10,276,909.78,887.6,780.7742857142857
Punjab,Vegetables,Potato,2025-10-04,695.92,Metric Tonnes,829.36,Rs./Quintal,10,277,1314.95,735.07,841.8242857142858
Punjab,Vegetables,Potato,2025-10-05,51.53,Metric Tonnes,867.79,Rs./Quintal,10,278,695.92,100.99,836.2314285714285
Punjab,Vegetables,Potato,2025-10-06,919.84,Metric Tonnes,740.19,Rs./Quintal,10,279,51.53,870.2,829.1657142857142
Punjab,Vegetables,Potato,2025-10-07,562.99,Metric Tonnes,795.81,Rs./Quintal,10,280,919.84,980.68,836.2571428571429
Punjab,Vegetables,Potato,2025-10-08,818.22,Metric Tonnes,820.42,Rs./Quintal,10,281,562.99,981.1,776.5871428571428
Punjab,Vegetables,Potato,2025-10-09,753.33,Metric Tonnes,790.63,Rs./Quintal,10,282,818.22,909.78,753.3185714285715
Punjab,Vegetables,Potato,2025-10-10,569.86,Metric Tonnes,836.59,Rs./Quintal,10,283,753.33,1314.95,730.9685714285714
Punjab,Vegetables,Potato,2025-10-11,802.02,Metric Tonnes,768.5,Rs./Quintal,10,284,569.86,695.92,624.527142857143
Punjab,Vegetables,Potato,2025-10-12,65.4,Metric Tonnes,1094.82,Rs./Quintal,10,285,802.02,51.53,639.6842857142857
Punjab,Vegetables,Potato,2025-10-13,951.27,Metric Tonnes,773.53,Rs./Quintal,10,286,65.4,919.84,641.6657142857142
Punjab,Vegetables,Potato,2025-10-14,1101.79,Metric Tonnes,780.24,Rs./Quintal,10,287,951.27,562.99,646.1557142857143
Punjab,Vegetables,Potato,2025-10-15,718.03,Metric Tonnes,814.6,Rs./Quintal,10,288,1101.79,818.22,723.1271428571429
Punjab,Vegetables,Potato,2025-10-16,865.52,Metric Tonnes,770.79,Rs./Quintal,10,289,718.03,753.33,708.8142857142857
Punjab,Vegetables,Potato,2025-10-17,2322.07,Metric Tonnes,698.75,Rs./Quintal,10,290,865.52,569.86,724.8414285714287
Punjab,Vegetables,Potato,2025-10-18,1560.89,Metric Tonnes,677.7,Rs./Quintal,10,291,2322.07,802.02,975.157142857143
Punjab,Vegetables,Potato,2025-10-19,56.51,Metric Tonnes,1012.41,Rs./Quintal,10,292,1560.89,65.4,1083.567142857143
Punjab,Vegetables,Potato,2025-10-20,2781.76,Metric Tonnes,627.78,Rs./Quintal,10,293,56.51,951.27,1082.297142857143
Punjab,Vegetables,Potato,2025-10-21,657.91,Metric Tonnes,738.33,Rs./Quintal,10,294,2781.76,1101.79,1343.7957142857142
Punjab,Vegetables,Potato,2025-10-22,667.25,Metric Tonnes,1033.76,Rs./Quintal,10,295,657.91,718.03,1280.3842857142856
Punjab,Vegetables,Potato,2025-10-23,708.56,Metric Tonnes,911.55,Rs./Quintal,10,296,667.25,865.52,1273.1299999999999
Punjab,Vegetables,Potato,2025-10-24,831.59,Metric Tonnes,822.42,Rs./Quintal,10,297,708.56,2322.07,1250.707142857143
Punjab,Vegetables,Potato,2025-10-25,785.33,Metric Tonnes,818.76,Rs./Quintal,10,298,831.59,1560.89,1037.7814285714287
Punjab,Vegetables,Potato,2025-10-26,37.9,Metric Tonnes,948.35,Rs./Quintal,10,299,785.33,56.51,926.9871428571429
Punjab,Vegetables,Potato,2025-10-27,1037.15,Metric Tonnes,789.43,Rs./Quintal,10,300,37.9,2781.76,924.3285714285714
Punjab,Vegetables,Potato,2025-10-28,1058.77,Metric Tonnes,776.32,Rs./Quintal,10,301,1037.15,657.91,675.0985714285715
Punjab,Vegetables,Potato,2025-10-29,753.78,Metric Tonnes,852.44,Rs./Quintal,10,302,1058.77,667.25,732.3642857142858
Punjab,Vegetables,Potato,2025-10-30,855.77,Metric Tonnes,755.2,Rs./Quintal,10,303,753.78,708.56,744.7257142857143
Punjab,Vegetables,Potato,2025-10-31,938.6,Metric Tonnes,908.38,Rs./Quintal,10,304,855.77,831.59,765.7557142857142
Punjab,Vegetables,Potato,2025-11-01,791.14,Metric Tonnes,883.23,Rs./Quintal,11,305,938.6,785.33,781.0428571428572
Punjab,Vegetables,Potato,2025-11-02,37.86,Metric Tonnes,1016.98,Rs./Quintal,11,306,791.14,37.9,781.8728571428571
Punjab,Vegetables,Potato,2025-11-03,882.57,Metric Tonnes,833.99,Rs./Quintal,11,307,37.86,1037.15,781.8671428571428
Punjab,Vegetables,Potato,2025-11-04,519.24,Metric Tonnes,926.55,Rs./Quintal,11,308,882.57,1058.77,759.7842857142858
Punjab,Vegetables,Potato,2025-11-05,539.04,Metric Tonnes,1009.41,Rs./Quintal,11,309,519.24,753.78,682.7085714285714
Punjab,Vegetables,Potato,2025-11-06,666.68,Metric Tonnes,793.82,Rs./Quintal,11,310,539.04,855.77,652.0314285714286
Punjab,Vegetables,Potato,2025-11-07,2162.98,Metric Tonnes,682.28,Rs./Quintal,11,311,666.68,938.6,625.0185714285715
Punjab,Vegetables,Potato,2025-11-08,290.66,Metric Tonnes,763.02,Rs./Quintal,11,312,2162.98,791.14,799.9300000000001
Punjab,Vegetables,Potato,2025-11-09,20.34,Metric Tonnes,1007.37,Rs./Quintal,11,313,290.66,37.86,728.4328571428572
Punjab,Vegetables,Potato,2025-11-10,1132.96,Metric Tonnes,816.59,Rs./Quintal,11,314,20.34,882.57,725.9300000000001
Punjab,Vegetables,Potato,2025-11-11,1173.35,Metric Tonnes,923.15,Rs./Quintal,11,315,1132.96,519.24,761.6999999999999
Punjab,Vegetables,Potato,2025-11-12,724.95,Metric Tonnes,916.27,Rs./Quintal,11,316,1173.35,539.04,855.1442857142857
Punjab,Vegetables,Potato,2025-11-13,801.53,Metric Tonnes,831.2,Rs./Quintal,11,317,724.95,666.68,881.702857142857
Punjab,Vegetables,Potato,2025-11-14,1107.44,Metric Tonnes,968.45,Rs./Quintal,11,318,801.53,2162.98,900.9671428571429
Punjab,Vegetables,Potato,2025-11-15,521.68,Metric Tonnes,747.01,Rs./Quintal,11,319,1107.44,290.66,750.1757142857143
Punjab,Vegetables,Potato,2025-11-16,46.34,Metric Tonnes,1147.48,Rs./Quintal,11,320,521.68,20.34,783.1785714285714
Punjab,Vegetables,Potato,2025-11-17,2463.03,Metric Tonnes,748.46,Rs./Quintal,11,321,46.34,1132.96,786.892857142857
Punjab,Vegetables,Potato,2025-11-18,1525.72,Metric Tonnes,681.46,Rs./Quintal,11,322,2463.03,1173.35,976.9028571428571
Punjab,Vegetables,Potato,2025-11-19,1864.67,Metric Tonnes,970.27,Rs./Quintal,11,323,1525.72,724.95,1027.2414285714287
Punjab,Vegetables,Potato,2025-11-20,1377.16,Metric Tonnes,676.73,Rs./Quintal,11,324,1864.67,801.53,1190.0585714285714
Punjab,Vegetables,Potato,2025-11-21,1377.72,Metric Tonnes,708.59,Rs./Quintal,11,325,1377.16,1107.44,1272.2914285714287
Punjab,Vegetables,Potato,2025-11-22,1292.15,Metric Tonnes,580.88,Rs./Quintal,11,326,1377.72,521.68,1310.902857142857
Punjab,Vegetables,Potato,2025-11-23,83.07,Metric Tonnes,1229.08,Rs./Quintal,11,327,1292.15,46.34,1420.97
Punjab,Vegetables,Potato,2025-11-24,1701.23,Metric Tonnes,615.89,Rs./Quintal,11,328,83.07,2463.03,1426.217142857143
Punjab,Vegetables,Potato,2025-11-25,2229.36,Metric Tonnes,586.77,Rs./Quintal,11,329,1701.23,1525.72,1317.3885714285716
Punjab,Vegetables,Potato,2025-11-26,1575.01,Metric Tonnes,711.08,Rs./Quintal,11,330,2229.36,1864.67,1417.9085714285716
Punjab,Vegetables,Potato,2025-11-27,745.69,Metric Tonnes,813.99,Rs./Quintal,11,331,1575.01,1377.16,1376.5285714285715
Punjab,Vegetables,Potato,2025-11-28,1831.69,Metric Tonnes,577.01,Rs./Quintal,11,332,745.69,1377.72,1286.3185714285714
Punjab,Vegetables,Potato,2025-11-29,1164.91,Metric Tonnes,517.69,Rs./Quintal,11,333,1831.69,1292.15,1351.1714285714286
Punjab,Vegetables,Potato,2025-11-30,46.57,Metric Tonnes,1178.63,Rs./Quintal,11,334,1164.91,83.07,1332.9942857142858
Punjab,Vegetables,Potato,2025-12-01,1859.58,Metric Tonnes,539.27,Rs./Quintal,12,335,46.57,1701.23,1327.7800000000002
Punjab,Vegetables,Potato,2025-12-02,3255.93,Metric Tonnes,591.9,Rs./Quintal,12,336,1859.58,2229.36,1350.4014285714286
Punjab,Vegetables,Potato,2025-12-03,2149.72,Metric Tonnes,535.5,Rs./Quintal,12,337,3255.93,1575.01,1497.0542857142857
Punjab,Vegetables,Potato,2025-12-04,2422.97,Metric Tonnes,653.48,Rs./Quintal,12,338,2149.72,745.69,1579.155714285714
Punjab,Vegetables,Potato,2025-12-05,2884.05,Metric Tonnes,781.5,Rs./Quintal,12,339,2422.97,1831.69,1818.7671428571427
Punjab,Vegetables,Potato,2025-12-06,1909.11,Metric Tonnes,738.51,Rs./Quintal,12,340,2884.05,1164.91,1969.1042857142857
Punjab,Vegetables,Potato,2025-12-07,426.74,Metric Tonnes,1461.42,Rs./Quintal,12,341,1909.11,46.57,2075.4185714285713
Punjab,Vegetables,Potato,2025-12-08,2456.19,Metric Tonnes,655.32,Rs./Quintal,12,342,426.74,1859.58,2129.7285714285713
Punjab,Vegetables,Potato,2025-12-09,3137.95,Metric Tonnes,625.17,Rs./Quintal,12,343,2456.19,3255.93,2214.9585714285713
Punjab,Vegetables,Potato,2025-12-10,2778.78,Metric Tonnes,631.52,Rs./Quintal,12,344,3137.95,2149.72,2198.1042857142857
Punjab,Vegetables,Potato,2025-12-11,1824.57,Metric Tonnes,474.72,Rs./Quintal,12,345,2778.78,2422.97,2287.9700000000003
Punjab,Vegetables,Potato,2025-12-12,2106.68,Metric Tonnes,670.39,Rs./Quintal,12,346,1824.57,2884.05,2202.4842857142858
Punjab,Vegetables,Potato,2025-12-13,1197.93,Metric Tonnes,437.11,Rs./Quintal,12,347,2106.68,1909.11,2091.4314285714286
Punjab,Vegetables,Potato,2025-12-14,419.3,Metric Tonnes,1378.88,Rs./Quintal,12,348,1197.93,426.74,1989.8342857142854
Punjab,Vegetables,Potato,2025-12-15,2238.79,Metric Tonnes,646.31,Rs./Quintal,12,349,419.3,2456.19,1988.7714285714285
Punjab,Vegetables,Potato,2025-12-16,2879.96,Metric Tonnes,590.5,Rs./Quintal,12,350,2238.79,3137.95,1957.7142857142856
Punjab,Vegetables,Potato,2025-12-17,2181.05,Metric Tonnes,591.39,Rs./Quintal,12,351,2879.96,2778.78,1920.8585714285714
Punjab,Vegetables,Potato,2025-12-18,1973.23,Metric Tonnes,575.32,Rs./Quintal,12,352,2181.05,1824.57,1835.4685714285713
Punjab,Vegetables,Potato,2025-12-19,1889.47,Metric Tonnes,606.15,Rs./Quintal,12,353,1973.23,2106.68,1856.705714285714
Punjab,Vegetables,Potato,2025-12-20,1318.08,Metric Tonnes,602.78,Rs./Quintal,12,354,1889.47,1197.93,1825.6757142857143
Punjab,Vegetables,Potato,2025-12-21,55.11,Metric Tonnes,802.92,Rs./Quintal,12,355,1318.08,419.3,1842.8400000000001
Punjab,Vegetables,Potato,2025-12-22,3490.33,Metric Tonnes,607.52,Rs./Quintal,12,356,55.11,2238.79,1790.8128571428572
Punjab,Vegetables,Potato,2025-12-23,2021.49,Metric Tonnes,570.13,Rs./Quintal,12,357,3490.33,2879.96,1969.6042857142857
Punjab,Vegetables,Potato,2025-12-24,1885.47,Metric Tonnes,555.08,Rs./Quintal,12,358,2021.49,2181.05,1846.9657142857143
Punjab,Vegetables,Potato,2025-12-25,1810.14,Metric Tonnes,594.18,Rs./Quintal,12,359,1885.47,1973.23,1804.74
Punjab,Vegetables,Potato,2025-12-26,1802.25,Metric Tonnes,591.1,Rs./Quintal,12,360,1810.14,1889.47,1781.4414285714286
Punjab,Vegetables,Potato,2025-12-27,1050.15,Metric Tonnes,658.01,Rs./Quintal,12,361,1802.25,1318.08,1768.9814285714285
Punjab,Vegetables,Potato,2025-12-28,59.95,Metric Tonnes,762.35,Rs./Quintal,12,362,1050.15,55.11,1730.7057142857143
Punjab,Vegetables,Potato,2025-12-29,1609.32,Metric Tonnes,554.35,Rs./Quintal,12,363,59.95,3490.33,1731.3971428571426
Punjab,Vegetables,Potato,2025-12-30,1572.78,Metric Tonnes,595.59,Rs./Quintal,12,364,1609.32,2021.49,1462.6814285714286
Punjab,Vegetables,Potato,2025-12-31,2114.32,Metric Tonnes,552.43,Rs./Quintal,12,365,1572.78,1885.47,1398.58
Punjab,Vegetables,Potato,2026-01-01,1141.91,Metric Tonnes,531.55,Rs./Quintal,1,1,2114.32,1810.14,1431.2728571428572
Punjab,Vegetables,Potato,2026-01-02,1444.74,Metric Tonnes,630.12,Rs./Quintal,1,2,1141.91,1802.25,1335.8114285714287
Punjab,Vegetables,Potato,2026-01-03,937.52,Metric Tonnes,679.95,Rs./Quintal,1,3,1444.74,1050.15,1284.7385714285715
Punjab,Vegetables,Potato,2026-01-04,54.52,Metric Tonnes,714.1,Rs./Quintal,1,4,937.52,59.95,1268.6485714285716
Punjab,Vegetables,Potato,2026-01-05,2318.56,Metric Tonnes,617.09,Rs./Quintal,1,5,54.52,1609.32,1267.8728571428571
Punjab,Vegetables,Potato,2026-01-06,1694.83,Metric Tonnes,599.03,Rs./Quintal,1,6,2318.56,1572.78,1369.1928571428573
Punjab,Vegetables,Potato,2026-01-07,2115.39,Metric Tonnes,525.87,Rs./Quintal,1,7,1694.83,2114.32,1386.6285714285714
Punjab,Vegetables,Potato,2026-01-08,2149.64,Metric Tonnes,545.59,Rs./Quintal,1,8,2115.39,1141.91,1386.7814285714287
Punjab,Vegetables,Potato,2026-01-09,1808.61,Metric Tonnes,567.14,Rs./Quintal,1,9,2149.64,1444.74,1530.7428571428572
Punjab,Vegetables,Potato,2026-01-10,1154.25,Metric Tonnes,641.06,Rs./Quintal,1,10,1808.61,937.52,1582.7242857142853
Punjab,Vegetables,Potato,2026-01-11,45.64,Metric Tonnes,609.6,Rs./Quintal,1,11,1154.25,54.52,1613.685714285714
Punjab,Vegetables,Potato,2026-01-12,1639.7,Metric Tonnes,573.52,Rs./Quintal,1,12,45.64,2318.56,1612.4171428571428
Punjab,Vegetables,Potato,2026-01-13,1854.62,Metric Tonnes,567.56,Rs./Quintal,1,13,1639.7,1694.83,1515.4371428571428
Punjab,Vegetables,Potato,2026-01-14,1837.49,Metric Tonnes,623.32,Rs./Quintal,1,14,1854.62,2115.39,1538.2642857142857
Punjab,Vegetables,Potato,2026-01-15,1594.51,Metric Tonnes,580.08,Rs./Quintal,1,15,1837.49,2149.64,1498.5642857142855
Punjab,Vegetables,Potato,2026-01-16,1596.26,Metric Tonnes,539.46,Rs./Quintal,1,16,1594.51,1808.61,1419.26
Punjab,Vegetables,Potato,2026-01-17,611.78,Metric Tonnes,410.33,Rs./Quintal,1,17,1596.26,1154.25,1388.9242857142856
Punjab,Vegetables,Potato,2026-01-18,67.49,Metric Tonnes,581.51,Rs./Quintal,1,18,611.78,45.64,1311.4285714285713
Punjab,Vegetables,Potato,2026-01-19,1456.18,Metric Tonnes,396.83,Rs./Quintal,1,19,67.49,1639.7,1314.55
Punjab,Vegetables,Potato,2026-01-20,2075.19,Metric Tonnes,510.42,Rs./Quintal,1,20,1456.18,1854.62,1288.3328571428572
Punjab,Vegetables,Potato,2026-01-21,1824.46,Metric Tonnes,363.06,Rs./Quintal,1,21,2075.19,1837.49,1319.8428571428572
Punjab,Vegetables,Potato,2026-01-22,1327.04,Metric Tonnes,370.53,Rs./Quintal,1,22,1824.46,1594.51,1317.9814285714285
Punjab,Vegetables,Potato,2026-01-23,909.97,Metric Tonnes,396.47,Rs./Quintal,1,23,1327.04,1596.26,1279.7714285714285
Punjab,Vegetables,Potato,2026-01-24,732.67,Metric Tonnes,450.7,Rs./Quintal,1,24,909.97,611.78,1181.7299999999998
Punjab,Vegetables,Potato,2026-01-25,35.0,Metric Tonnes,547.43,Rs./Quintal,1,25,732.67,67.49,1199.0
Punjab,Vegetables,Potato,2026-01-26,1017.56,Metric Tonnes,424.84,Rs./Quintal,1,26,35.0,1456.18,1194.3585714285714
Punjab,Vegetables,Potato,2026-01-27,1169.38,Metric Tonnes,424.11,Rs./Quintal,1,27,1017.56,2075.19,1131.6985714285713
Punjab,Vegetables,Potato,2026-01-28,1188.54,Metric Tonnes,423.27,Rs./Quintal,1,28,1169.38,1824.46,1002.2971428571428
Punjab,Vegetables,Potato,2026-01-29,1301.81,Metric Tonnes,425.98,Rs./Quintal,1,29,1188.54,1327.04,911.4514285714286
Punjab,Vegetables,Potato,2026-01-30,1105.47,Metric Tonnes,439.92,Rs./Quintal,1,30,1301.81,909.97,907.8471428571429
Punjab,Vegetables,Potato,2026-01-31,587.08,Metric Tonnes,408.93,Rs./Quintal,1,31,1105.47,732.67,935.7757142857142
Punjab,Vegetables,Potato,2026-02-01,35.61,Metric Tonnes,652.82,Rs./Quintal,2,32,587.08,35.0,914.9771428571428
Punjab,Vegetables,Potato,2026-02-02,1401.56,Metric Tonnes,390.51,Rs./Quintal,2,33,35.61,1017.56,915.0642857142857
Punjab,Vegetables,Potato,2026-02-03,1385.92,Metric Tonnes,384.0,Rs./Quintal,2,34,1401.56,1169.38,969.9214285714286
Punjab,Vegetables,Potato,2026-02-04,1495.1,Metric Tonnes,441.86,Rs./Quintal,2,35,1385.92,1188.54,1000.8557142857143
Punjab,Vegetables,Potato,2026-02-05,1375.78,Metric Tonnes,435.82,Rs./Quintal,2,36,1495.1,1301.81,1044.65
Punjab,Vegetables,Potato,2026-02-06,1485.99,Metric Tonnes,480.43,Rs./Quintal,2,37,1375.78,1105.47,1055.2171428571428
Punjab,Vegetables,Potato,2026-02-07,828.77,Metric Tonnes,529.32,Rs./Quintal,2,38,1485.99,587.08,1109.577142857143
Punjab,Vegetables,Potato,2026-02-08,132.2,Metric Tonnes,513.57,Rs./Quintal,2,39,828.77,35.61,1144.1042857142859
Punjab,Vegetables,Potato,2026-02-09,1558.17,Metric Tonnes,349.28,Rs./Quintal,2,40,132.2,1401.56,1157.902857142857
Punjab,Vegetables,Potato,2026-02-10,1554.0,Metric Tonnes,416.63,Rs./Quintal,2,41,1558.17,1385.92,1180.2757142857142
Punjab,Vegetables,Potato,2026-02-11,1483.69,Metric Tonnes,397.38,Rs./Quintal,2,42,1554.0,1495.1,1204.287142857143
Punjab,Vegetables,Potato,2026-02-12,1472.73,Metric Tonnes,414.76,Rs./Quintal,2,43,1483.69,1375.78,1202.6571428571428
Punjab,Vegetables,Potato,2026-02-13,1385.06,Metric Tonnes,414.13,Rs./Quintal,2,44,1472.73,1485.99,1216.5071428571428
Punjab,Vegetables,Potato,2026-02-14,659.27,Metric Tonnes,331.49,Rs./Quintal,2,45,1385.06,828.77,1202.0885714285716
Punjab,Vegetables,Potato,2026-02-15,57.67,Metric Tonnes,597.85,Rs./Quintal,2,46,659.27,132.2,1177.8742857142856
Punjab,Vegetables,Potato,2026-02-16,1362.05,Metric Tonnes,479.36,Rs./Quintal,2,47,57.67,1558.17,1167.2271428571428
Punjab,Vegetables,Potato,2026-02-17,1347.84,Metric Tonnes,448.15,Rs./Quintal,2,48,1362.05,1554.0,1139.21
Punjab,Vegetables,Potato,2026-02-18,1823.92,Metric Tonnes,492.4,Rs./Quintal,2,49,1347.84,1483.69,1109.7585714285713
Punjab,Vegetables,Potato,2026-02-19,1608.24,Metric Tonnes,419.66,Rs./Quintal,2,50,1823.92,1472.73,1158.362857142857
Punjab,Vegetables,Potato,2026-02-20,1485.05,Metric Tonnes,443.28,Rs./Quintal,2,51,1608.24,1385.06,1177.7214285714285
Punjab,Vegetables,Potato,2026-02-21,8392.46,Metric Tonnes,494.54,Rs./Quintal,2,52,1485.05,659.27,1192.0057142857145
Punjab,Vegetables,Potato,2026-02-22,57.8,Metric Tonnes,561.42,Rs./Quintal,2,53,8392.46,57.67,2296.747142857143
Punjab,Vegetables,Potato,2026-02-23,1783.27,Metric Tonnes,425.6,Rs./Quintal,2,54,57.8,1362.05,2296.7657142857142
Punjab,Vegetables,Potato,2026-02-24,1701.96,Metric Tonnes,430.15,Rs./Quintal,2,55,1783.27,1347.84,2356.94
Punjab,Vegetables,Potato,2026-02-25,2032.01,Metric Tonnes,441.95,Rs./Quintal,2,56,1701.96,1823.92,2407.5285714285715
Punjab,Vegetables,Potato,2026-02-26,1468.79,Metric Tonnes,423.17,Rs./Quintal,2,57,2032.01,1608.24,2437.2557142857145
Punjab,Vegetables,Potato,2026-02-27,1463.76,Metric Tonnes,419.52,Rs./Quintal,2,58,1468.79,1485.05,2417.3342857142857
Punjab,Vegetables,Potato,2026-02-28,2299.02,Metric Tonnes,597.91,Rs./Quintal,2,59,1463.76,8392.46,2414.292857142857
Punjab,Vegetables,Potato,2026-03-01,50.66,Metric Tonnes,576.88,Rs./Quintal,3,60,2299.02,57.8,1543.8014285714287
Punjab,Vegetables,Potato,2026-03-02,1790.05,Metric Tonnes,411.48,Rs./Quintal,3,61,50.66,1783.27,1542.7814285714287
Punjab,Vegetables,Potato,2026-03-03,1560.19,Metric Tonnes,420.16,Rs./Quintal,3,62,1790.05,1701.96,1543.75
Punjab,Vegetables,Potato,2026-03-04,1452.05,Metric Tonnes,410.9,Rs./Quintal,3,63,1560.19,2032.01,1523.4971428571428
Punjab,Vegetables,Potato,2026-03-05,1530.73,Metric Tonnes,409.47,Rs./Quintal,3,64,1452.05,1468.79,1440.6457142857143
Punjab,Vegetables,Potato,2026-03-06,1008.21,Metric Tonnes,450.29,Rs./Quintal,3,65,1530.73,1463.76,1449.4942857142855
Punjab,Vegetables,Potato,2026-03-07,690.97,Metric Tonnes,430.51,Rs./Quintal,3,66,1008.21,2299.02,1384.4157142857143
Punjab,Vegetables,Potato,2026-03-08,73.15,Metric Tonnes,485.84,Rs./Quintal,3,67,690.97,50.66,1154.6942857142858
Punjab,Vegetables,Potato,2026-03-09,1607.31,Metric Tonnes,396.55,Rs./Quintal,3,68,73.15,1790.05,1157.9071428571428
Punjab,Vegetables,Potato,2026-03-10,1666.73,Metric Tonnes,391.79,Rs./Quintal,3,69,1607.31,1560.19,1131.8014285714287
Punjab,Vegetables,Potato,2026-03-11,1898.19,Metric Tonnes,388.12,Rs./Quintal,3,70,1666.73,1452.05,1147.0214285714285
Punjab,Vegetables,Potato,2026-03-12,1302.02,Metric Tonnes,421.18,Rs./Quintal,3,71,1898.19,1530.73,1210.7557142857145
Punjab,Vegetables,Potato,2026-03-13,1504.27,Metric Tonnes,371.04,Rs./Quintal,3,72,1302.02,1008.21,1178.0828571428572
Punjab,Vegetables,Potato,2026-03-14,1151.82,Metric Tonnes,428.17,Rs./Quintal,3,73,1504.27,690.97,1248.9485714285713
Punjab,Vegetables,Potato,2026-03-15,59.88,Metric Tonnes,473.87,Rs./Quintal,3,74,1151.82,73.15,1314.7842857142857
Punjab,Vegetables,Potato,2026-03-16,1698.55,Metric Tonnes,416.39,Rs./Quintal,3,75,59.88,1607.31,1312.8885714285716
Punjab,Vegetables,Potato,2026-03-17,2153.55,Metric Tonnes,388.92,Rs./Quintal,3,76,1698.55,1666.73,1325.922857142857
Punjab,Vegetables,Potato,2026-03-18,1573.29,Metric Tonnes,430.94,Rs./Quintal,3,77,2153.55,1898.19,1395.4685714285715
Punjab,Vegetables,Potato,2026-03-19,2007.23,Metric Tonnes,375.53,Rs./Quintal,3,78,1573.29,1302.02,1349.0542857142857
Punjab,Vegetables,Potato,2026-03-20,2223.93,Metric Tonnes,429.71,Rs./Quintal,3,79,2007.23,1504.27,1449.7985714285714
Punjab,Vegetables,Potato,2026-03-21,548.05,Metric Tonnes,350.04,Rs./Quintal,3,80,2223.93,1151.82,1552.607142857143
Punjab,Vegetables,Potato,2026-03-22,42.6,Metric Tonnes,480.23,Rs./Quintal,3,81,548.05,59.88,1466.3542857142857
Punjab,Vegetables,Potato,2026-03-23,1477.11,Metric Tonnes,397.13,Rs./Quintal,3,82,42.6,1698.55,1463.8857142857144
Punjab,Vegetables,Potato,2026-03-24,2050.08,Metric Tonnes,376.2,Rs./Quintal,3,83,1477.11,2153.55,1432.2514285714283
Punjab,Vegetables,Potato,2026-03-25,2049.67,Metric Tonnes,329.57,Rs./Quintal,3,84,2050.08,1573.29,1417.47
Punjab,Vegetables,Potato,2026-03-26,1915.14,Metric Tonnes,345.62,Rs./Quintal,3,85,2049.67,2007.23,1485.5242857142855
Punjab,Vegetables,Potato,2026-03-27,2011.99,Metric Tonnes,342.07,Rs./Quintal,3,86,1915.14,2223.93,1472.3685714285714
Punjab,Vegetables,Potato,2026-03-28,423.13,Metric Tonnes,552.89,Rs./Quintal,3,87,2011.99,548.05,1442.0914285714284
Punjab,Vegetables,Potato,2026-03-29,55.45,Metric Tonnes,523.34,Rs./Quintal,3,88,423.13,42.6,1424.2457142857143
Punjab,Vegetables,Potato,2026-03-30,2169.4,Metric Tonnes,307.13,Rs./Quintal,3,89,55.45,1477.11,1426.0814285714284
Punjab,Vegetables,Potato,2026-03-31,2012.21,Metric Tonnes,323.9,Rs./Quintal,3,90,2169.4,2050.08,1524.9799999999998
Punjab,Vegetables,Potato,2026-04-01,1891.46,Metric Tonnes,320.5,Rs./Quintal,4,91,2012.21,2049.67,1519.57
Punjab,Vegetables,Potato,2026-04-02,1504.02,Metric Tonnes,251.96,Rs./Quintal,4,92,1891.46,1915.14,1496.9685714285713
Punjab,Vegetables,Potato,2026-04-03,1505.2,Metric Tonnes,336.42,Rs./Quintal,4,93,1504.02,2011.99,1438.2371428571428
Punjab,Vegetables,Potato,2026-04-04,1688.1,Metric Tonnes,320.6,Rs./Quintal,4,94,1505.2,423.13,1365.8385714285716
Punjab,Vegetables,Potato,2026-04-05,52.06,Metric Tonnes,556.77,Rs./Quintal,4,95,1688.1,55.45,1546.5485714285714
Punjab,Vegetables,Potato,2026-04-06,1815.97,Metric Tonnes,326.96,Rs./Quintal,4,96,52.06,2169.4,1546.064285714286
Punjab,Vegetables,Potato,2026-04-07,1700.18,Metric Tonnes,313.37,Rs./Quintal,4,97,1815.97,2012.21,1495.5742857142857
Punjab,Vegetables,Potato,2026-04-08,1363.05,Metric Tonnes,327.19,Rs./Quintal,4,98,1700.18,1891.46,1450.9985714285715
Punjab,Vegetables,Potato,2026-04-09,1394.64,Metric Tonnes,371.18,Rs./Quintal,4,99,1363.05,1504.02,1375.5114285714285
Punjab,Vegetables,Potato,2026-04-10,1655.54,Metric Tonnes,335.74,Rs./Quintal,4,100,1394.64,1505.2,1359.8857142857144
Punjab,Vegetables,Potato,2026-04-11,1106.13,Metric Tonnes,309.34,Rs./Quintal,4,101,1655.54,1688.1,1381.3628571428574
Punjab,Vegetables,Potato,2026-04-12,46.34,Metric Tonnes,569.51,Rs./Quintal,4,102,1106.13,52.06,1298.2242857142858
Punjab,Vegetables,Potato,2026-04-13,1564.27,Metric Tonnes,336.29,Rs./Quintal,4,103,46.34,1815.97,1297.4071428571428
Punjab,Vegetables,Potato,2026-04-14,1045.38,Metric Tonnes,388.41,Rs./Quintal,4,104,1564.27,1700.18,1261.45
Punjab,Vegetables,Potato,2026-04-15,1556.9,Metric Tonnes,348.43,Rs./Quintal,4,105,1045.38,1363.05,1167.9071428571428
Punjab,Vegetables,Potato,2026-04-16,1434.03,Metric Tonnes,348.42,Rs./Quintal,4,106,1556.9,1394.64,1195.6000000000001
Punjab,Vegetables,Potato,2026-04-17,1230.54,Metric Tonnes,394.34,Rs./Quintal,4,107,1434.03,1655.54,1201.2271428571428
Punjab,Vegetables,Potato,2026-04-18,758.83,Metric Tonnes,347.47,Rs./Quintal,4,108,1230.54,1106.13,1140.5128571428572
Punjab,Vegetables,Potato,2026-04-19,52.52,Metric Tonnes,565.92,Rs./Quintal,4,109,758.83,46.34,1090.8985714285714
Punjab,Vegetables,Potato,2026-04-20,1256.93,Metric Tonnes,384.24,Rs./Quintal,4,110,52.52,1564.27,1091.7814285714287
Punjab,Vegetables,Potato,2026-04-21,1083.54,Metric Tonnes,403.45,Rs./Quintal,4,111,1256.93,1045.38,1047.8757142857144
Punjab,Vegetables,Potato,2026-04-22,1076.9,Metric Tonnes,437.64,Rs./Quintal,4,112,1083.54,1556.9,1053.327142857143
Punjab,Vegetables,Potato,2026-04-23,924.82,Metric Tonnes,444.8,Rs./Quintal,4,113,1076.9,1434.03,984.7557142857142
Punjab,Vegetables,Potato,2026-04-24,1147.76,Metric Tonnes,421.97,Rs./Quintal,4,114,924.82,1230.54,912.0114285714287
Punjab,Vegetables,Potato,2026-04-25,1003.36,Metric Tonnes,419.42,Rs./Quintal,4,115,1147.76,758.83,900.1857142857144
Punjab,Vegetables,Potato,2026-04-26,54.43,Metric Tonnes,512.22,Rs./Quintal,4,116,1003.36,52.52,935.1185714285715
Punjab,Vegetables,Potato,2026-04-27,1142.22,Metric Tonnes,432.6,Rs./Quintal,4,117,54.43,1256.93,935.3914285714287
Punjab,Vegetables,Potato,2026-04-28,1472.86,Metric Tonnes,398.57,Rs./Quintal,4,118,1142.22,1083.54,919.0042857142856
Punjab,Vegetables,Potato,2026-04-29,1401.61,Metric Tonnes,408.42,Rs./Quintal,4,119,1472.86,1076.9,974.6214285714286
Punjab,Vegetables,Potato,2026-04-30,2350.71,Metric Tonnes,512.98,Rs./Quintal,4,120,1401.61,924.82,1021.0085714285715
Punjab,Vegetables,Potato,2026-05-01,818.11,Metric Tonnes,455.54,Rs./Quintal,5,121,2350.71,1147.76,1224.707142857143
Punjab,Vegetables,Potato,2026-05-02,1104.31,Metric Tonnes,343.18,Rs./Quintal,5,122,818.11,1003.36,1177.6142857142856
Punjab,Vegetables,Potato,2026-05-03,57.37,Metric Tonnes,477.98,Rs./Quintal,5,123,1104.31,54.43,1192.0357142857142
Punjab,Vegetables,Potato,2026-05-04,1118.99,Metric Tonnes,446.48,Rs./Quintal,5,124,57.37,1142.22,1192.4557142857143
Punjab,Vegetables,Potato,2026-05-05,1405.84,Metric Tonnes,383.12,Rs./Quintal,5,125,1118.99,1472.86,1189.137142857143
Punjab,Vegetables,Potato,2026-05-06,1227.33,Metric Tonnes,410.77,Rs./Quintal,5,126,1405.84,1401.61,1179.562857142857
Punjab,Vegetables,Potato,2026-05-07,1259.79,Metric Tonnes,427.38,Rs./Quintal,5,127,1227.33,2350.71,1154.6657142857143
Punjab,Vegetables,Potato,2026-05-08,1155.43,Metric Tonnes,442.01,Rs./Quintal,5,128,1259.79,818.11,998.8199999999999
Punjab,Vegetables,Potato,2026-05-09,962.06,Metric Tonnes,581.43,Rs./Quintal,5,129,1155.43,1104.31,1047.0085714285715
Punjab,Vegetables,Potato,2026-05-10,58.77,Metric Tonnes,567.63,Rs./Quintal,5,130,962.06,57.37,1026.6871428571428
Punjab,Vegetables,Potato,2026-05-11,1268.48,Metric Tonnes,409.13,Rs./Quintal,5,131,58.77,1118.99,1026.8871428571429
Punjab,Vegetables,Potato,2026-05-12,1787.33,Metric Tonnes,471.77,Rs./Quintal,5,132,1268.48,1405.84,1048.242857142857
Punjab,Vegetables,Potato,2026-05-13,1517.97,Metric Tonnes,389.69,Rs./Quintal,5,133,1787.33,1227.33,1102.7414285714285
Punjab,Vegetables,Potato,2026-05-14,1428.89,Metric Tonnes,526.97,Rs./Quintal,5,134,1517.97,1259.79,1144.2614285714285
Punjab,Vegetables,Potato,2026-05-15,622.19,Metric Tonnes,483.4,Rs./Quintal,5,135,1428.89,1155.43,1168.4185714285716
Punjab,Vegetables,Potato,2026-05-16,1039.97,Metric Tonnes,552.7,Rs./Quintal,5,136,622.19,962.06,1092.2414285714285
Punjab,Vegetables,Potato,2026-05-17,20.6,Metric Tonnes,677.43,Rs./Quintal,5,137,1039.97,58.77,1103.3714285714286
Punjab,Vegetables,Potato,2026-05-18,1120.81,Metric Tonnes,387.55,Rs./Quintal,5,138,20.6,1268.48,1097.9185714285716
Punjab,Vegetables,Potato,2026-05-19,1432.51,Metric Tonnes,483.42,Rs./Quintal,5,139,1120.81,1787.33,1076.8228571428572
Punjab,Vegetables,Potato,2026-05-20,1870.23,Metric Tonnes,667.9,Rs./Quintal,5,140,1432.51,1517.97,1026.1342857142859
Punjab,Vegetables,Potato,2026-05-21,1044.55,Metric Tonnes,594.6,Rs./Quintal,5,141,1870.23,1428.89,1076.4571428571428
Punjab,Vegetables,Potato,2026-05-22,921.72,Metric Tonnes,445.67,Rs./Quintal,5,142,1044.55,622.19,1021.5514285714286
Punjab,Vegetables,Potato,2026-05-23,720.54,Metric Tonnes,588.28,Rs./Quintal,5,143,921.72,1039.97,1064.3414285714287
Punjab,Vegetables,Potato,2026-05-24,44.95,Metric Tonnes,561.13,Rs./Quintal,5,144,720.54,20.6,1018.7085714285714
Punjab,Vegetables,Potato,2026-05-25,1034.72,Metric Tonnes,541.8,Rs./Quintal,5,145,44.95,1120.81,1022.1871428571428
Punjab,Vegetables,Potato,2026-05-26,1749.05,Metric Tonnes,488.19,Rs./Quintal,5,146,1034.72,1432.51,1009.8885714285715
Punjab,Vegetables,Potato,2026-05-27,1315.41,Metric Tonnes,553.36,Rs./Quintal,5,147,1749.05,1870.23,1055.1085714285714
Punjab,Vegetables,Potato,2026-05-28,1137.0,Metric Tonnes,521.16,Rs./Quintal,5,148,1315.41,1044.55,975.8485714285715
Punjab,Vegetables,Potato,2026-05-29,731.84,Metric Tonnes,408.55,Rs./Quintal,5,149,1137.0,921.72,989.0557142857143
Punjab,Vegetables,Potato,2026-05-30,1112.78,Metric Tonnes,502.53,Rs./Quintal,5,150,731.84,720.54,961.9300000000001
Punjab,Vegetables,Potato,2026-05-31,29.41,Metric Tonnes,617.81,Rs./Quintal,5,151,1112.78,44.95,1017.9642857142857
Punjab,Vegetables,Potato,2026-06-01,1312.68,Metric Tonnes,531.35,Rs./Quintal,6,152,29.41,1034.72,1015.7442857142858
Punjab,Vegetables,Potato,2026-06-02,1243.28,Metric Tonnes,561.29,Rs./Quintal,6,153,1312.68,1749.05,1055.452857142857
Punjab,Vegetables,Potato,2026-06-03,1239.84,Metric Tonnes,544.96,Rs./Quintal,6,154,1243.28,1315.41,983.2
Punjab,Vegetables,Potato,2026-06-04,933.17,Metric Tonnes,518.29,Rs./Quintal,6,155,1239.84,1137.0,972.4042857142857
Punjab,Vegetables,Potato,2026-06-05,1146.61,Metric Tonnes,565.21,Rs./Quintal,6,156,933.17,731.84,943.2857142857143
Punjab,Vegetables,Potato,2026-06-06,762.97,Metric Tonnes,504.46,Rs./Quintal,6,157,1146.61,1112.78,1002.5385714285713
Punjab,Vegetables,Potato,2026-06-07,45.0,Metric Tonnes,728.67,Rs./Quintal,6,158,762.97,29.41,952.5657142857143
Punjab,Vegetables,Potato,2026-06-08,1418.47,Metric Tonnes,571.04,Rs./Quintal,6,159,45.0,1312.68,954.7928571428572
Punjab,Vegetables,Potato,2026-06-09,1275.44,Metric Tonnes,553.48,Rs./Quintal,6,160,1418.47,1243.28,969.9057142857143
Punjab,Vegetables,Potato,2026-06-10,1198.49,Metric Tonnes,598.66,Rs./Quintal,6,161,1275.44,1239.84,974.5
Punjab,Vegetables,Potato,2026-06-11,1081.43,Metric Tonnes,590.07,Rs./Quintal,6,162,1198.49,933.17,968.592857142857
Punjab,Vegetables,Potato,2026-06-12,1121.1,Metric Tonnes,555.78,Rs./Quintal,6,163,1081.43,1146.61,989.7728571428571
Punjab,Vegetables,Potato,2026-06-13,796.19,Metric Tonnes,599.71,Rs./Quintal,6,164,1121.1,762.97,986.1285714285714
Punjab,Vegetables,Potato,2026-06-14,34.57,Metric Tonnes,654.44,Rs./Quintal,6,165,796.19,45.0,990.8742857142857
Punjab,Vegetables,Potato,2026-06-15,1359.79,Metric Tonnes,602.46,Rs./Quintal,6,166,34.57,1418.47,989.3842857142856
Punjab,Vegetables,Potato,2026-06-16,1252.27,Metric Tonnes,640.86,Rs./Quintal,6,167,1359.79,1275.44,981.0014285714285
Punjab,Vegetables,Potato,2026-06-17,1284.76,Metric Tonnes,599.73,Rs./Quintal,6,168,1252.27,1198.49,977.6914285714286
Punjab,Vegetables,Potato,2026-06-18,1116.13,Metric Tonnes,627.04,Rs./Quintal,6,169,1284.76,1081.43,990.0157142857144
Punjab,Vegetables,Potato,2026-06-19,1173.09,Metric Tonnes,618.25,Rs./Quintal,6,170,1116.13,1121.1,994.972857142857
Punjab,Vegetables,Potato,2026-06-20,426.34,Metric Tonnes,504.87,Rs./Quintal,6,171,1173.09,796.19,1002.3999999999999
Punjab,Vegetables,Potato,2026-06-21,44.6,Metric Tonnes,622.85,Rs./Quintal,6,172,426.34,34.57,949.5642857142857
Punjab,Vegetables,Potato,2026-06-22,1279.12,Metric Tonnes,627.72,Rs./Quintal,6,173,44.6,1359.79,950.9971428571429
Punjab,Vegetables,Potato,2026-06-23,939.31,Metric Tonnes,549.98,Rs./Quintal,6,174,1279.12,1252.27,939.4728571428572
Punjab,Vegetables,Potato,2026-06-24,1181.89,Metric Tonnes,653.72,Rs./Quintal,6,175,939.31,1284.76,894.7642857142856
Punjab,Vegetables,Potato,2026-06-25,1065.81,Metric Tonnes,607.71,Rs./Quintal,6,176,1181.89,1116.13,880.0685714285715
Punjab,Vegetables,Potato,2026-06-26,610.69,Metric Tonnes,492.48,Rs./Quintal,6,177,1065.81,1173.09,872.88
Punjab,Vegetables,Potato,2026-06-27,332.44,Metric Tonnes,571.7,Rs./Quintal,6,178,610.69,426.34,792.5371428571428
Punjab,Vegetables,Potato,2026-06-28,38.64,Metric Tonnes,589.66,Rs./Quintal,6,179,332.44,44.6,779.1228571428571
Punjab,Vegetables,Potato,2026-06-29,934.16,Metric Tonnes,572.93,Rs./Quintal,6,180,38.64,1279.12,778.2714285714285
Punjab,Vegetables,Potato,2026-06-30,670.44,Metric Tonnes,552.52,Rs./Quintal,6,181,934.16,939.31,728.9914285714285
Punjab,Vegetables,Potato,2026-07-01,1324.08,Metric Tonnes,643.66,Rs./Quintal,7,182,670.44,1181.89,690.5814285714287
Punjab,Vegetables,Potato,2026-07-02,1258.91,Metric Tonnes,653.29,Rs./Quintal,7,183,1324.08,1065.81,710.8942857142857
Punjab,Vegetables,Potato,2026-07-03,1223.34,Metric Tonnes,658.59,Rs./Quintal,7,184,1258.91,610.69,738.4800000000001
Punjab,Vegetables,Potato,2026-07-04,531.65,Metric Tonnes,636.53,Rs./Quintal,7,185,1223.34,332.44,826.0014285714285
Punjab,Vegetables,Potato,2026-07-05,44.84,Metric Tonnes,682.59,Rs./Quintal,7,186,531.65,38.64,854.46
Punjab,Vegetables,Potato,2026-07-06,1362.53,Metric Tonnes,641.75,Rs./Quintal,7,187,44.84,934.16,855.3457142857142
Punjab,Vegetables,Potato,2026-07-07,1273.07,Metric Tonnes,640.12,Rs./Quintal,7,188,1362.53,670.44,916.5414285714286
Punjab,Vegetables,Potato,2026-07-08,1300.9,Metric Tonnes,660.48,Rs./Quintal,7,189,1273.07,1324.08,1002.6314285714286
Punjab,Vegetables,Potato,2026-07-09,1213.67,Metric Tonnes,646.73,Rs./Quintal,7,190,1300.9,1258.91,999.3199999999999
Punjab,Vegetables,Potato,2026-07-10,1014.23,Metric Tonnes,603.57,Rs./Quintal,7,191,1213.67,1223.34,992.8571428571429
Punjab,Vegetables,Potato,2026-07-11,910.04,Metric Tonnes,722.91,Rs./Quintal,7,192,1014.23,531.65,962.9842857142858
Punjab,Vegetables,Potato,2026-07-12,35.39,Metric Tonnes,757.24,Rs./Quintal,7,193,910.04,44.84,1017.04
Punjab,Vegetables,Potato,2026-07-13,1416.09,Metric Tonnes,635.97,Rs./Quintal,7,194,35.39,1362.53,1015.6900000000002
Punjab,Vegetables,Potato,2026-07-14,1336.06,Metric Tonnes,652.67,Rs./Quintal,7,195,1416.09,1273.07,1023.3414285714285
Punjab,Vegetables,Potato,2026-07-15,1175.14,Metric Tonnes,648.58,Rs./Quintal,7,196,1336.06,1300.9,1032.34
Punjab,Vegetables,Potato,2026-07-16,1270.33,Metric Tonnes,651.52,Rs./Quintal,7,197,1175.14,1213.67,1014.3742857142857
Punjab,Vegetables,Potato,2026-07-17,778.83,Metric Tonnes,616.03,Rs./Quintal,7,198,1270.33,1014.23,1022.4685714285715
Punjab,Vegetables,Potato,2026-07-18,974.9,Metric Tonnes,713.58,Rs./Quintal,7,199,778.83,910.04,988.84
Punjab,Vegetables,Potato,2026-07-19,41.01,Metric Tonnes,705.32,Rs./Quintal,7,200,974.9,35.39,998.1057142857143
Punjab,Vegetables,Potato,2026-07-20,1034.68,Metric Tonnes,565.09,Rs./Quintal,7,201,41.01,1416.09,998.9085714285713
Punjab,Vegetables,Potato,2026-07-21,1226.74,Metric Tonnes,649.27,Rs./Quintal,7,202,1034.68,1336.06,944.4214285714287
Punjab,Vegetables,Potato,2026-07-22,1157.86,Metric Tonnes,672.86,Rs./Quintal,7,203,1226.74,1175.14,928.8042857142857
Punjab,Vegetables,Potato,2026-07-23,1179.87,Metric Tonnes,666.53,Rs./Quintal,7,204,1157.86,1270.33,926.3357142857142
Punjab,Vegetables,Potato,2026-07-24,1189.72,Metric Tonnes,717.6,Rs./Quintal,7,205,1179.87,778.83,913.4128571428571
Punjab,Vegetables,Potato,2026-07-25,692.59,Metric Tonnes,756.41,Rs./Quintal,7,206,1189.72,974.9,972.1114285714285
Punjab,Vegetables,Potato,2026-07-26,51.9,Metric Tonnes,672.14,Rs./Quintal,7,207,692.59,41.01,931.7814285714286
Punjab,Vegetables,Potato,2026-07-27,1521.27,Metric Tonnes,645.71,Rs./Quintal,7,208,51.9,1034.68,933.3371428571428
Punjab,Vegetables,Potato,2026-07-28,1372.47,Metric Tonnes,677.33,Rs./Quintal,7,209,1521.27,1226.74,1002.85
Punjab,Vegetables,Potato,2026-07-29,1414.22,Metric Tonnes,691.12,Rs./Quintal,7,210,1372.47,1157.86,1023.6685714285715
Punjab,Vegetables,Potato,2026-07-30,1184.36,Metric Tonnes,647.39,Rs./Quintal,7,211,1414.22,1179.87,1060.2914285714285
Punjab,Vegetables,Potato,2026-07-31,1020.61,Metric Tonnes,654.98,Rs./Quintal,7,212,1184.36,1189.72,1060.9328571428573
Punjab,Vegetables,Potato,2026-08-01,1171.54,Metric Tonnes,674.41,Rs./Quintal,8,213,1020.61,692.59,1036.7742857142857
Punjab,Vegetables,Potato,2026-08-02,62.48,Metric Tonnes,795.28,Rs./Quintal,8,214,1171.54,51.9,1105.1957142857143
Punjab,Vegetables,Potato,2026-08-03,1462.36,Metric Tonnes,661.3,Rs./Quintal,8,215,62.48,1521.27,1106.7071428571428
Punjab,Vegetables,Potato,2026-08-04,1328.09,Metric Tonnes,629.17,Rs./Quintal,8,216,1462.36,1372.47,1098.2914285714285
Punjab,Vegetables,Potato,2026-08-05,1139.67,Metric Tonnes,611.44,Rs./Quintal,8,217,1328.09,1414.22,1091.9514285714286
Punjab,Vegetables,Potato,2026-08-06,1431.57,Metric Tonnes,663.72,Rs./Quintal,8,218,1139.67,1184.36,1052.73
Punjab,Vegetables,Potato,2026-08-07,1321.85,Metric Tonnes,678.21,Rs./Quintal,8,219,1431.57,1020.61,1088.0457142857142
Punjab,Vegetables,Potato,2026-08-08,1071.67,Metric Tonnes,648.75,Rs./Quintal,8,220,1321.85,1171.54,1131.08
Punjab,Vegetables,Potato,2026-08-09,86.57,Metric Tonnes,781.17,Rs./Quintal,8,221,1071.67,62.48,1116.8128571428572
Punjab,Vegetables,Potato,2026-08-10,1674.61,Metric Tonnes,614.61,Rs./Quintal,8,222,86.57,1462.36,1120.2542857142857
Punjab,Vegetables,Potato,2026-08-11,1638.0,Metric Tonnes,650.94,Rs./Quintal,8,223,1674.61,1328.09,1150.5757142857142
Punjab,Vegetables,Potato,2026-08-12,1521.26,Metric Tonnes,652.05,Rs./Quintal,8,224,1638.0,1139.67,1194.8485714285714
Punjab,Vegetables,Potato,2026-08-13,963.22,Metric Tonnes,639.13,Rs./Quintal,8,225,1521.26,1431.57,1249.3614285714286
Punjab,Vegetables,Potato,2026-08-14,1293.9,Metric Tonnes,662.08,Rs./Quintal,8,226,963.22,1321.85,1182.4542857142858
Punjab,Vegetables,Potato,2026-08-15,1181.45,Metric Tonnes,707.16,Rs./Quintal,8,227,1293.9,1071.67,1178.4614285714285
Punjab,Vegetables,Potato,2026-08-16,76.25,Metric Tonnes,790.09,Rs./Quintal,8,228,1181.45,86.57,1194.1442857142858
Punjab,Vegetables,Potato,2026-08-17,1527.07,Metric Tonnes,626.17,Rs./Quintal,8,229,76.25,1674.61,1192.67
Punjab,Vegetables,Potato,2026-08-18,1555.24,Metric Tonnes,632.53,Rs./Quintal,8,230,1527.07,1638.0,1171.5928571428572
Punjab,Vegetables,Potato,2026-08-19,1515.22,Metric Tonnes,622.69,Rs./Quintal,8,231,1555.24,1521.26,1159.77
Punjab,Vegetables,Potato,2026-08-20,1532.14,Metric Tonnes,639.77,Rs./Quintal,8,232,1515.22,963.22,1158.9071428571428
Punjab,Vegetables,Potato,2026-08-21,1157.27,Metric Tonnes,666.53,Rs./Quintal,8,233,1532.14,1293.9,1240.1814285714286
Punjab,Vegetables,Potato,2026-08-22,969.84,Metric Tonnes,675.05,Rs./Quintal,8,234,1157.27,1181.45,1220.662857142857
Punjab,Vegetables,Potato,2026-08-23,164.0,Metric Tonnes,590.05,Rs./Quintal,8,235,969.84,76.25,1190.4328571428573
Punjab,Vegetables,Potato,2026-08-24,1433.34,Metric Tonnes,689.2,Rs./Quintal,8,236,164.0,1527.07,1202.9685714285715
Punjab,Vegetables,Potato,2026-08-25,1600.13,Metric Tonnes,628.06,Rs./Quintal,8,237,1433.34,1555.24,1189.5785714285714
Punjab,Vegetables,Potato,2026-08-26,1665.86,Metric Tonnes,618.28,Rs./Quintal,8,238,1600.13,1515.22,1195.9914285714287
Punjab,Vegetables,Potato,2026-08-27,958.92,Metric Tonnes,702.51,Rs./Quintal,8,239,1665.86,1532.14,1217.5114285714285
Punjab,Vegetables,Potato,2026-08-28,1184.32,Metric Tonnes,677.28,Rs./Quintal,8,240,958.92,1157.27,1135.6228571428571
Punjab,Vegetables,Potato,2026-08-29,1041.98,Metric Tonnes,712.92,Rs./Quintal,8,241,1184.32,969.84,1139.4871428571428
Punjab,Vegetables,Potato,2026-08-30,80.4,Metric Tonnes,705.16,Rs./Quintal,8,242,1041.98,164.0,1149.7928571428572
Punjab,Vegetables,Potato,2026-08-31,1486.79,Metric Tonnes,645.0,Rs./Quintal,8,243,80.4,1433.34,1137.85
Punjab,Vegetables,Potato,2026-09-01,1434.26,Metric Tonnes,625.95,Rs./Quintal,9,244,1486.79,1600.13,1145.4857142857143
Punjab,Vegetables,Potato,2026-09-02,1465.3,Metric Tonnes,627.38,Rs./Quintal,9,245,1434.26,1665.86,1121.79
Punjab,Vegetables,Potato,2026-09-03,1321.01,Metric Tonnes,657.4,Rs./Quintal,9,246,1465.3,958.92,1093.1385714285714
Punjab,Vegetables,Potato,2026-09-04,1048.77,Metric Tonnes,663.81,Rs./Quintal,9,247,1321.01,1184.32,1144.8657142857144
Punjab,Vegetables,Potato,2026-09-05,1041.81,Metric Tonnes,682.03,Rs./Quintal,9,248,1048.77,1041.98,1125.5014285714285
Punjab,Vegetables,Potato,2026-09-06,78.87,Metric Tonnes,821.0,Rs./Quintal,9,249,1041.81,80.4,1125.4771428571428
Punjab,Vegetables,Potato,2026-09-07,2220.69,Metric Tonnes,610.72,Rs./Quintal,9,250,78.87,1486.79,1125.2585714285715
Punjab,Vegetables,Potato,2026-09-08,1323.58,Metric Tonnes,639.5,Rs./Quintal,9,251,2220.69,1434.26,1230.1014285714286
Punjab,Vegetables,Potato,2026-09-09,1486.17,Metric Tonnes,590.52,Rs./Quintal,9,252,1323.58,1465.3,1214.2900000000002
Punjab,Vegetables,Potato,2026-09-10,1303.51,Metric Tonnes,552.48,Rs./Quintal,9,253,1486.17,1321.01,1217.2714285714285
Punjab,Vegetables,Tomato,2024-01-08,231.58,Metric Tonnes,1516.14,Rs./Quintal,1,8,18.94,278.04,221.8057142857143
Punjab,Vegetables,Tomato,2024-01-09,231.72,Metric Tonnes,1441.26,Rs./Quintal,1,9,231.58,238.14,215.16857142857143
Punjab,Vegetables,Tomato,2024-01-10,255.3,Metric Tonnes,1514.42,Rs./Quintal,1,10,231.72,242.05,214.25142857142856
Punjab,Vegetables,Tomato,2024-01-11,231.83,Metric Tonnes,1537.31,Rs./Quintal,1,11,255.3,284.23,216.1442857142857
Punjab,Vegetables,Tomato,2024-01-12,312.2,Metric Tonnes,1460.27,Rs./Quintal,1,12,231.83,262.52,208.65857142857143
Punjab,Vegetables,Tomato,2024-01-13,178.23,Metric Tonnes,1744.55,Rs./Quintal,1,13,312.2,228.72,215.75571428571428
Punjab,Vegetables,Tomato,2024-01-14,14.85,Metric Tonnes,1875.76,Rs./Quintal,1,14,178.23,18.94,208.54285714285714
Punjab,Vegetables,Tomato,2024-01-15,223.13,Metric Tonnes,1510.62,Rs./Quintal,1,15,14.85,231.58,207.95857142857145
Punjab,Vegetables,Tomato,2024-01-16,180.63,Metric Tonnes,1516.31,Rs./Quintal,1,16,223.13,231.72,206.75142857142856
Punjab,Vegetables,Tomato,2024-01-17,184.87,Metric Tonnes,1541.8,Rs./Quintal,1,17,180.63,255.3,199.45285714285714
Punjab,Vegetables,Tomato,2024-01-18,252.53,Metric Tonnes,1631.44,Rs./Quintal,1,18,184.87,231.83,189.39142857142858
Punjab,Vegetables,Tomato,2024-01-19,221.08,Metric Tonnes,1598.56,Rs./Quintal,1,19,252.53,312.2,192.3485714285714
Punjab,Vegetables,Tomato,2024-01-20,256.25,Metric Tonnes,1652.75,Rs./Quintal,1,20,221.08,178.23,179.3314285714286
Punjab,Vegetables,Tomato,2024-01-21,15.95,Metric Tonnes,2046.39,Rs./Quintal,1,21,256.25,14.85,190.47714285714287
Punjab,Vegetables,Tomato,2024-01-22,258.48,Metric Tonnes,1715.11,Rs./Quintal,1,22,15.95,223.13,190.63428571428568
Punjab,Vegetables,Tomato,2024-01-23,298.84,Metric Tonnes,1797.38,Rs./Quintal,1,23,258.48,180.63,195.68428571428572
Punjab,Vegetables,Tomato,2024-01-24,286.47,Metric Tonnes,1804.05,Rs./Quintal,1,24,298.84,184.87,212.57142857142858
Punjab,Vegetables,Tomato,2024-01-25,261.79,Metric Tonnes,1838.31,Rs./Quintal,1,25,286.47,252.53,227.08571428571426
Punjab,Vegetables,Tomato,2024-01-26,271.34,Metric Tonnes,1948.79,Rs./Quintal,1,26,261.79,221.08,228.40857142857143
Punjab,Vegetables,Tomato,2024-01-27,208.99,Metric Tonnes,2262.63,Rs./Quintal,1,27,271.34,256.25,235.58857142857144
Punjab,Vegetables,Tomato,2024-01-28,12.6,Metric Tonnes,2251.59,Rs./Quintal,1,28,208.99,15.95,228.83714285714285
Punjab,Vegetables,Tomato,2024-01-29,295.98,Metric Tonnes,2216.42,Rs./Quintal,1,29,12.6,258.48,228.35857142857142
Punjab,Vegetables,Tomato,2024-01-30,267.31,Metric Tonnes,2337.55,Rs./Quintal,1,30,295.98,298.84,233.7157142857143
Punjab,Vegetables,Tomato,2024-01-31,255.39,Metric Tonnes,2525.18,Rs./Quintal,1,31,267.31,286.47,229.21142857142857
Punjab,Vegetables,Tomato,2024-02-01,288.93,Metric Tonnes,2553.6,Rs./Quintal,2,32,255.39,261.79,224.77142857142857
Punjab,Vegetables,Tomato,2024-02-02,293.36,Metric Tonnes,2548.71,Rs./Quintal,2,33,288.93,271.34,228.64857142857142
Punjab,Vegetables,Tomato,2024-02-03,264.62,Metric Tonnes,2511.74,Rs./Quintal,2,34,293.36,208.99,231.7942857142857
Punjab,Vegetables,Tomato,2024-02-04,14.1,Metric Tonnes,2803.55,Rs./Quintal,2,35,264.62,12.6,239.74142857142857
Punjab,Vegetables,Tomato,2024-02-05,349.98,Metric Tonnes,2180.98,Rs./Quintal,2,36,14.1,295.98,239.9557142857143
Punjab,Vegetables,Tomato,2024-02-06,325.05,Metric Tonnes,2338.37,Rs./Quintal,2,37,349.98,267.31,247.67000000000002
Punjab,Vegetables,Tomato,2024-02-07,244.43,Metric Tonnes,2300.07,Rs./Quintal,2,38,325.05,255.39,255.91857142857143
Punjab,Vegetables,Tomato,2024-02-08,257.42,Metric Tonnes,2092.42,Rs./Quintal,2,39,244.43,288.93,254.35285714285718
Punjab,Vegetables,Tomato,2024-02-09,300.31,Metric Tonnes,1967.85,Rs./Quintal,2,40,257.42,293.36,249.85142857142858
Punjab,Vegetables,Tomato,2024-02-10,333.91,Metric Tonnes,1880.87,Rs./Quintal,2,41,300.31,264.62,250.8442857142857
Punjab,Vegetables,Tomato,2024-02-11,17.25,Metric Tonnes,2042.03,Rs./Quintal,2,42,333.91,14.1,260.74285714285713
Punjab,Vegetables,Tomato,2024-02-12,368.24,Metric Tonnes,1867.08,Rs./Quintal,2,43,17.25,349.98,261.1928571428572
Punjab,Vegetables,Tomato,2024-02-13,318.4,Metric Tonnes,1904.08,Rs./Quintal,2,44,368.24,325.05,263.8014285714286
Punjab,Vegetables,Tomato,2024-02-14,299.85,Metric Tonnes,1884.43,Rs./Quintal,2,45,318.4,244.43,262.8514285714286
Punjab,Vegetables,Tomato,2024-02-15,252.12,Metric Tonnes,1969.23,Rs./Quintal,2,46,299.85,257.42,270.7685714285714
Punjab,Vegetables,Tomato,2024-02-16,168.69,Metric Tonnes,1956.54,Rs./Quintal,2,47,252.12,300.31,270.0114285714286
Punjab,Vegetables,Tomato,2024-02-17,299.75,Metric Tonnes,1858.98,Rs./Quintal,2,48,168.69,333.91,251.20857142857145
Punjab,Vegetables,Tomato,2024-02-18,23.6,Metric Tonnes,2091.53,Rs./Quintal,2,49,299.75,17.25,246.32857142857145
Punjab,Vegetables,Tomato,2024-02-19,320.74,Metric Tonnes,2215.62,Rs./Quintal,2,50,23.6,368.24,247.2357142857143
Punjab,Vegetables,Tomato,2024-02-20,209.07,Metric Tonnes,2299.97,Rs./Quintal,2,51,320.74,318.4,240.45000000000002
Punjab,Vegetables,Tomato,2024-02-21,242.7,Metric Tonnes,2329.39,Rs./Quintal,2,52,209.07,299.85,224.83142857142857
Punjab,Vegetables,Tomato,2024-02-22,229.13,Metric Tonnes,2454.76,Rs./Quintal,2,53,242.7,252.12,216.66714285714286
Punjab,Vegetables,Tomato,2024-02-23,245.78,Metric Tonnes,2227.44,Rs./Quintal,2,54,229.13,168.69,213.38285714285712
Punjab,Vegetables,Tomato,2024-02-24,275.96,Metric Tonnes,2359.86,Rs./Quintal,2,55,245.78,299.75,224.3957142857143
Punjab,Vegetables,Tomato,2024-02-25,13.98,Metric Tonnes,1903.15,Rs./Quintal,2,56,275.96,23.6,220.99714285714285
Punjab,Vegetables,Tomato,2024-02-26,420.47,Metric Tonnes,2156.44,Rs./Quintal,2,57,13.98,320.74,219.62285714285713
Punjab,Vegetables,Tomato,2024-02-27,355.73,Metric Tonnes,2229.7,Rs./Quintal,2,58,420.47,209.07,233.87000000000003
Punjab,Vegetables,Tomato,2024-02-28,337.13,Metric Tonnes,2257.22,Rs./Quintal,2,59,355.73,242.7,254.82142857142858
Punjab,Vegetables,Tomato,2024-02-29,412.75,Metric Tonnes,2091.75,Rs./Quintal,2,60,337.13,229.13,268.31142857142856
Punjab,Vegetables,Tomato,2024-03-01,369.87,Metric Tonnes,1885.19,Rs./Quintal,3,61,412.75,245.78,294.54285714285714
Punjab,Vegetables,Tomato,2024-03-02,242.21,Metric Tonnes,2250.76,Rs./Quintal,3,62,369.87,275.96,312.27
Punjab,Vegetables,Tomato,2024-03-03,14.85,Metric Tonnes,2254.55,Rs./Quintal,3,63,242.21,13.98,307.4485714285714
Punjab,Vegetables,Tomato,2024-03-04,376.13,Metric Tonnes,2125.4,Rs./Quintal,3,64,14.85,420.47,307.5728571428571
Punjab,Vegetables,Tomato,2024-03-05,311.98,Metric Tonnes,2166.04,Rs./Quintal,3,65,376.13,355.73,301.23857142857145
Punjab,Vegetables,Tomato,2024-03-06,273.59,Metric Tonnes,2305.37,Rs./Quintal,3,66,311.98,337.13,294.98857142857145
Punjab,Vegetables,Tomato,2024-03-07,227.07,Metric Tonnes,2416.65,Rs./Quintal,3,67,273.59,412.75,285.9114285714286
Punjab,Vegetables,Tomato,2024-03-08,299.38,Metric Tonnes,2061.92,Rs./Quintal,3,68,227.07,369.87,259.3857142857143
Punjab,Vegetables,Tomato,2024-03-09,322.92,Metric Tonnes,2266.3,Rs./Quintal,3,69,299.38,242.21,249.31571428571425
Punjab,Vegetables,Tomato,2024-03-10,12.67,Metric Tonnes,2432.04,Rs./Quintal,3,70,322.92,14.85,260.8457142857143
Punjab,Vegetables,Tomato,2024-03-11,529.25,Metric Tonnes,2098.45,Rs./Quintal,3,71,12.67,376.13,260.5342857142857
Punjab,Vegetables,Tomato,2024-03-12,351.98,Metric Tonnes,2122.01,Rs./Quintal,3,72,529.25,311.98,282.40857142857146
Punjab,Vegetables,Tomato,2024-03-13,262.46,Metric Tonnes,2137.93,Rs./Quintal,3,73,351.98,273.59,288.1228571428572
Punjab,Vegetables,Tomato,2024-03-14,303.61,Metric Tonnes,2129.66,Rs./Quintal,3,74,262.46,227.07,286.5328571428571
Punjab,Vegetables,Tomato,2024-03-15,247.06,Metric Tonnes,2014.48,Rs./Quintal,3,75,303.61,299.38,297.46714285714285
Punjab,Vegetables,Tomato,2024-03-16,267.8,Metric Tonnes,2190.92,Rs./Quintal,3,76,247.06,322.92,289.99285714285713
Punjab,Vegetables,Tomato,2024-03-17,14.59,Metric Tonnes,2437.9,Rs./Quintal,3,77,267.8,12.67,282.11857142857144
Punjab,Vegetables,Tomato,2024-03-18,494.1,Metric Tonnes,2171.13,Rs./Quintal,3,78,14.59,529.25,282.39285714285717
Punjab,Vegetables,Tomato,2024-03-19,380.48,Metric Tonnes,2196.92,Rs./Quintal,3,79,494.1,351.98,277.37142857142857
Punjab,Vegetables,Tomato,2024-03-20,302.04,Metric Tonnes,2180.75,Rs./Quintal,3,80,380.48,262.46,281.4428571428571
Punjab,Vegetables,Tomato,2024-03-21,264.07,Metric Tonnes,2091.84,Rs./Quintal,3,81,302.04,303.61,287.09714285714284
Punjab,Vegetables,Tomato,2024-03-22,272.4,Metric Tonnes,2006.35,Rs./Quintal,3,82,264.07,247.06,281.4485714285714
Punjab,Vegetables,Tomato,2024-03-23,190.65,Metric Tonnes,2177.93,Rs./Quintal,3,83,272.4,267.8,285.06857142857143
Punjab,Vegetables,Tomato,2024-03-24,10.77,Metric Tonnes,2299.07,Rs./Quintal,3,84,190.65,14.59,274.0471428571429
Punjab,Vegetables,Tomato,2024-03-25,298.69,Metric Tonnes,1654.84,Rs./Quintal,3,85,10.77,494.1,273.50142857142856
Punjab,Vegetables,Tomato,2024-03-26,297.84,Metric Tonnes,1658.72,Rs./Quintal,3,86,298.69,380.48,245.58571428571426
Punjab,Vegetables,Tomato,2024-03-27,287.31,Metric Tonnes,2014.5,Rs./Quintal,3,87,297.84,302.04,233.78
Punjab,Vegetables,Tomato,2024-03-28,330.52,Metric Tonnes,1918.38,Rs./Quintal,3,88,287.31,264.07,231.6757142857143
Punjab,Vegetables,Tomato,2024-03-29,211.35,Metric Tonnes,2103.37,Rs./Quintal,3,89,330.52,272.4,241.1685714285714
Punjab,Vegetables,Tomato,2024-03-30,217.82,Metric Tonnes,1960.23,Rs./Quintal,3,90,211.35,190.65,232.44714285714284
Punjab,Vegetables,Tomato,2024-03-31,20.19,Metric Tonnes,2289.8,Rs./Quintal,3,91,217.82,10.77,236.32857142857142
Punjab,Vegetables,Tomato,2024-04-01,282.26,Metric Tonnes,1916.86,Rs./Quintal,4,92,20.19,298.69,237.67428571428567
Punjab,Vegetables,Tomato,2024-04-02,319.28,Metric Tonnes,1787.44,Rs./Quintal,4,93,282.26,297.84,235.32714285714286
Punjab,Vegetables,Tomato,2024-04-03,286.32,Metric Tonnes,1952.46,Rs./Quintal,4,94,319.28,287.31,238.39000000000001
Punjab,Vegetables,Tomato,2024-04-04,266.5,Metric Tonnes,1656.18,Rs./Quintal,4,95,286.32,330.52,238.24857142857144
Punjab,Vegetables,Tomato,2024-04-05,388.5,Metric Tonnes,1792.67,Rs./Quintal,4,96,266.5,211.35,229.10285714285715
Punjab,Vegetables,Tomato,2024-04-06,190.22,Metric Tonnes,1944.69,Rs./Quintal,4,97,388.5,217.82,254.41000000000003
Punjab,Vegetables,Tomato,2024-04-07,13.05,Metric Tonnes,2024.14,Rs./Quintal,4,98,190.22,20.19,250.46714285714285
Punjab,Vegetables,Tomato,2024-04-08,416.18,Metric Tonnes,1669.44,Rs./Quintal,4,99,13.05,282.26,249.44714285714286
Punjab,Vegetables,Tomato,2024-04-09,508.52,Metric Tonnes,1564.76,Rs./Quintal,4,100,416.18,319.28,268.57857142857137
Punjab,Vegetables,Tomato,2024-04-10,253.9,Metric Tonnes,1794.47,Rs./Quintal,4,101,508.52,286.32,295.61285714285714
Punjab,Vegetables,Tomato,2024-04-11,257.09,Metric Tonnes,1902.14,Rs./Quintal,4,102,253.9,266.5,290.9814285714286
Punjab,Vegetables,Tomato,2024-04-12,299.22,Metric Tonnes,1819.08,Rs./Quintal,4,103,257.09,388.5,289.63714285714286
Punjab,Vegetables,Tomato,2024-04-13,282.55,Metric Tonnes,1839.48,Rs./Quintal,4,104,299.22,190.22,276.8828571428571
Punjab,Vegetables,Tomato,2024-04-14,17.04,Metric Tonnes,1655.4,Rs./Quintal,4,105,282.55,13.05,290.0728571428571
Punjab,Vegetables,Tomato,2024-04-15,334.46,Metric Tonnes,1721.3,Rs./Quintal,4,106,17.04,416.18,290.64285714285717
Punjab,Vegetables,Tomato,2024-04-16,394.79,Metric Tonnes,1687.49,Rs./Quintal,4,107,334.46,508.52,278.96857142857147
Punjab,Vegetables,Tomato,2024-04-17,180.61,Metric Tonnes,1913.69,Rs./Quintal,4,108,394.79,253.9,262.7214285714286
Punjab,Vegetables,Tomato,2024-04-18,302.24,Metric Tonnes,2040.71,Rs./Quintal,4,109,180.61,257.09,252.2514285714286
Punjab,Vegetables,Tomato,2024-04-19,265.53,Metric Tonnes,1680.99,Rs./Quintal,4,110,302.24,299.22,258.70142857142855
Punjab,Vegetables,Tomato,2024-04-20,264.39,Metric Tonnes,1973.74,Rs./Quintal,4,111,265.53,282.55,253.88857142857145
Punjab,Vegetables,Tomato,2024-04-21,30.47,Metric Tonnes,1857.09,Rs./Quintal,4,112,264.39,17.04,251.2942857142857
Punjab,Vegetables,Tomato,2024-04-22,345.66,Metric Tonnes,1836.88,Rs./Quintal,4,113,30.47,334.46,253.21285714285713
Punjab,Vegetables,Tomato,2024-04-23,317.84,Metric Tonnes,2064.33,Rs./Quintal,4,114,345.66,394.79,254.81285714285715
Punjab,Vegetables,Tomato,2024-04-24,291.68,Metric Tonnes,2191.24,Rs./Quintal,4,115,317.84,180.61,243.82
Punjab,Vegetables,Tomato,2024-04-25,281.89,Metric Tonnes,2411.01,Rs./Quintal,4,116,291.68,302.24,259.6871428571429
Punjab,Vegetables,Tomato,2024-04-26,357.04,Metric Tonnes,2403.88,Rs./Quintal,4,117,281.89,265.53,256.78
Punjab,Vegetables,Tomato,2024-04-27,322.68,Metric Tonnes,2106.51,Rs./Quintal,4,118,357.04,264.39,269.8528571428571
Punjab,Vegetables,Tomato,2024-04-28,20.44,Metric Tonnes,2157.02,Rs./Quintal,4,119,322.68,30.47,278.18
Punjab,Vegetables,Tomato,2024-04-29,312.93,Metric Tonnes,1874.15,Rs./Quintal,4,120,20.44,345.66,276.7471428571429
Punjab,Vegetables,Tomato,2024-04-30,247.31,Metric Tonnes,2096.15,Rs./Quintal,4,121,312.93,317.84,272.07142857142856
Punjab,Vegetables,Tomato,2024-05-01,255.84,Metric Tonnes,1796.79,Rs./Quintal,5,122,247.31,291.68,261.9957142857143
Punjab,Vegetables,Tomato,2024-05-02,307.71,Metric Tonnes,1822.56,Rs./Quintal,5,123,255.84,281.89,256.87571428571425
Punjab,Vegetables,Tomato,2024-05-03,297.43,Metric Tonnes,1753.76,Rs./Quintal,5,124,307.71,357.04,260.56428571428575
Punjab,Vegetables,Tomato,2024-05-04,377.06,Metric Tonnes,1707.1,Rs./Quintal,5,125,297.43,322.68,252.04857142857145
Punjab,Vegetables,Tomato,2024-05-05,20.7,Metric Tonnes,2189.61,Rs./Quintal,5,126,377.06,20.44,259.81714285714287
Punjab,Vegetables,Tomato,2024-05-06,338.23,Metric Tonnes,1580.7,Rs./Quintal,5,127,20.7,312.93,259.8542857142857
Punjab,Vegetables,Tomato,2024-05-07,337.03,Metric Tonnes,1592.67,Rs./Quintal,5,128,338.23,247.31,263.46857142857147
Punjab,Vegetables,Tomato,2024-05-08,307.97,Metric Tonnes,1428.86,Rs./Quintal,5,129,337.03,255.84,276.2857142857143
Punjab,Vegetables,Tomato,2024-05-09,319.64,Metric Tonnes,1478.83,Rs./Quintal,5,130,307.97,307.71,283.73285714285714
Punjab,Vegetables,Tomato,2024-05-10,319.93,Metric Tonnes,1511.34,Rs./Quintal,5,131,319.64,297.43,285.4371428571429
Punjab,Vegetables,Tomato,2024-05-11,315.61,Metric Tonnes,1097.61,Rs./Quintal,5,132,319.93,377.06,288.65142857142854
Punjab,Vegetables,Tomato,2024-05-12,14.0,Metric Tonnes,1665.0,Rs./Quintal,5,133,315.61,20.7,279.8728571428572
Punjab,Vegetables,Tomato,2024-05-13,424.78,Metric Tonnes,1130.4,Rs./Quintal,5,134,14.0,338.23,278.9157142857143
Punjab,Vegetables,Tomato,2024-05-14,378.24,Metric Tonnes,995.1,Rs./Quintal,5,135,424.78,337.03,291.28000000000003
Punjab,Vegetables,Tomato,2024-05-15,402.73,Metric Tonnes,855.51,Rs./Quintal,5,136,378.24,307.97,297.1671428571429
Punjab,Vegetables,Tomato,2024-05-16,457.62,Metric Tonnes,772.02,Rs./Quintal,5,137,402.73,319.64,310.7042857142857
Punjab,Vegetables,Tomato,2024-05-17,431.69,Metric Tonnes,703.32,Rs./Quintal,5,138,457.62,319.93,330.4157142857143
Punjab,Vegetables,Tomato,2024-05-18,446.55,Metric Tonnes,628.86,Rs./Quintal,5,139,431.69,315.61,346.38142857142856
Punjab,Vegetables,Tomato,2024-05-19,24.7,Metric Tonnes,1259.58,Rs./Quintal,5,140,446.55,14.0,365.0871428571428
Punjab,Vegetables,Tomato,2024-05-20,404.58,Metric Tonnes,642.91,Rs./Quintal,5,141,24.7,424.78,366.61571428571426
Punjab,Vegetables,Tomato,2024-05-21,351.35,Metric Tonnes,667.98,Rs./Quintal,5,142,404.58,378.24,363.73
Punjab,Vegetables,Tomato,2024-05-22,431.41,Metric Tonnes,617.66,Rs./Quintal,5,143,351.35,402.73,359.8885714285714
Punjab,Vegetables,Tomato,2024-05-23,404.15,Metric Tonnes,642.6,Rs./Quintal,5,144,431.41,457.62,363.9857142857143
Punjab,Vegetables,Tomato,2024-05-24,371.8,Metric Tonnes,616.27,Rs./Quintal,5,145,404.15,431.69,356.34714285714284
Punjab,Vegetables,Tomato,2024-05-25,322.89,Metric Tonnes,589.24,Rs./Quintal,5,146,371.8,446.55,347.7914285714286
Punjab,Vegetables,Tomato,2024-05-26,13.3,Metric Tonnes,1312.84,Rs./Quintal,5,147,322.89,24.7,330.1257142857143
Punjab,Vegetables,Tomato,2024-05-27,367.91,Metric Tonnes,593.95,Rs./Quintal,5,148,13.3,404.58,328.4971428571429
Punjab,Vegetables,Tomato,2024-05-28,430.86,Metric Tonnes,759.55,Rs./Quintal,5,149,367.91,351.35,323.25857142857143
Punjab,Vegetables,Tomato,2024-05-29,439.59,Metric Tonnes,655.22,Rs./Quintal,5,150,430.86,431.41,334.6171428571429
Punjab,Vegetables,Tomato,2024-05-30,382.25,Metric Tonnes,660.98,Rs./Quintal,5,151,439.59,404.15,335.7857142857143
Punjab,Vegetables,Tomato,2024-05-31,344.0,Metric Tonnes,698.35,Rs./Quintal,5,152,382.25,371.8,332.65714285714284
Punjab,Vegetables,Tomato,2024-06-01,415.51,Metric Tonnes,762.77,Rs./Quintal,6,153,344.0,322.89,328.6857142857143
Punjab,Vegetables,Tomato,2024-06-02,15.32,Metric Tonnes,1255.69,Rs./Quintal,6,154,415.51,13.3,341.9171428571429
Punjab,Vegetables,Tomato,2024-06-03,365.01,Metric Tonnes,604.99,Rs./Quintal,6,155,15.32,367.91,342.2057142857143
Punjab,Vegetables,Tomato,2024-06-04,281.55,Metric Tonnes,616.6,Rs./Quintal,6,156,365.01,430.86,341.7914285714286
Punjab,Vegetables,Tomato,2024-06-05,266.86,Metric Tonnes,633.93,Rs./Quintal,6,157,281.55,439.59,320.4614285714286
Punjab,Vegetables,Tomato,2024-06-06,312.61,Metric Tonnes,602.23,Rs./Quintal,6,158,266.86,382.25,295.7857142857143
Punjab,Vegetables,Tomato,2024-06-07,367.35,Metric Tonnes,588.18,Rs./Quintal,6,159,312.61,344.0,285.83714285714285
Punjab,Vegetables,Tomato,2024-06-08,236.43,Metric Tonnes,542.34,Rs./Quintal,6,160,367.35,415.51,289.17285714285714
Punjab,Vegetables,Tomato,2024-06-09,9.7,Metric Tonnes,1069.07,Rs./Quintal,6,161,236.43,15.32,263.59000000000003
Punjab,Vegetables,Tomato,2024-06-10,374.78,Metric Tonnes,537.13,Rs./Quintal,6,162,9.7,365.01,262.78714285714284
Punjab,Vegetables,Tomato,2024-06-11,411.39,Metric Tonnes,584.62,Rs./Quintal,6,163,374.78,281.55,264.18285714285713
Punjab,Vegetables,Tomato,2024-06-12,397.88,Metric Tonnes,619.84,Rs./Quintal,6,164,411.39,266.86,282.7314285714286
Punjab,Vegetables,Tomato,2024-06-13,315.93,Metric Tonnes,697.01,Rs./Quintal,6,165,397.88,312.61,301.4485714285714
Punjab,Vegetables,Tomato,2024-06-14,171.9,Metric Tonnes,642.47,Rs./Quintal,6,166,315.93,367.35,301.92285714285714
Punjab,Vegetables,Tomato,2024-06-15,141.74,Metric Tonnes,674.72,Rs./Quintal,6,167,171.9,236.43,274.00142857142856
Punjab,Vegetables,Tomato,2024-06-16,17.5,Metric Tonnes,1244.54,Rs./Quintal,6,168,141.74,9.7,260.4742857142857
Punjab,Vegetables,Tomato,2024-06-17,261.83,Metric Tonnes,627.3,Rs./Quintal,6,169,17.5,374.78,261.5885714285714
Punjab,Vegetables,Tomato,2024-06-18,181.35,Metric Tonnes,964.12,Rs./Quintal,6,170,261.83,411.39,245.45285714285714
Punjab,Vegetables,Tomato,2024-06-19,287.76,Metric Tonnes,1071.57,Rs./Quintal,6,171,181.35,397.88,212.59
Punjab,Vegetables,Tomato,2024-06-20,332.36,Metric Tonnes,1225.14,Rs./Quintal,6,172,287.76,315.93,196.85857142857142
Punjab,Vegetables,Tomato,2024-06-21,356.97,Metric Tonnes,1094.58,Rs./Quintal,6,173,332.36,171.9,199.2057142857143
Punjab,Vegetables,Tomato,2024-06-22,296.89,Metric Tonnes,1246.98,Rs./Quintal,6,174,356.97,141.74,225.64428571428576
Punjab,Vegetables,Tomato,2024-06-23,25.94,Metric Tonnes,1704.86,Rs./Quintal,6,175,296.89,17.5,247.80857142857144
Punjab,Vegetables,Tomato,2024-06-24,259.73,Metric Tonnes,1260.82,Rs./Quintal,6,176,25.94,261.83,249.01428571428573
Punjab,Vegetables,Tomato,2024-06-25,320.73,Metric Tonnes,1230.58,Rs./Quintal,6,177,259.73,181.35,248.71428571428572
Punjab,Vegetables,Tomato,2024-06-26,254.19,Metric Tonnes,1179.51,Rs./Quintal,6,178,320.73,287.76,268.6257142857143
Punjab,Vegetables,Tomato,2024-06-27,188.34,Metric Tonnes,1117.34,Rs./Quintal,6,179,254.19,332.36,263.83
Punjab,Vegetables,Tomato,2024-06-28,266.77,Metric Tonnes,1354.09,Rs./Quintal,6,180,188.34,356.97,243.25571428571428
Punjab,Vegetables,Tomato,2024-06-29,176.56,Metric Tonnes,1192.55,Rs./Quintal,6,181,266.77,296.89,230.37000000000003
Punjab,Vegetables,Tomato,2024-06-30,24.75,Metric Tonnes,2049.49,Rs./Quintal,6,182,176.56,25.94,213.18
Punjab,Vegetables,Tomato,2024-07-01,216.77,Metric Tonnes,1239.17,Rs./Quintal,7,183,24.75,259.73,213.01
Punjab,Vegetables,Tomato,2024-07-02,176.18,Metric Tonnes,1926.39,Rs./Quintal,7,184,216.77,320.73,206.87285714285713
Punjab,Vegetables,Tomato,2024-07-03,154.55,Metric Tonnes,1744.39,Rs./Quintal,7,185,176.18,254.19,186.22285714285712
Punjab,Vegetables,Tomato,2024-07-04,187.14,Metric Tonnes,1873.42,Rs./Quintal,7,186,154.55,188.34,171.98857142857142
Punjab,Vegetables,Tomato,2024-07-05,129.97,Metric Tonnes,2335.34,Rs./Quintal,7,187,187.14,266.77,171.81714285714287
Punjab,Vegetables,Tomato,2024-07-06,157.37,Metric Tonnes,2487.25,Rs./Quintal,7,188,129.97,176.56,152.27428571428572
Punjab,Vegetables,Tomato,2024-07-07,15.45,Metric Tonnes,3442.23,Rs./Quintal,7,189,157.37,24.75,149.53285714285715
Punjab,Vegetables,Tomato,2024-07-08,193.25,Metric Tonnes,2546.08,Rs./Quintal,7,190,15.45,216.77,148.20428571428573
Punjab,Vegetables,Tomato,2024-07-09,198.74,Metric Tonnes,2823.71,Rs./Quintal,7,191,193.25,176.18,144.84428571428572
Punjab,Vegetables,Tomato,2024-07-10,201.35,Metric Tonnes,3112.46,Rs./Quintal,7,192,198.74,154.55,148.06714285714287
Punjab,Vegetables,Tomato,2024-07-11,134.5,Metric Tonnes,3277.13,Rs./Quintal,7,193,201.35,187.14,154.75285714285715
Punjab,Vegetables,Tomato,2024-07-12,133.76,Metric Tonnes,3621.41,Rs./Quintal,7,194,134.5,129.97,147.2328571428571
Punjab,Vegetables,Tomato,2024-07-13,96.24,Metric Tonnes,3878.12,Rs./Quintal,7,195,133.76,157.37,147.7742857142857
Punjab,Vegetables,Tomato,2024-07-14,14.25,Metric Tonnes,4692.0,Rs./Quintal,7,196,96.24,15.45,139.04142857142858
Punjab,Vegetables,Tomato,2024-07-15,100.64,Metric Tonnes,3547.44,Rs./Quintal,7,197,14.25,193.25,138.87
Punjab,Vegetables,Tomato,2024-07-16,151.62,Metric Tonnes,4245.51,Rs./Quintal,7,198,100.64,198.74,125.64
Punjab,Vegetables,Tomato,2024-07-17,117.89,Metric Tonnes,4277.56,Rs./Quintal,7,199,151.62,201.35,118.90857142857143
Punjab,Vegetables,Tomato,2024-07-18,126.99,Metric Tonnes,4342.24,Rs./Quintal,7,200,117.89,134.5,106.98571428571428
Punjab,Vegetables,Tomato,2024-07-19,104.41,Metric Tonnes,4191.2,Rs./Quintal,7,201,126.99,133.76,105.91285714285713
Punjab,Vegetables,Tomato,2024-07-20,125.92,Metric Tonnes,4729.17,Rs./Quintal,7,202,104.41,96.24,101.72
Punjab,Vegetables,Tomato,2024-07-21,9.6,Metric Tonnes,4473.17,Rs./Quintal,7,203,125.92,14.25,105.96
Punjab,Vegetables,Tomato,2024-07-22,104.83,Metric Tonnes,4272.56,Rs./Quintal,7,204,9.6,100.64,105.29571428571428
Punjab,Vegetables,Tomato,2024-07-23,101.79,Metric Tonnes,3941.94,Rs./Quintal,7,205,104.83,151.62,105.89428571428572
Punjab,Vegetables,Tomato,2024-07-24,96.42,Metric Tonnes,4334.97,Rs./Quintal,7,206,101.79,117.89,98.77571428571427
Punjab,Vegetables,Tomato,2024-07-25,125.95,Metric Tonnes,4498.09,Rs./Quintal,7,207,96.42,126.99,95.70857142857143
Punjab,Vegetables,Tomato,2024-07-26,107.09,Metric Tonnes,3843.41,Rs./Quintal,7,208,125.95,104.41,95.55999999999999
Punjab,Vegetables,Tomato,2024-07-27,113.77,Metric Tonnes,3549.3,Rs./Quintal,7,209,107.09,125.92,95.94285714285715
Punjab,Vegetables,Tomato,2024-07-28,10.6,Metric Tonnes,4331.79,Rs./Quintal,7,210,113.77,9.6,94.20714285714287
Punjab,Vegetables,Tomato,2024-07-29,160.53,Metric Tonnes,3125.42,Rs./Quintal,7,211,10.6,104.83,94.35000000000001
Punjab,Vegetables,Tomato,2024-07-30,142.26,Metric Tonnes,3494.0,Rs./Quintal,7,212,160.53,101.79,102.30714285714285
Punjab,Vegetables,Tomato,2024-07-31,153.48,Metric Tonnes,3665.03,Rs./Quintal,7,213,142.26,96.42,108.08857142857143
Punjab,Vegetables,Tomato,2024-08-01,150.69,Metric Tonnes,3824.18,Rs./Quintal,8,214,153.48,125.95,116.24000000000001
Punjab,Vegetables,Tomato,2024-08-02,95.92,Metric Tonnes,3693.06,Rs./Quintal,8,215,150.69,107.09,119.77428571428571
Punjab,Vegetables,Tomato,2024-08-03,108.44,Metric Tonnes,3513.76,Rs./Quintal,8,216,95.92,113.77,118.17857142857143
Punjab,Vegetables,Tomato,2024-08-04,24.04,Metric Tonnes,3917.22,Rs./Quintal,8,217,108.44,10.6,117.41714285714285
Punjab,Vegetables,Tomato,2024-08-05,185.73,Metric Tonnes,3276.64,Rs./Quintal,8,218,24.04,160.53,119.33714285714284
Punjab,Vegetables,Tomato,2024-08-06,223.09,Metric Tonnes,3248.97,Rs./Quintal,8,219,185.73,142.26,122.93714285714285
Punjab,Vegetables,Tomato,2024-08-07,211.37,Metric Tonnes,2854.34,Rs./Quintal,8,220,223.09,153.48,134.4842857142857
Punjab,Vegetables,Tomato,2024-08-08,217.74,Metric Tonnes,3007.13,Rs./Quintal,8,221,211.37,150.69,142.75428571428571
Punjab,Vegetables,Tomato,2024-08-09,180.2,Metric Tonnes,3344.1,Rs./Quintal,8,222,217.74,95.92,152.33285714285714
Punjab,Vegetables,Tomato,2024-08-10,118.43,Metric Tonnes,3142.1,Rs./Quintal,8,223,180.2,108.44,164.37285714285713
Punjab,Vegetables,Tomato,2024-08-11,10.65,Metric Tonnes,3627.79,Rs./Quintal,8,224,118.43,24.04,165.79999999999998
Punjab,Vegetables,Tomato,2024-08-12,188.47,Metric Tonnes,3383.54,Rs./Quintal,8,225,10.65,185.73,163.88714285714286
Punjab,Vegetables,Tomato,2024-08-13,138.28,Metric Tonnes,3214.1,Rs./Quintal,8,226,188.47,223.09,164.27857142857144
Punjab,Vegetables,Tomato,2024-08-14,166.72,Metric Tonnes,3241.55,Rs./Quintal,8,227,138.28,211.37,152.16285714285715
Punjab,Vegetables,Tomato,2024-08-15,158.0,Metric Tonnes,3071.25,Rs./Quintal,8,228,166.72,217.74,145.78428571428572
Punjab,Vegetables,Tomato,2024-08-16,207.67,Metric Tonnes,3008.91,Rs./Quintal,8,229,158.0,180.2,137.25
Punjab,Vegetables,Tomato,2024-08-17,127.42,Metric Tonnes,3055.69,Rs./Quintal,8,230,207.67,118.43,141.1742857142857
Punjab,Vegetables,Tomato,2024-08-18,15.94,Metric Tonnes,3709.5,Rs./Quintal,8,231,127.42,10.65,142.45857142857145
Punjab,Vegetables,Tomato,2024-08-19,197.92,Metric Tonnes,2904.11,Rs./Quintal,8,232,15.94,188.47,143.21428571428572
Punjab,Vegetables,Tomato,2024-08-20,188.32,Metric Tonnes,3006.12,Rs./Quintal,8,233,197.92,138.28,144.56428571428572
Punjab,Vegetables,Tomato,2024-08-21,186.85,Metric Tonnes,2669.01,Rs./Quintal,8,234,188.32,166.72,151.71285714285713
Punjab,Vegetables,Tomato,2024-08-22,228.56,Metric Tonnes,2582.1,Rs./Quintal,8,235,186.85,158.0,154.5885714285714
Punjab,Vegetables,Tomato,2024-08-23,236.06,Metric Tonnes,2581.51,Rs./Quintal,8,236,228.56,207.67,164.66857142857143
Punjab,Vegetables,Tomato,2024-08-24,150.12,Metric Tonnes,2833.02,Rs./Quintal,8,237,236.06,127.42,168.7242857142857
Punjab,Vegetables,Tomato,2024-08-25,8.32,Metric Tonnes,2735.41,Rs./Quintal,8,238,150.12,15.94,171.96714285714285
Punjab,Vegetables,Tomato,2024-08-26,343.6,Metric Tonnes,2342.55,Rs./Quintal,8,239,8.32,197.92,170.8785714285714
Punjab,Vegetables,Tomato,2024-08-27,256.26,Metric Tonnes,2342.07,Rs./Quintal,8,240,343.6,188.32,191.69000000000003
Punjab,Vegetables,Tomato,2024-08-28,255.25,Metric Tonnes,2539.78,Rs./Quintal,8,241,256.26,186.85,201.39571428571432
Punjab,Vegetables,Tomato,2024-08-29,212.93,Metric Tonnes,2377.92,Rs./Quintal,8,242,255.25,228.56,211.16714285714286
Punjab,Vegetables,Tomato,2024-08-30,266.33,Metric Tonnes,2269.45,Rs./Quintal,8,243,212.93,236.06,208.93428571428572
Punjab,Vegetables,Tomato,2024-08-31,205.0,Metric Tonnes,2176.64,Rs./Quintal,8,244,266.33,150.12,213.25857142857146
Punjab,Vegetables,Tomato,2024-09-01,15.06,Metric Tonnes,2502.66,Rs./Quintal,9,245,205.0,8.32,221.09857142857143
Punjab,Vegetables,Tomato,2024-09-02,344.09,Metric Tonnes,2366.15,Rs./Quintal,9,246,15.06,343.6,222.0614285714286
Punjab,Vegetables,Tomato,2024-09-03,268.58,Metric Tonnes,2077.6,Rs./Quintal,9,247,344.09,256.26,222.13142857142856
Punjab,Vegetables,Tomato,2024-09-04,375.73,Metric Tonnes,2164.26,Rs./Quintal,9,248,268.58,255.25,223.89142857142855
Punjab,Vegetables,Tomato,2024-09-05,254.96,Metric Tonnes,2110.53,Rs./Quintal,9,249,375.73,212.93,241.10285714285712
Punjab,Vegetables,Tomato,2024-09-06,357.95,Metric Tonnes,2193.54,Rs./Quintal,9,250,254.96,266.33,247.10714285714286
Punjab,Vegetables,Tomato,2024-09-07,222.55,Metric Tonnes,1910.2,Rs./Quintal,9,251,357.95,205.0,260.19571428571425
Punjab,Vegetables,Tomato,2024-09-08,11.01,Metric Tonnes,2888.28,Rs./Quintal,9,252,222.55,15.06,262.7028571428571
Punjab,Vegetables,Tomato,2024-09-09,297.08,Metric Tonnes,1917.05,Rs./Quintal,9,253,11.01,344.09,262.1242857142857
Punjab,Vegetables,Tomato,2024-09-10,266.71,Metric Tonnes,2027.86,Rs./Quintal,9,254,297.08,268.58,255.40857142857143
Punjab,Vegetables,Tomato,2024-09-11,353.99,Metric Tonnes,2188.99,Rs./Quintal,9,255,266.71,375.73,255.14142857142858
Punjab,Vegetables,Tomato,2024-09-12,395.46,Metric Tonnes,2154.25,Rs./Quintal,9,256,353.99,254.96,252.03571428571425
Punjab,Vegetables,Tomato,2024-09-13,335.95,Metric Tonnes,2286.4,Rs./Quintal,9,257,395.46,357.95,272.10714285714283
Punjab,Vegetables,Tomato,2024-09-14,272.38,Metric Tonnes,2200.76,Rs./Quintal,9,258,335.95,222.55,268.9642857142857
Punjab,Vegetables,Tomato,2024-09-15,19.1,Metric Tonnes,2369.11,Rs./Quintal,9,259,272.38,11.01,276.0828571428571
Punjab,Vegetables,Tomato,2024-09-16,436.66,Metric Tonnes,2159.1,Rs./Quintal,9,260,19.1,297.08,277.23857142857145
Punjab,Vegetables,Tomato,2024-09-17,380.25,Metric Tonnes,2417.89,Rs./Quintal,9,261,436.66,266.71,297.17857142857144
Punjab,Vegetables,Tomato,2024-09-18,243.22,Metric Tonnes,2644.83,Rs./Quintal,9,262,380.25,353.99,313.3985714285714
Punjab,Vegetables,Tomato,2024-09-19,334.18,Metric Tonnes,2731.95,Rs./Quintal,9,263,243.22,395.46,297.57428571428574
Punjab,Vegetables,Tomato,2024-09-20,357.96,Metric Tonnes,2798.77,Rs./Quintal,9,264,334.18,335.95,288.82
Punjab,Vegetables,Tomato,2024-09-21,348.56,Metric Tonnes,2976.48,Rs./Quintal,9,265,357.96,272.38,291.9642857142857
Punjab,Vegetables,Tomato,2024-09-22,14.85,Metric Tonnes,3554.68,Rs./Quintal,9,266,348.56,19.1,302.8471428571429
Punjab,Vegetables,Tomato,2024-09-23,396.42,Metric Tonnes,2870.19,Rs./Quintal,9,267,14.85,436.66,302.24000000000007
Punjab,Vegetables,Tomato,2024-09-24,346.72,Metric Tonnes,3145.72,Rs./Quintal,9,268,396.42,380.25,296.49142857142857
Punjab,Vegetables,Tomato,2024-09-25,304.99,Metric Tonnes,3049.5,Rs./Quintal,9,269,346.72,243.22,291.70142857142855
Punjab,Vegetables,Tomato,2024-09-26,267.44,Metric Tonnes,3144.34,Rs./Quintal,9,270,304.99,334.18,300.52571428571434
Punjab,Vegetables,Tomato,2024-09-27,279.42,Metric Tonnes,3350.53,Rs./Quintal,9,271,267.44,357.96,290.99142857142857
Punjab,Vegetables,Tomato,2024-09-28,254.74,Metric Tonnes,3362.66,Rs./Quintal,9,272,279.42,348.56,279.7714285714286
Punjab,Vegetables,Tomato,2024-09-29,10.14,Metric Tonnes,3820.51,Rs./Quintal,9,273,254.74,14.85,266.36857142857144
Punjab,Vegetables,Tomato,2024-09-30,341.83,Metric Tonnes,3164.92,Rs./Quintal,9,274,10.14,396.42,265.6957142857143
Punjab,Vegetables,Tomato,2024-10-01,293.3,Metric Tonnes,3556.97,Rs./Quintal,10,275,341.83,346.72,257.8971428571429
Punjab,Vegetables,Tomato,2024-10-02,223.62,Metric Tonnes,3117.4,Rs./Quintal,10,276,293.3,304.99,250.2657142857143
Punjab,Vegetables,Tomato,2024-10-03,247.51,Metric Tonnes,3475.19,Rs./Quintal,10,277,223.62,267.44,238.64142857142858
Punjab,Vegetables,Tomato,2024-10-04,195.19,Metric Tonnes,3792.56,Rs./Quintal,10,278,247.51,279.42,235.7942857142857
Punjab,Vegetables,Tomato,2024-10-05,199.42,Metric Tonnes,3946.08,Rs./Quintal,10,279,195.19,254.74,223.76142857142855
Punjab,Vegetables,Tomato,2024-10-06,19.27,Metric Tonnes,4900.62,Rs./Quintal,10,280,199.42,10.14,215.85857142857142
Punjab,Vegetables,Tomato,2024-10-07,237.66,Metric Tonnes,4879.13,Rs./Quintal,10,281,19.27,341.83,217.16285714285715
Punjab,Vegetables,Tomato,2024-10-08,241.6,Metric Tonnes,5358.84,Rs./Quintal,10,282,237.66,293.3,202.28142857142853
Punjab,Vegetables,Tomato,2024-10-09,273.61,Metric Tonnes,4824.11,Rs./Quintal,10,283,241.6,223.62,194.8957142857143
Punjab,Vegetables,Tomato,2024-10-10,298.68,Metric Tonnes,4591.13,Rs./Quintal,10,284,273.61,247.51,202.03714285714287
Punjab,Vegetables,Tomato,2024-10-11,251.27,Metric Tonnes,4523.77,Rs./Quintal,10,285,298.68,195.19,209.34714285714287
Punjab,Vegetables,Tomato,2024-10-12,203.84,Metric Tonnes,4459.6,Rs./Quintal,10,286,251.27,199.42,217.35857142857142
Punjab,Vegetables,Tomato,2024-10-13,17.06,Metric Tonnes,4629.54,Rs./Quintal,10,287,203.84,19.27,217.98999999999998
Punjab,Vegetables,Tomato,2024-10-14,306.37,Metric Tonnes,3964.61,Rs./Quintal,10,288,17.06,237.66,217.67428571428573
Punjab,Vegetables,Tomato,2024-10-15,245.73,Metric Tonnes,4246.29,Rs./Quintal,10,289,306.37,241.6,227.49
Punjab,Vegetables,Tomato,2024-10-16,249.16,Metric Tonnes,3784.54,Rs./Quintal,10,290,245.73,273.61,228.07999999999998
Punjab,Vegetables,Tomato,2024-10-17,207.9,Metric Tonnes,4281.75,Rs./Quintal,10,291,249.16,298.68,224.58714285714288
Punjab,Vegetables,Tomato,2024-10-18,210.79,Metric Tonnes,4502.19,Rs./Quintal,10,292,207.9,251.27,211.6185714285714
Punjab,Vegetables,Tomato,2024-10-19,244.62,Metric Tonnes,4036.08,Rs./Quintal,10,293,210.79,203.84,205.83571428571426
Punjab,Vegetables,Tomato,2024-10-20,10.1,Metric Tonnes,5213.86,Rs./Quintal,10,294,244.62,17.06,211.66142857142856
Punjab,Vegetables,Tomato,2024-10-21,181.34,Metric Tonnes,4194.56,Rs./Quintal,10,295,10.1,306.37,210.66714285714284
Punjab,Vegetables,Tomato,2024-10-22,207.86,Metric Tonnes,3463.29,Rs./Quintal,10,296,181.34,245.73,192.8057142857143
Punjab,Vegetables,Tomato,2024-10-23,184.08,Metric Tonnes,3718.38,Rs./Quintal,10,297,207.86,249.16,187.3957142857143
Punjab,Vegetables,Tomato,2024-10-24,221.22,Metric Tonnes,3851.05,Rs./Quintal,10,298,184.08,207.9,178.09857142857143
Punjab,Vegetables,Tomato,2024-10-25,182.65,Metric Tonnes,3802.41,Rs./Quintal,10,299,221.22,210.79,180.0014285714286
Punjab,Vegetables,Tomato,2024-10-26,233.04,Metric Tonnes,3585.92,Rs./Quintal,10,300,182.65,244.62,175.98142857142858
Punjab,Vegetables,Tomato,2024-10-27,24.97,Metric Tonnes,4209.45,Rs./Quintal,10,301,233.04,10.1,174.32714285714286
Punjab,Vegetables,Tomato,2024-10-28,319.57,Metric Tonnes,3391.73,Rs./Quintal,10,302,24.97,181.34,176.45142857142858
Punjab,Vegetables,Tomato,2024-10-29,189.2,Metric Tonnes,3486.24,Rs./Quintal,10,303,319.57,207.86,196.1985714285714
Punjab,Vegetables,Tomato,2024-10-30,221.1,Metric Tonnes,2905.56,Rs./Quintal,10,304,189.2,184.08,193.53285714285715
Punjab,Vegetables,Tomato,2024-10-31,108.55,Metric Tonnes,2730.2,Rs./Quintal,10,305,221.1,221.22,198.82142857142858
Punjab,Vegetables,Tomato,2024-11-01,172.08,Metric Tonnes,2700.46,Rs./Quintal,11,306,108.55,182.65,182.7257142857143
Punjab,Vegetables,Tomato,2024-11-02,137.37,Metric Tonnes,2801.58,Rs./Quintal,11,307,172.08,233.04,181.21571428571428
Punjab,Vegetables,Tomato,2024-11-03,10.06,Metric Tonnes,4279.32,Rs./Quintal,11,308,137.37,24.97,167.54857142857145
Punjab,Vegetables,Tomato,2024-11-04,241.2,Metric Tonnes,2643.57,Rs./Quintal,11,309,10.06,319.57,165.41857142857143
Punjab,Vegetables,Tomato,2024-11-05,196.53,Metric Tonnes,2935.17,Rs./Quintal,11,310,241.2,189.2,154.22285714285712
Punjab,Vegetables,Tomato,2024-11-06,189.52,Metric Tonnes,2539.95,Rs./Quintal,11,311,196.53,221.1,155.26999999999998
Punjab,Vegetables,Tomato,2024-11-07,227.79,Metric Tonnes,2578.06,Rs./Quintal,11,312,189.52,108.55,150.75857142857143
Punjab,Vegetables,Tomato,2024-11-08,196.82,Metric Tonnes,2813.33,Rs./Quintal,11,313,227.79,172.08,167.79285714285714
Punjab,Vegetables,Tomato,2024-11-09,633.15,Metric Tonnes,1891.94,Rs./Quintal,11,314,196.82,137.37,171.32714285714286
Punjab,Vegetables,Tomato,2024-11-10,11.2,Metric Tonnes,3985.71,Rs./Quintal,11,315,633.15,10.06,242.15285714285713
Punjab,Vegetables,Tomato,2024-11-11,287.95,Metric Tonnes,2694.19,Rs./Quintal,11,316,11.2,241.2,242.31571428571428
Punjab,Vegetables,Tomato,2024-11-12,234.0,Metric Tonnes,2873.17,Rs./Quintal,11,317,287.95,196.53,248.99428571428572
Punjab,Vegetables,Tomato,2024-11-13,176.89,Metric Tonnes,2705.16,Rs./Quintal,11,318,234.0,189.52,254.34714285714284
Punjab,Vegetables,Tomato,2024-11-14,195.01,Metric Tonnes,2990.87,Rs./Quintal,11,319,176.89,227.79,252.54285714285714
Punjab,Vegetables,Tomato,2024-11-15,190.1,Metric Tonnes,2646.75,Rs./Quintal,11,320,195.01,196.82,247.85999999999999
Punjab,Vegetables,Tomato,2024-11-16,146.16,Metric Tonnes,2443.3,Rs./Quintal,11,321,190.1,633.15,246.9
Punjab,Vegetables,Tomato,2024-11-17,5.4,Metric Tonnes,3761.11,Rs./Quintal,11,322,146.16,11.2,177.32999999999998
Punjab,Vegetables,Tomato,2024-11-18,240.64,Metric Tonnes,2426.65,Rs./Quintal,11,323,5.4,287.95,176.50142857142856
Punjab,Vegetables,Tomato,2024-11-19,185.1,Metric Tonnes,2944.88,Rs./Quintal,11,324,240.64,234.0,169.74285714285716
Punjab,Vegetables,Tomato,2024-11-20,241.92,Metric Tonnes,2880.11,Rs./Quintal,11,325,185.1,176.89,162.75714285714284
Punjab,Vegetables,Tomato,2024-11-21,250.17,Metric Tonnes,2668.4,Rs./Quintal,11,326,241.92,195.01,172.04714285714286
Punjab,Vegetables,Tomato,2024-11-22,317.7,Metric Tonnes,2927.44,Rs./Quintal,11,327,250.17,190.1,179.92714285714285
Punjab,Vegetables,Tomato,2024-11-23,243.58,Metric Tonnes,3072.71,Rs./Quintal,11,328,317.7,146.16,198.1557142857143
Punjab,Vegetables,Tomato,2024-11-24,12.97,Metric Tonnes,3178.87,Rs./Quintal,11,329,243.58,5.4,212.07285714285715
Punjab,Vegetables,Tomato,2024-11-25,355.71,Metric Tonnes,2867.98,Rs./Quintal,11,330,12.97,240.64,213.1542857142857
Punjab,Vegetables,Tomato,2024-11-26,324.96,Metric Tonnes,3114.75,Rs./Quintal,11,331,355.71,185.1,229.59285714285716
Punjab,Vegetables,Tomato,2024-11-27,292.9,Metric Tonnes,3111.06,Rs./Quintal,11,332,324.96,241.92,249.57285714285715
Punjab,Vegetables,Tomato,2024-11-28,294.02,Metric Tonnes,3195.81,Rs./Quintal,11,333,292.9,250.17,256.85571428571427
Punjab,Vegetables,Tomato,2024-11-29,264.55,Metric Tonnes,3033.31,Rs./Quintal,11,334,294.02,317.7,263.12
Punjab,Vegetables,Tomato,2024-11-30,263.8,Metric Tonnes,3009.34,Rs./Quintal,11,335,264.55,243.58,255.52714285714282
Punjab,Vegetables,Tomato,2024-12-01,39.88,Metric Tonnes,3776.58,Rs./Quintal,12,336,263.8,12.97,258.4157142857143
Punjab,Vegetables,Tomato,2024-12-02,341.11,Metric Tonnes,3129.38,Rs./Quintal,12,337,39.88,355.71,262.26
Punjab,Vegetables,Tomato,2024-12-03,272.27,Metric Tonnes,3131.75,Rs./Quintal,12,338,341.11,324.96,260.1742857142857
Punjab,Vegetables,Tomato,2024-12-04,195.42,Metric Tonnes,2810.73,Rs./Quintal,12,339,272.27,292.9,252.64714285714285
Punjab,Vegetables,Tomato,2024-12-05,188.77,Metric Tonnes,2841.86,Rs./Quintal,12,340,195.42,294.02,238.72142857142856
Punjab,Vegetables,Tomato,2024-12-06,237.45,Metric Tonnes,3036.66,Rs./Quintal,12,341,188.77,264.55,223.68571428571428
Punjab,Vegetables,Tomato,2024-12-07,237.65,Metric Tonnes,2904.55,Rs./Quintal,12,342,237.45,263.8,219.81428571428572
Punjab,Vegetables,Tomato,2024-12-08,16.16,Metric Tonnes,3675.74,Rs./Quintal,12,343,237.65,39.88,216.07857142857142
Punjab,Vegetables,Tomato,2024-12-09,437.11,Metric Tonnes,2724.4,Rs./Quintal,12,344,16.16,341.11,212.69
Punjab,Vegetables,Tomato,2024-12-10,264.06,Metric Tonnes,2909.46,Rs./Quintal,12,345,437.11,272.27,226.4042857142857
Punjab,Vegetables,Tomato,2024-12-11,440.54,Metric Tonnes,3365.95,Rs./Quintal,12,346,264.06,195.42,225.23142857142858
Punjab,Vegetables,Tomato,2024-12-12,276.86,Metric Tonnes,2996.39,Rs./Quintal,12,347,440.54,188.77,260.24857142857144
Punjab,Vegetables,Tomato,2024-12-13,339.07,Metric Tonnes,2391.02,Rs./Quintal,12,348,276.86,237.45,272.8328571428571
Punjab,Vegetables,Tomato,2024-12-14,191.55,Metric Tonnes,2175.46,Rs./Quintal,12,349,339.07,237.65,287.35
Punjab,Vegetables,Tomato,2024-12-15,12.59,Metric Tonnes,3196.58,Rs./Quintal,12,350,191.55,16.16,280.76428571428573
Punjab,Vegetables,Tomato,2024-12-16,477.84,Metric Tonnes,2064.78,Rs./Quintal,12,351,12.59,437.11,280.2542857142857
Punjab,Vegetables,Tomato,2024-12-17,226.29,Metric Tonnes,2280.69,Rs./Quintal,12,352,477.84,264.06,286.0728571428572
Punjab,Vegetables,Tomato,2024-12-18,264.81,Metric Tonnes,2450.05,Rs./Quintal,12,353,226.29,440.54,280.6771428571429
Punjab,Vegetables,Tomato,2024-12-19,303.89,Metric Tonnes,2522.84,Rs./Quintal,12,354,264.81,276.86,255.57285714285715
Punjab,Vegetables,Tomato,2024-12-20,362.75,Metric Tonnes,2762.67,Rs./Quintal,12,355,303.89,339.07,259.4342857142857
Punjab,Vegetables,Tomato,2024-12-21,267.76,Metric Tonnes,2413.02,Rs./Quintal,12,356,362.75,191.55,262.8171428571428
Punjab,Vegetables,Tomato,2024-12-22,46.84,Metric Tonnes,3915.35,Rs./Quintal,12,357,267.76,12.59,273.7042857142857
Punjab,Vegetables,Tomato,2024-12-23,306.46,Metric Tonnes,2227.16,Rs./Quintal,12,358,46.84,477.84,278.59714285714284
Punjab,Vegetables,Tomato,2024-12-24,274.35,Metric Tonnes,2597.92,Rs./Quintal,12,359,306.46,226.29,254.11428571428573
Punjab,Vegetables,Tomato,2024-12-25,248.66,Metric Tonnes,2424.47,Rs./Quintal,12,360,274.35,264.81,260.97999999999996
Punjab,Vegetables,Tomato,2024-12-26,250.08,Metric Tonnes,2483.69,Rs./Quintal,12,361,248.66,303.89,258.67285714285714
Punjab,Vegetables,Tomato,2024-12-27,218.53,Metric Tonnes,2321.95,Rs./Quintal,12,362,250.08,362.75,250.9857142857143
Punjab,Vegetables,Tomato,2024-12-28,131.12,Metric Tonnes,2243.04,Rs./Quintal,12,363,218.53,267.76,230.38285714285715
Punjab,Vegetables,Tomato,2024-12-29,7.6,Metric Tonnes,2668.42,Rs./Quintal,12,364,131.12,46.84,210.86285714285717
Punjab,Vegetables,Tomato,2024-12-30,152.07,Metric Tonnes,1866.55,Rs./Quintal,12,365,7.6,306.46,205.25714285714284
Punjab,Vegetables,Tomato,2024-12-31,325.65,Metric Tonnes,1995.36,Rs./Quintal,12,366,152.07,274.35,183.20142857142858
Punjab,Vegetables,Tomato,2025-01-01,224.55,Metric Tonnes,1797.29,Rs./Quintal,1,1,325.65,248.66,190.53
Punjab,Vegetables,Tomato,2025-01-02,262.4,Metric Tonnes,2043.35,Rs./Quintal,1,2,224.55,250.08,187.08571428571426
Punjab,Vegetables,Tomato,2025-01-03,249.88,Metric Tonnes,1772.02,Rs./Quintal,1,3,262.4,218.53,188.8457142857143
Punjab,Vegetables,Tomato,2025-01-04,195.53,Metric Tonnes,1523.22,Rs./Quintal,1,4,249.88,131.12,193.3242857142857
Punjab,Vegetables,Tomato,2025-01-05,11.12,Metric Tonnes,2395.32,Rs./Quintal,1,5,195.53,7.6,202.52571428571426
Punjab,Vegetables,Tomato,2025-01-06,425.51,Metric Tonnes,1615.21,Rs./Quintal,1,6,11.12,152.07,203.02857142857144
Punjab,Vegetables,Tomato,2025-01-07,378.37,Metric Tonnes,1568.77,Rs./Quintal,1,7,425.51,325.65,242.09142857142857
Punjab,Vegetables,Tomato,2025-01-08,295.5,Metric Tonnes,1480.43,Rs./Quintal,1,8,378.37,224.55,249.62285714285713
Punjab,Vegetables,Tomato,2025-01-09,329.83,Metric Tonnes,1470.99,Rs./Quintal,1,9,295.5,262.4,259.75857142857143
Punjab,Vegetables,Tomato,2025-01-10,280.11,Metric Tonnes,1176.19,Rs./Quintal,1,10,329.83,249.88,269.39142857142855
Punjab,Vegetables,Tomato,2025-01-11,187.16,Metric Tonnes,1493.91,Rs./Quintal,1,11,280.11,195.53,273.71
Punjab,Vegetables,Tomato,2025-01-12,16.49,Metric Tonnes,2370.59,Rs./Quintal,1,12,187.16,11.12,272.5142857142857
Punjab,Vegetables,Tomato,2025-01-13,255.17,Metric Tonnes,1487.51,Rs./Quintal,1,13,16.49,425.51,273.28142857142853
Punjab,Vegetables,Tomato,2025-01-14,259.02,Metric Tonnes,1505.17,Rs./Quintal,1,14,255.17,378.37,248.94714285714286
Punjab,Vegetables,Tomato,2025-01-15,371.61,Metric Tonnes,1446.7,Rs./Quintal,1,15,259.02,295.5,231.89714285714285
Punjab,Vegetables,Tomato,2025-01-16,249.86,Metric Tonnes,1434.61,Rs./Quintal,1,16,371.61,329.83,242.76999999999998
Punjab,Vegetables,Tomato,2025-01-17,248.06,Metric Tonnes,1370.97,Rs./Quintal,1,17,249.86,280.11,231.3457142857143
Punjab,Vegetables,Tomato,2025-01-18,287.33,Metric Tonnes,1259.64,Rs./Quintal,1,18,248.06,187.16,226.76714285714283
Punjab,Vegetables,Tomato,2025-01-19,32.8,Metric Tonnes,1284.6,Rs./Quintal,1,19,287.33,16.49,241.07714285714286
Punjab,Vegetables,Tomato,2025-01-20,317.48,Metric Tonnes,1262.01,Rs./Quintal,1,20,32.8,255.17,243.40714285714287
Punjab,Vegetables,Tomato,2025-01-21,222.78,Metric Tonnes,1267.48,Rs./Quintal,1,21,317.48,259.02,252.30857142857144
Punjab,Vegetables,Tomato,2025-01-22,272.11,Metric Tonnes,1211.52,Rs./Quintal,1,22,222.78,371.61,247.1314285714286
Punjab,Vegetables,Tomato,2025-01-23,301.67,Metric Tonnes,1091.61,Rs./Quintal,1,23,272.11,249.86,232.91714285714286
Punjab,Vegetables,Tomato,2025-01-24,214.97,Metric Tonnes,1120.37,Rs./Quintal,1,24,301.67,248.06,240.31857142857143
Punjab,Vegetables,Tomato,2025-01-25,307.0,Metric Tonnes,957.22,Rs./Quintal,1,25,214.97,287.33,235.5914285714286
Punjab,Vegetables,Tomato,2025-01-26,35.65,Metric Tonnes,1469.58,Rs./Quintal,1,26,307.0,32.8,238.40142857142857
Punjab,Vegetables,Tomato,2025-01-27,320.78,Metric Tonnes,1014.52,Rs./Quintal,1,27,35.65,317.48,238.80857142857144
Punjab,Vegetables,Tomato,2025-01-28,261.24,Metric Tonnes,1067.06,Rs./Quintal,1,28,320.78,222.78,239.28
Punjab,Vegetables,Tomato,2025-01-29,290.33,Metric Tonnes,1001.4,Rs./Quintal,1,29,261.24,272.11,244.77428571428572
Punjab,Vegetables,Tomato,2025-01-30,245.19,Metric Tonnes,1018.32,Rs./Quintal,1,30,290.33,301.67,247.37714285714284
Punjab,Vegetables,Tomato,2025-01-31,227.01,Metric Tonnes,1063.01,Rs./Quintal,1,31,245.19,214.97,239.3085714285714
Punjab,Vegetables,Tomato,2025-02-01,228.78,Metric Tonnes,946.31,Rs./Quintal,2,32,227.01,307.0,241.0285714285714
Punjab,Vegetables,Tomato,2025-02-02,12.5,Metric Tonnes,1485.6,Rs./Quintal,2,33,228.78,35.65,229.8542857142857
Punjab,Vegetables,Tomato,2025-02-03,254.45,Metric Tonnes,878.16,Rs./Quintal,2,34,12.5,320.78,226.54714285714286
Punjab,Vegetables,Tomato,2025-02-04,285.18,Metric Tonnes,1011.75,Rs./Quintal,2,35,254.45,261.24,217.07142857142858
Punjab,Vegetables,Tomato,2025-02-05,358.7,Metric Tonnes,1053.36,Rs./Quintal,2,36,285.18,290.33,220.49142857142854
Punjab,Vegetables,Tomato,2025-02-06,370.34,Metric Tonnes,1063.09,Rs./Quintal,2,37,358.7,245.19,230.25857142857143
Punjab,Vegetables,Tomato,2025-02-07,343.67,Metric Tonnes,972.53,Rs./Quintal,2,38,370.34,227.01,248.13714285714283
Punjab,Vegetables,Tomato,2025-02-08,260.34,Metric Tonnes,1043.21,Rs./Quintal,2,39,343.67,228.78,264.80285714285714
Punjab,Vegetables,Tomato,2025-02-09,15.66,Metric Tonnes,1366.99,Rs./Quintal,2,40,260.34,12.5,269.31142857142856
Punjab,Vegetables,Tomato,2025-02-10,496.33,Metric Tonnes,840.71,Rs./Quintal,2,41,15.66,254.45,269.7628571428571
Punjab,Vegetables,Tomato,2025-02-11,282.91,Metric Tonnes,1036.63,Rs./Quintal,2,42,496.33,285.18,304.31714285714287
Punjab,Vegetables,Tomato,2025-02-12,268.12,Metric Tonnes,878.35,Rs./Quintal,2,43,282.91,358.7,303.99285714285713
Punjab,Vegetables,Tomato,2025-02-13,464.48,Metric Tonnes,913.58,Rs./Quintal,2,44,268.12,370.34,291.05285714285714
Punjab,Vegetables,Tomato,2025-02-14,409.79,Metric Tonnes,1002.57,Rs./Quintal,2,45,464.48,343.67,304.5014285714286
Punjab,Vegetables,Tomato,2025-02-15,282.6,Metric Tonnes,986.01,Rs./Quintal,2,46,409.79,260.34,313.94714285714286
Punjab,Vegetables,Tomato,2025-02-16,18.0,Metric Tonnes,1202.61,Rs./Quintal,2,47,282.6,15.66,317.1271428571429
Punjab,Vegetables,Tomato,2025-02-17,392.29,Metric Tonnes,912.68,Rs./Quintal,2,48,18.0,496.33,317.46142857142866
Punjab,Vegetables,Tomato,2025-02-18,571.64,Metric Tonnes,951.19,Rs./Quintal,2,49,392.29,282.91,302.59857142857146
Punjab,Vegetables,Tomato,2025-02-19,396.17,Metric Tonnes,852.56,Rs./Quintal,2,50,571.64,268.12,343.8457142857143
Punjab,Vegetables,Tomato,2025-02-20,283.51,Metric Tonnes,920.31,Rs./Quintal,2,51,396.17,464.48,362.1385714285715
Punjab,Vegetables,Tomato,2025-02-21,445.14,Metric Tonnes,881.82,Rs./Quintal,2,52,283.51,409.79,336.2857142857143
Punjab,Vegetables,Tomato,2025-02-22,210.47,Metric Tonnes,1007.59,Rs./Quintal,2,53,445.14,282.6,341.33571428571435
Punjab,Vegetables,Tomato,2025-02-23,40.0,Metric Tonnes,1203.88,Rs./Quintal,2,54,210.47,18.0,331.03142857142853
Punjab,Vegetables,Tomato,2025-02-24,372.46,Metric Tonnes,1021.74,Rs./Quintal,2,55,40.0,392.29,334.17428571428576
Punjab,Vegetables,Tomato,2025-02-25,268.27,Metric Tonnes,1147.83,Rs./Quintal,2,56,372.46,571.64,331.3414285714286
Punjab,Vegetables,Tomato,2025-02-26,225.05,Metric Tonnes,987.09,Rs./Quintal,2,57,268.27,396.17,288.0028571428571
Punjab,Vegetables,Tomato,2025-02-27,343.9,Metric Tonnes,864.62,Rs./Quintal,2,58,225.05,283.51,263.5571428571428
Punjab,Vegetables,Tomato,2025-02-28,348.18,Metric Tonnes,909.42,Rs./Quintal,2,59,343.9,445.14,272.1842857142857
Punjab,Vegetables,Tomato,2025-03-01,256.18,Metric Tonnes,964.62,Rs./Quintal,3,60,348.18,210.47,258.3328571428571
Punjab,Vegetables,Tomato,2025-03-02,40.15,Metric Tonnes,1281.44,Rs./Quintal,3,61,256.18,40.0,264.86285714285714
Punjab,Vegetables,Tomato,2025-03-03,252.2,Metric Tonnes,928.89,Rs./Quintal,3,62,40.15,372.46,264.88428571428574
Punjab,Vegetables,Tomato,2025-03-04,320.5,Metric Tonnes,916.62,Rs./Quintal,3,63,252.2,268.27,247.70428571428573
Punjab,Vegetables,Tomato,2025-03-05,229.54,Metric Tonnes,1051.84,Rs./Quintal,3,64,320.5,225.05,255.16571428571427
Punjab,Vegetables,Tomato,2025-03-06,321.53,Metric Tonnes,950.4,Rs./Quintal,3,65,229.54,343.9,255.80714285714288
Punjab,Vegetables,Tomato,2025-03-07,485.06,Metric Tonnes,844.89,Rs./Quintal,3,66,321.53,348.18,252.61142857142855
Punjab,Vegetables,Tomato,2025-03-08,253.2,Metric Tonnes,854.31,Rs./Quintal,3,67,485.06,256.18,272.1657142857143
Punjab,Vegetables,Tomato,2025-03-09,21.4,Metric Tonnes,1158.64,Rs./Quintal,3,68,253.2,40.15,271.73999999999995
Punjab,Vegetables,Tomato,2025-03-10,565.07,Metric Tonnes,815.85,Rs./Quintal,3,69,21.4,252.2,269.06142857142856
Punjab,Vegetables,Tomato,2025-03-11,324.69,Metric Tonnes,751.5,Rs./Quintal,3,70,565.07,320.5,313.7571428571428
Punjab,Vegetables,Tomato,2025-03-12,363.6,Metric Tonnes,763.1,Rs./Quintal,3,71,324.69,229.54,314.35571428571427
Punjab,Vegetables,Tomato,2025-03-13,302.2,Metric Tonnes,814.03,Rs./Quintal,3,72,363.6,321.53,333.5071428571428
Punjab,Vegetables,Tomato,2025-03-14,220.53,Metric Tonnes,836.78,Rs./Quintal,3,73,302.2,485.06,330.7457142857143
Punjab,Vegetables,Tomato,2025-03-15,309.4,Metric Tonnes,796.97,Rs./Quintal,3,74,220.53,253.2,292.9557142857143
Punjab,Vegetables,Tomato,2025-03-16,18.59,Metric Tonnes,1332.17,Rs./Quintal,3,75,309.4,21.4,300.98428571428576
Punjab,Vegetables,Tomato,2025-03-17,372.57,Metric Tonnes,877.45,Rs./Quintal,3,76,18.59,565.07,300.5828571428571
Punjab,Vegetables,Tomato,2025-03-18,410.95,Metric Tonnes,997.6,Rs./Quintal,3,77,372.57,324.69,273.0828571428571
Punjab,Vegetables,Tomato,2025-03-19,334.72,Metric Tonnes,956.09,Rs./Quintal,3,78,410.95,363.6,285.4057142857143
Punjab,Vegetables,Tomato,2025-03-20,360.11,Metric Tonnes,925.94,Rs./Quintal,3,79,334.72,302.2,281.28
Punjab,Vegetables,Tomato,2025-03-21,336.95,Metric Tonnes,886.07,Rs./Quintal,3,80,360.11,220.53,289.55285714285714
Punjab,Vegetables,Tomato,2025-03-22,381.33,Metric Tonnes,933.47,Rs./Quintal,3,81,336.95,309.4,306.1842857142857
Punjab,Vegetables,Tomato,2025-03-23,46.11,Metric Tonnes,1403.93,Rs./Quintal,3,82,381.33,18.59,316.46
Punjab,Vegetables,Tomato,2025-03-24,459.76,Metric Tonnes,951.97,Rs./Quintal,3,83,46.11,372.57,320.39142857142855
Punjab,Vegetables,Tomato,2025-03-25,442.8,Metric Tonnes,859.81,Rs./Quintal,3,84,459.76,410.95,332.8471428571429
Punjab,Vegetables,Tomato,2025-03-26,331.96,Metric Tonnes,851.89,Rs./Quintal,3,85,442.8,334.72,337.3971428571429
Punjab,Vegetables,Tomato,2025-03-27,456.37,Metric Tonnes,898.83,Rs./Quintal,3,86,331.96,360.11,337.0028571428571
Punjab,Vegetables,Tomato,2025-03-28,362.7,Metric Tonnes,865.56,Rs./Quintal,3,87,456.37,336.95,350.7542857142857
Punjab,Vegetables,Tomato,2025-03-29,116.14,Metric Tonnes,782.7,Rs./Quintal,3,88,362.7,381.33,354.4328571428572
Punjab,Vegetables,Tomato,2025-03-30,6.33,Metric Tonnes,952.92,Rs./Quintal,3,89,116.14,46.11,316.54857142857145
Punjab,Vegetables,Tomato,2025-03-31,281.44,Metric Tonnes,818.48,Rs./Quintal,3,90,6.33,459.76,310.86571428571426
Punjab,Vegetables,Tomato,2025-04-01,247.02,Metric Tonnes,870.36,Rs./Quintal,4,91,281.44,442.8,285.39142857142855
Punjab,Vegetables,Tomato,2025-04-02,241.03,Metric Tonnes,922.56,Rs./Quintal,4,92,247.02,331.96,257.42285714285714
Punjab,Vegetables,Tomato,2025-04-03,350.15,Metric Tonnes,908.82,Rs./Quintal,4,93,241.03,456.37,244.43285714285716
Punjab,Vegetables,Tomato,2025-04-04,442.52,Metric Tonnes,968.42,Rs./Quintal,4,94,350.15,362.7,229.25857142857143
Punjab,Vegetables,Tomato,2025-04-05,335.38,Metric Tonnes,894.11,Rs./Quintal,4,95,442.52,116.14,240.6614285714286
Punjab,Vegetables,Tomato,2025-04-06,17.4,Metric Tonnes,1253.16,Rs./Quintal,4,96,335.38,6.33,271.9814285714286
Punjab,Vegetables,Tomato,2025-04-07,465.08,Metric Tonnes,931.08,Rs./Quintal,4,97,17.4,281.44,273.5628571428571
Punjab,Vegetables,Tomato,2025-04-08,379.49,Metric Tonnes,893.26,Rs./Quintal,4,98,465.08,247.02,299.79714285714283
Punjab,Vegetables,Tomato,2025-04-09,259.17,Metric Tonnes,856.17,Rs./Quintal,4,99,379.49,241.03,318.7214285714286
Punjab,Vegetables,Tomato,2025-04-10,358.62,Metric Tonnes,901.42,Rs./Quintal,4,100,259.17,350.15,321.31285714285707
Punjab,Vegetables,Tomato,2025-04-11,443.74,Metric Tonnes,959.09,Rs./Quintal,4,101,358.62,442.52,322.5228571428571
Punjab,Vegetables,Tomato,2025-04-12,236.68,Metric Tonnes,902.8,Rs./Quintal,4,102,443.74,335.38,322.69714285714286
Punjab,Vegetables,Tomato,2025-04-13,20.2,Metric Tonnes,1033.66,Rs./Quintal,4,103,236.68,17.4,308.59714285714284
Punjab,Vegetables,Tomato,2025-04-14,385.9,Metric Tonnes,1102.93,Rs./Quintal,4,104,20.2,465.08,308.9971428571429
Punjab,Vegetables,Tomato,2025-04-15,379.81,Metric Tonnes,1097.12,Rs./Quintal,4,105,385.9,379.49,297.6857142857143
Punjab,Vegetables,Tomato,2025-04-16,408.62,Metric Tonnes,1085.06,Rs./Quintal,4,106,379.81,259.17,297.7314285714286
Punjab,Vegetables,Tomato,2025-04-17,337.65,Metric Tonnes,1004.48,Rs./Quintal,4,107,408.62,358.62,319.0814285714286
Punjab,Vegetables,Tomato,2025-04-18,351.7,Metric Tonnes,942.8,Rs./Quintal,4,108,337.65,443.74,316.0857142857143
Punjab,Vegetables,Tomato,2025-04-19,287.51,Metric Tonnes,1101.98,Rs./Quintal,4,109,351.7,236.68,302.9371428571429
Punjab,Vegetables,Tomato,2025-04-20,18.25,Metric Tonnes,1422.74,Rs./Quintal,4,110,287.51,20.2,310.1985714285714
Punjab,Vegetables,Tomato,2025-04-21,501.19,Metric Tonnes,911.89,Rs./Quintal,4,111,18.25,385.9,309.91999999999996
Punjab,Vegetables,Tomato,2025-04-22,473.64,Metric Tonnes,1125.62,Rs./Quintal,4,112,501.19,379.81,326.39
Punjab,Vegetables,Tomato,2025-04-23,430.96,Metric Tonnes,1139.53,Rs./Quintal,4,113,473.64,408.62,339.7942857142857
Punjab,Vegetables,Tomato,2025-04-24,393.35,Metric Tonnes,1038.81,Rs./Quintal,4,114,430.96,337.65,342.9857142857143
Punjab,Vegetables,Tomato,2025-04-25,436.92,Metric Tonnes,1105.86,Rs./Quintal,4,115,393.35,351.7,350.9428571428571
Punjab,Vegetables,Tomato,2025-04-26,379.32,Metric Tonnes,1052.47,Rs./Quintal,4,116,436.92,287.51,363.1171428571429
Punjab,Vegetables,Tomato,2025-04-27,51.01,Metric Tonnes,1159.96,Rs./Quintal,4,117,379.32,18.25,376.23285714285714
Punjab,Vegetables,Tomato,2025-04-28,429.63,Metric Tonnes,792.05,Rs./Quintal,4,118,51.01,501.19,380.91285714285715
Punjab,Vegetables,Tomato,2025-04-29,427.74,Metric Tonnes,841.52,Rs./Quintal,4,119,429.63,473.64,370.69
Punjab,Vegetables,Tomato,2025-04-30,335.01,Metric Tonnes,989.65,Rs./Quintal,4,120,427.74,430.96,364.1328571428571
Punjab,Vegetables,Tomato,2025-05-01,334.87,Metric Tonnes,1101.55,Rs./Quintal,5,121,335.01,393.35,350.42571428571426
Punjab,Vegetables,Tomato,2025-05-02,493.57,Metric Tonnes,1109.45,Rs./Quintal,5,122,334.87,436.92,342.07142857142856
Punjab,Vegetables,Tomato,2025-05-03,224.79,Metric Tonnes,730.84,Rs./Quintal,5,123,493.57,379.32,350.1642857142857
Punjab,Vegetables,Tomato,2025-05-04,15.9,Metric Tonnes,1269.81,Rs./Quintal,5,124,224.79,51.01,328.0885714285714
Punjab,Vegetables,Tomato,2025-05-05,407.2,Metric Tonnes,1021.44,Rs./Quintal,5,125,15.9,429.63,323.0728571428571
Punjab,Vegetables,Tomato,2025-05-06,401.19,Metric Tonnes,956.78,Rs./Quintal,5,126,407.2,427.74,319.86857142857144
Punjab,Vegetables,Tomato,2025-05-07,403.48,Metric Tonnes,981.72,Rs./Quintal,5,127,401.19,335.01,316.0757142857143
Punjab,Vegetables,Tomato,2025-05-08,418.69,Metric Tonnes,922.36,Rs./Quintal,5,128,403.48,334.87,325.85714285714283
Punjab,Vegetables,Tomato,2025-05-09,386.22,Metric Tonnes,920.86,Rs./Quintal,5,129,418.69,493.57,337.8314285714286
Punjab,Vegetables,Tomato,2025-05-10,344.96,Metric Tonnes,960.24,Rs./Quintal,5,130,386.22,224.79,322.4957142857143
Punjab,Vegetables,Tomato,2025-05-11,11.78,Metric Tonnes,942.28,Rs./Quintal,5,131,344.96,15.9,339.6628571428572
Punjab,Vegetables,Tomato,2025-05-12,456.24,Metric Tonnes,878.62,Rs./Quintal,5,132,11.78,407.2,339.07428571428574
Punjab,Vegetables,Tomato,2025-05-13,405.18,Metric Tonnes,879.5,Rs./Quintal,5,133,456.24,401.19,346.08
Punjab,Vegetables,Tomato,2025-05-14,331.59,Metric Tonnes,819.18,Rs./Quintal,5,134,405.18,403.48,346.65
Punjab,Vegetables,Tomato,2025-05-15,364.41,Metric Tonnes,753.09,Rs./Quintal,5,135,331.59,418.69,336.38
Punjab,Vegetables,Tomato,2025-05-16,444.11,Metric Tonnes,795.3,Rs./Quintal,5,136,364.41,386.22,328.6257142857143
Punjab,Vegetables,Tomato,2025-05-17,320.01,Metric Tonnes,796.59,Rs./Quintal,5,137,444.11,344.96,336.8957142857143
Punjab,Vegetables,Tomato,2025-05-18,16.16,Metric Tonnes,1035.33,Rs./Quintal,5,138,320.01,11.78,333.3314285714286
Punjab,Vegetables,Tomato,2025-05-19,435.35,Metric Tonnes,811.13,Rs./Quintal,5,139,16.16,456.24,333.95714285714286
Punjab,Vegetables,Tomato,2025-05-20,471.06,Metric Tonnes,788.0,Rs./Quintal,5,140,435.35,405.18,330.97285714285715
Punjab,Vegetables,Tomato,2025-05-21,453.42,Metric Tonnes,766.73,Rs./Quintal,5,141,471.06,331.59,340.38428571428574
Punjab,Vegetables,Tomato,2025-05-22,499.75,Metric Tonnes,711.63,Rs./Quintal,5,142,453.42,364.41,357.7885714285715
Punjab,Vegetables,Tomato,2025-05-23,423.29,Metric Tonnes,745.39,Rs./Quintal,5,143,499.75,444.11,377.1228571428572
Punjab,Vegetables,Tomato,2025-05-24,313.58,Metric Tonnes,833.87,Rs./Quintal,5,144,423.29,320.01,374.1485714285714
Punjab,Vegetables,Tomato,2025-05-25,32.19,Metric Tonnes,1152.16,Rs./Quintal,5,145,313.58,16.16,373.23
Punjab,Vegetables,Tomato,2025-05-26,396.4,Metric Tonnes,816.88,Rs./Quintal,5,146,32.19,435.35,375.52000000000004
Punjab,Vegetables,Tomato,2025-05-27,283.13,Metric Tonnes,783.75,Rs./Quintal,5,147,396.4,471.06,369.9557142857143
Punjab,Vegetables,Tomato,2025-05-28,413.5,Metric Tonnes,580.45,Rs./Quintal,5,148,283.13,453.42,343.1085714285714
Punjab,Vegetables,Tomato,2025-05-29,429.83,Metric Tonnes,831.67,Rs./Quintal,5,149,413.5,499.75,337.4057142857142
Punjab,Vegetables,Tomato,2025-05-30,338.16,Metric Tonnes,638.89,Rs./Quintal,5,150,429.83,423.29,327.4171428571429
Punjab,Vegetables,Tomato,2025-05-31,331.95,Metric Tonnes,667.29,Rs./Quintal,5,151,338.16,313.58,315.2557142857143
Punjab,Vegetables,Tomato,2025-06-01,17.25,Metric Tonnes,958.26,Rs./Quintal,6,152,331.95,32.19,317.88
Punjab,Vegetables,Tomato,2025-06-02,371.86,Metric Tonnes,776.01,Rs./Quintal,6,153,17.25,396.4,315.74571428571426
Punjab,Vegetables,Tomato,2025-06-03,435.39,Metric Tonnes,697.69,Rs./Quintal,6,154,371.86,283.13,312.24000000000007
Punjab,Vegetables,Tomato,2025-06-04,511.37,Metric Tonnes,790.99,Rs./Quintal,6,155,435.39,413.5,333.99142857142857
Punjab,Vegetables,Tomato,2025-06-05,420.25,Metric Tonnes,812.83,Rs./Quintal,6,156,511.37,429.83,347.97285714285715
Punjab,Vegetables,Tomato,2025-06-06,335.52,Metric Tonnes,910.5,Rs./Quintal,6,157,420.25,338.16,346.6042857142857
Punjab,Vegetables,Tomato,2025-06-07,289.61,Metric Tonnes,1062.12,Rs./Quintal,6,158,335.52,331.95,346.2271428571429
Punjab,Vegetables,Tomato,2025-06-08,17.01,Metric Tonnes,1167.37,Rs./Quintal,6,159,289.61,17.25,340.17857142857144
Punjab,Vegetables,Tomato,2025-06-09,292.05,Metric Tonnes,1244.64,Rs./Quintal,6,160,17.01,371.86,340.1442857142857
Punjab,Vegetables,Tomato,2025-06-10,274.62,Metric Tonnes,1133.52,Rs./Quintal,6,161,292.05,435.39,328.74285714285713
Punjab,Vegetables,Tomato,2025-06-11,292.43,Metric Tonnes,1180.56,Rs./Quintal,6,162,274.62,511.37,305.77571428571434
Punjab,Vegetables,Tomato,2025-06-12,363.98,Metric Tonnes,1448.83,Rs./Quintal,6,163,292.43,420.25,274.49857142857144
Punjab,Vegetables,Tomato,2025-06-13,257.37,Metric Tonnes,1968.58,Rs./Quintal,6,164,363.98,335.52,266.46
Punjab,Vegetables,Tomato,2025-06-14,162.58,Metric Tonnes,1633.62,Rs./Quintal,6,165,257.37,289.61,255.2957142857143
Punjab,Vegetables,Tomato,2025-06-15,15.16,Metric Tonnes,1784.04,Rs./Quintal,6,166,162.58,17.01,237.14857142857142
Punjab,Vegetables,Tomato,2025-06-16,388.29,Metric Tonnes,1514.98,Rs./Quintal,6,167,15.16,292.05,236.8842857142857
Punjab,Vegetables,Tomato,2025-06-17,295.59,Metric Tonnes,1834.23,Rs./Quintal,6,168,388.29,274.62,250.63285714285715
Punjab,Vegetables,Tomato,2025-06-18,331.16,Metric Tonnes,1723.96,Rs./Quintal,6,169,295.59,292.43,253.62857142857143
Punjab,Vegetables,Tomato,2025-06-19,279.16,Metric Tonnes,1727.64,Rs./Quintal,6,170,331.16,363.98,259.1614285714286
Punjab,Vegetables,Tomato,2025-06-20,311.6,Metric Tonnes,1528.87,Rs./Quintal,6,171,279.16,257.37,247.0442857142857
Punjab,Vegetables,Tomato,2025-06-21,270.3,Metric Tonnes,1315.7,Rs./Quintal,6,172,311.6,162.58,254.7914285714286
Punjab,Vegetables,Tomato,2025-06-22,17.17,Metric Tonnes,1421.67,Rs./Quintal,6,173,270.3,15.16,270.18
Punjab,Vegetables,Tomato,2025-06-23,309.03,Metric Tonnes,1342.16,Rs./Quintal,6,174,17.17,388.29,270.46714285714285
Punjab,Vegetables,Tomato,2025-06-24,211.16,Metric Tonnes,1479.43,Rs./Quintal,6,175,309.03,295.59,259.14428571428573
Punjab,Vegetables,Tomato,2025-06-25,248.61,Metric Tonnes,1541.34,Rs./Quintal,6,176,211.16,331.16,247.08285714285716
Punjab,Vegetables,Tomato,2025-06-26,272.49,Metric Tonnes,1555.45,Rs./Quintal,6,177,248.61,279.16,235.29
Punjab,Vegetables,Tomato,2025-06-27,329.28,Metric Tonnes,1527.47,Rs./Quintal,6,178,272.49,311.6,234.33714285714285
Punjab,Vegetables,Tomato,2025-06-28,156.07,Metric Tonnes,1639.9,Rs./Quintal,6,179,329.28,270.3,236.86285714285714
Punjab,Vegetables,Tomato,2025-06-29,20.56,Metric Tonnes,1282.44,Rs./Quintal,6,180,156.07,17.17,220.5442857142857
Punjab,Vegetables,Tomato,2025-06-30,235.78,Metric Tonnes,1405.98,Rs./Quintal,6,181,20.56,309.03,221.0285714285714
Punjab,Vegetables,Tomato,2025-07-01,170.27,Metric Tonnes,1802.56,Rs./Quintal,7,182,235.78,211.16,210.56428571428572
Punjab,Vegetables,Tomato,2025-07-02,243.11,Metric Tonnes,1883.2,Rs./Quintal,7,183,170.27,248.61,204.72285714285712
Punjab,Vegetables,Tomato,2025-07-03,158.12,Metric Tonnes,1770.28,Rs./Quintal,7,184,243.11,272.49,203.93714285714285
Punjab,Vegetables,Tomato,2025-07-04,273.92,Metric Tonnes,1875.49,Rs./Quintal,7,185,158.12,329.28,187.59857142857143
Punjab,Vegetables,Tomato,2025-07-05,155.93,Metric Tonnes,1943.18,Rs./Quintal,7,186,273.92,156.07,179.69
Punjab,Vegetables,Tomato,2025-07-06,9.4,Metric Tonnes,1870.21,Rs./Quintal,7,187,155.93,20.56,179.67000000000002
Punjab,Vegetables,Tomato,2025-07-07,202.25,Metric Tonnes,2065.58,Rs./Quintal,7,188,9.4,235.78,178.07571428571433
Punjab,Vegetables,Tomato,2025-07-08,241.89,Metric Tonnes,1990.11,Rs./Quintal,7,189,202.25,170.27,173.28571428571428
Punjab,Vegetables,Tomato,2025-07-09,270.43,Metric Tonnes,2088.37,Rs./Quintal,7,190,241.89,243.11,183.5171428571429
Punjab,Vegetables,Tomato,2025-07-10,244.26,Metric Tonnes,2000.87,Rs./Quintal,7,191,270.43,158.12,187.42000000000002
Punjab,Vegetables,Tomato,2025-07-11,175.55,Metric Tonnes,2224.2,Rs./Quintal,7,192,244.26,273.92,199.72571428571428
Punjab,Vegetables,Tomato,2025-07-12,203.28,Metric Tonnes,2123.35,Rs./Quintal,7,193,175.55,155.93,185.67285714285714
Punjab,Vegetables,Tomato,2025-07-13,11.38,Metric Tonnes,2194.64,Rs./Quintal,7,194,203.28,9.4,192.43714285714285
Punjab,Vegetables,Tomato,2025-07-14,275.92,Metric Tonnes,2157.29,Rs./Quintal,7,195,11.38,202.25,192.72
Punjab,Vegetables,Tomato,2025-07-15,217.02,Metric Tonnes,2370.0,Rs./Quintal,7,196,275.92,241.89,203.24428571428572
Punjab,Vegetables,Tomato,2025-07-16,224.82,Metric Tonnes,2138.31,Rs./Quintal,7,197,217.02,270.43,199.69142857142856
Punjab,Vegetables,Tomato,2025-07-17,313.12,Metric Tonnes,2292.37,Rs./Quintal,7,198,224.82,244.26,193.1757142857143
Punjab,Vegetables,Tomato,2025-07-18,276.46,Metric Tonnes,2051.95,Rs./Quintal,7,199,313.12,175.55,203.01285714285717
Punjab,Vegetables,Tomato,2025-07-19,172.65,Metric Tonnes,2183.65,Rs./Quintal,7,200,276.46,203.28,217.42857142857142
Punjab,Vegetables,Tomato,2025-07-20,12.98,Metric Tonnes,2580.43,Rs./Quintal,7,201,172.65,11.38,213.05285714285714
Punjab,Vegetables,Tomato,2025-07-21,226.49,Metric Tonnes,2170.33,Rs./Quintal,7,202,12.98,275.92,213.28142857142856
Punjab,Vegetables,Tomato,2025-07-22,216.0,Metric Tonnes,2211.55,Rs./Quintal,7,203,226.49,217.02,206.22
Punjab,Vegetables,Tomato,2025-07-23,215.25,Metric Tonnes,2496.65,Rs./Quintal,7,204,216.0,224.82,206.0742857142857
Punjab,Vegetables,Tomato,2025-07-24,212.59,Metric Tonnes,2577.75,Rs./Quintal,7,205,215.25,313.12,204.70714285714283
Punjab,Vegetables,Tomato,2025-07-25,239.73,Metric Tonnes,2401.06,Rs./Quintal,7,206,212.59,276.46,190.3457142857143
Punjab,Vegetables,Tomato,2025-07-26,216.48,Metric Tonnes,2497.93,Rs./Quintal,7,207,239.73,172.65,185.09857142857143
Punjab,Vegetables,Tomato,2025-07-27,13.68,Metric Tonnes,1758.04,Rs./Quintal,7,208,216.48,12.98,191.35999999999999
Punjab,Vegetables,Tomato,2025-07-28,271.79,Metric Tonnes,3206.22,Rs./Quintal,7,209,13.68,226.49,191.46
Punjab,Vegetables,Tomato,2025-07-29,261.43,Metric Tonnes,3492.41,Rs./Quintal,7,210,271.79,216.0,197.93142857142857
Punjab,Vegetables,Tomato,2025-07-30,236.76,Metric Tonnes,3655.02,Rs./Quintal,7,211,261.43,215.25,204.42142857142858
Punjab,Vegetables,Tomato,2025-07-31,193.14,Metric Tonnes,4050.73,Rs./Quintal,7,212,236.76,212.59,207.49428571428572
Punjab,Vegetables,Tomato,2025-08-01,162.69,Metric Tonnes,4112.35,Rs./Quintal,8,213,193.14,239.73,204.71571428571426
Punjab,Vegetables,Tomato,2025-08-02,171.62,Metric Tonnes,3227.83,Rs./Quintal,8,214,162.69,216.48,193.70999999999998
Punjab,Vegetables,Tomato,2025-08-03,5.84,Metric Tonnes,3470.89,Rs./Quintal,8,215,171.62,13.68,187.3014285714286
Punjab,Vegetables,Tomato,2025-08-04,159.2,Metric Tonnes,3195.9,Rs./Quintal,8,216,5.84,271.79,186.18142857142857
Punjab,Vegetables,Tomato,2025-08-05,153.43,Metric Tonnes,3586.4,Rs./Quintal,8,217,159.2,261.43,170.09714285714287
Punjab,Vegetables,Tomato,2025-08-06,204.91,Metric Tonnes,3755.99,Rs./Quintal,8,218,153.43,236.76,154.66857142857143
Punjab,Vegetables,Tomato,2025-08-07,130.81,Metric Tonnes,4064.46,Rs./Quintal,8,219,204.91,193.14,150.1185714285714
Punjab,Vegetables,Tomato,2025-08-08,187.0,Metric Tonnes,4407.25,Rs./Quintal,8,220,130.81,162.69,141.21428571428572
Punjab,Vegetables,Tomato,2025-08-09,202.66,Metric Tonnes,3942.71,Rs./Quintal,8,221,187.0,171.62,144.68714285714285
Punjab,Vegetables,Tomato,2025-08-10,10.35,Metric Tonnes,4005.7,Rs./Quintal,8,222,202.66,5.84,149.1214285714286
Punjab,Vegetables,Tomato,2025-08-11,240.93,Metric Tonnes,3595.38,Rs./Quintal,8,223,10.35,159.2,149.76571428571427
Punjab,Vegetables,Tomato,2025-08-12,271.83,Metric Tonnes,3539.29,Rs./Quintal,8,224,240.93,153.43,161.44142857142856
Punjab,Vegetables,Tomato,2025-08-13,196.29,Metric Tonnes,3660.49,Rs./Quintal,8,225,271.83,204.91,178.3557142857143
Punjab,Vegetables,Tomato,2025-08-14,176.5,Metric Tonnes,3805.45,Rs./Quintal,8,226,196.29,130.81,177.1242857142857
Punjab,Vegetables,Tomato,2025-08-15,143.89,Metric Tonnes,3887.61,Rs./Quintal,8,227,176.5,187.0,183.65142857142857
Punjab,Vegetables,Tomato,2025-08-16,151.89,Metric Tonnes,3564.24,Rs./Quintal,8,228,143.89,202.66,177.49285714285716
Punjab,Vegetables,Tomato,2025-08-17,28.57,Metric Tonnes,3025.24,Rs./Quintal,8,229,151.89,10.35,170.23999999999998
Punjab,Vegetables,Tomato,2025-08-18,316.96,Metric Tonnes,4147.85,Rs./Quintal,8,230,28.57,240.93,172.84285714285713
Punjab,Vegetables,Tomato,2025-08-19,218.66,Metric Tonnes,4162.67,Rs./Quintal,8,231,316.96,271.83,183.7042857142857
Punjab,Vegetables,Tomato,2025-08-20,260.74,Metric Tonnes,4069.51,Rs./Quintal,8,232,218.66,196.29,176.10857142857142
Punjab,Vegetables,Tomato,2025-08-21,191.54,Metric Tonnes,3739.73,Rs./Quintal,8,233,260.74,176.5,185.31571428571428
Punjab,Vegetables,Tomato,2025-08-22,176.27,Metric Tonnes,3405.46,Rs./Quintal,8,234,191.54,143.89,187.46428571428572
Punjab,Vegetables,Tomato,2025-08-23,171.5,Metric Tonnes,3258.38,Rs./Quintal,8,235,176.27,151.89,192.08999999999997
Punjab,Vegetables,Tomato,2025-08-24,8.48,Metric Tonnes,3865.68,Rs./Quintal,8,236,171.5,28.57,194.89142857142858
Punjab,Vegetables,Tomato,2025-08-25,187.31,Metric Tonnes,3247.89,Rs./Quintal,8,237,8.48,316.96,192.02142857142857
Punjab,Vegetables,Tomato,2025-08-26,167.57,Metric Tonnes,3381.72,Rs./Quintal,8,238,187.31,218.66,173.5
Punjab,Vegetables,Tomato,2025-08-27,258.22,Metric Tonnes,3245.98,Rs./Quintal,8,239,167.57,260.74,166.20142857142858
Punjab,Vegetables,Tomato,2025-08-28,369.37,Metric Tonnes,2589.29,Rs./Quintal,8,240,258.22,191.54,165.84142857142857
Punjab,Vegetables,Tomato,2025-08-29,360.89,Metric Tonnes,2589.82,Rs./Quintal,8,241,369.37,176.27,191.24571428571429
Punjab,Vegetables,Tomato,2025-08-30,265.06,Metric Tonnes,2730.18,Rs./Quintal,8,242,360.89,171.5,217.62000000000003
Punjab,Vegetables,Tomato,2025-08-31,6.44,Metric Tonnes,3232.45,Rs./Quintal,8,243,265.06,8.48,230.9857142857143
Punjab,Vegetables,Tomato,2025-09-01,198.67,Metric Tonnes,3069.36,Rs./Quintal,9,244,6.44,187.31,230.69428571428574
Punjab,Vegetables,Tomato,2025-09-02,310.11,Metric Tonnes,2963.48,Rs./Quintal,9,245,198.67,167.57,232.31714285714287
Punjab,Vegetables,Tomato,2025-09-03,247.45,Metric Tonnes,2847.69,Rs./Quintal,9,246,310.11,258.22,252.67999999999998
Punjab,Vegetables,Tomato,2025-09-04,330.2,Metric Tonnes,2761.11,Rs./Quintal,9,247,247.45,369.37,251.14142857142858
Punjab,Vegetables,Tomato,2025-09-05,336.59,Metric Tonnes,2677.73,Rs./Quintal,9,248,330.2,360.89,245.54571428571427
Punjab,Vegetables,Tomato,2025-09-06,245.07,Metric Tonnes,2560.96,Rs./Quintal,9,249,336.59,265.06,242.07428571428568
Punjab,Vegetables,Tomato,2025-09-07,11.3,Metric Tonnes,3120.35,Rs./Quintal,9,250,245.07,6.44,239.21857142857138
Punjab,Vegetables,Tomato,2025-09-08,361.14,Metric Tonnes,2409.41,Rs./Quintal,9,251,11.3,198.67,239.91285714285712
Punjab,Vegetables,Tomato,2025-09-09,387.47,Metric Tonnes,2159.72,Rs./Quintal,9,252,361.14,310.11,263.12285714285713
Punjab,Vegetables,Tomato,2025-09-10,305.37,Metric Tonnes,2045.6,Rs./Quintal,9,253,387.47,247.45,274.1742857142857
Punjab,Vegetables,Tomato,2025-09-11,334.33,Metric Tonnes,1922.51,Rs./Quintal,9,254,305.37,330.2,282.4485714285714
Punjab,Vegetables,Tomato,2025-09-12,368.32,Metric Tonnes,1785.15,Rs./Quintal,9,255,334.33,336.59,283.0385714285714
Punjab,Vegetables,Tomato,2025-09-13,353.29,Metric Tonnes,1592.05,Rs./Quintal,9,256,368.32,245.07,287.57142857142856
Punjab,Vegetables,Tomato,2025-09-14,35.21,Metric Tonnes,1604.69,Rs./Quintal,9,257,353.29,11.3,303.03142857142853
Punjab,Vegetables,Tomato,2025-09-15,300.8,Metric Tonnes,1691.08,Rs./Quintal,9,258,35.21,361.14,306.44714285714286
Punjab,Vegetables,Tomato,2025-09-16,285.25,Metric Tonnes,1924.23,Rs./Quintal,9,259,300.8,387.47,297.82714285714286
Punjab,Vegetables,Tomato,2025-09-17,363.11,Metric Tonnes,1777.73,Rs./Quintal,9,260,285.25,305.37,283.2242857142857
Punjab,Vegetables,Tomato,2025-09-18,381.31,Metric Tonnes,1804.1,Rs./Quintal,9,261,363.11,334.33,291.47285714285715
Punjab,Vegetables,Tomato,2025-09-19,357.94,Metric Tonnes,1630.37,Rs./Quintal,9,262,381.31,368.32,298.1842857142857
Punjab,Vegetables,Tomato,2025-09-20,159.45,Metric Tonnes,2041.88,Rs./Quintal,9,263,357.94,353.29,296.70142857142855
Punjab,Vegetables,Tomato,2025-09-21,59.7,Metric Tonnes,2601.84,Rs./Quintal,9,264,159.45,35.21,269.01000000000005
Punjab,Vegetables,Tomato,2025-09-22,409.96,Metric Tonnes,1729.59,Rs./Quintal,9,265,59.7,300.8,272.50857142857143
Punjab,Vegetables,Tomato,2025-09-23,396.46,Metric Tonnes,1907.37,Rs./Quintal,9,266,409.96,285.25,288.10285714285715
Punjab,Vegetables,Tomato,2025-09-24,408.47,Metric Tonnes,1964.74,Rs./Quintal,9,267,396.46,363.11,303.98999999999995
Punjab,Vegetables,Tomato,2025-09-25,401.74,Metric Tonnes,1956.66,Rs./Quintal,9,268,408.47,381.31,310.46999999999997
Punjab,Vegetables,Tomato,2025-09-26,297.03,Metric Tonnes,1928.56,Rs./Quintal,9,269,401.74,357.94,313.3885714285715
Punjab,Vegetables,Tomato,2025-09-27,225.07,Metric Tonnes,1983.87,Rs./Quintal,9,270,297.03,159.45,304.6871428571429
Punjab,Vegetables,Tomato,2025-09-28,48.9,Metric Tonnes,2495.3,Rs./Quintal,9,271,225.07,59.7,314.06142857142856
Punjab,Vegetables,Tomato,2025-09-29,360.93,Metric Tonnes,1908.67,Rs./Quintal,9,272,48.9,409.96,312.5185714285714
Punjab,Vegetables,Tomato,2025-09-30,360.2,Metric Tonnes,1948.19,Rs./Quintal,9,273,360.93,396.46,305.5142857142857
Punjab,Vegetables,Tomato,2025-10-01,339.51,Metric Tonnes,1888.47,Rs./Quintal,10,274,360.2,408.47,300.3342857142857
Punjab,Vegetables,Tomato,2025-10-02,365.46,Metric Tonnes,1852.25,Rs./Quintal,10,275,339.51,401.74,290.48285714285714
Punjab,Vegetables,Tomato,2025-10-03,722.48,Metric Tonnes,2003.1,Rs./Quintal,10,276,365.46,297.03,285.3
Punjab,Vegetables,Tomato,2025-10-04,717.26,Metric Tonnes,2042.98,Rs./Quintal,10,277,722.48,225.07,346.0785714285715
Punjab,Vegetables,Tomato,2025-10-05,13.1,Metric Tonnes,2556.49,Rs./Quintal,10,278,717.26,48.9,416.39142857142855
Punjab,Vegetables,Tomato,2025-10-06,382.45,Metric Tonnes,2668.65,Rs./Quintal,10,279,13.1,360.93,411.27714285714285
Punjab,Vegetables,Tomato,2025-10-07,227.11,Metric Tonnes,1947.91,Rs./Quintal,10,280,382.45,360.2,414.3514285714286
Punjab,Vegetables,Tomato,2025-10-08,426.11,Metric Tonnes,2618.89,Rs./Quintal,10,281,227.11,339.51,395.3385714285714
Punjab,Vegetables,Tomato,2025-10-09,311.72,Metric Tonnes,1942.09,Rs./Quintal,10,282,426.11,365.46,407.71
Punjab,Vegetables,Tomato,2025-10-10,304.11,Metric Tonnes,1925.98,Rs./Quintal,10,283,311.72,722.48,400.0328571428572
Punjab,Vegetables,Tomato,2025-10-11,867.12,Metric Tonnes,1588.36,Rs./Quintal,10,284,304.11,717.26,340.26571428571424
Punjab,Vegetables,Tomato,2025-10-12,15.29,Metric Tonnes,2563.9,Rs./Quintal,10,285,867.12,13.1,361.67428571428576
Punjab,Vegetables,Tomato,2025-10-13,440.48,Metric Tonnes,1679.89,Rs./Quintal,10,286,15.29,382.45,361.9871428571429
Punjab,Vegetables,Tomato,2025-10-14,368.75,Metric Tonnes,1867.17,Rs./Quintal,10,287,440.48,227.11,370.27714285714285
Punjab,Vegetables,Tomato,2025-10-15,317.41,Metric Tonnes,1855.61,Rs./Quintal,10,288,368.75,426.11,390.5114285714286
Punjab,Vegetables,Tomato,2025-10-16,386.57,Metric Tonnes,2231.94,Rs./Quintal,10,289,317.41,311.72,374.98285714285714
Punjab,Vegetables,Tomato,2025-10-17,374.6,Metric Tonnes,2228.31,Rs./Quintal,10,290,386.57,304.11,385.67571428571426
Punjab,Vegetables,Tomato,2025-10-18,202.76,Metric Tonnes,2787.47,Rs./Quintal,10,291,374.6,867.12,395.7457142857143
Punjab,Vegetables,Tomato,2025-10-19,17.7,Metric Tonnes,2456.67,Rs./Quintal,10,292,202.76,15.29,300.83714285714285
Punjab,Vegetables,Tomato,2025-10-20,313.76,Metric Tonnes,1735.64,Rs./Quintal,10,293,17.7,440.48,301.18142857142857
Punjab,Vegetables,Tomato,2025-10-21,231.67,Metric Tonnes,2007.67,Rs./Quintal,10,294,313.76,368.75,283.0785714285715
Punjab,Vegetables,Tomato,2025-10-22,310.8,Metric Tonnes,2697.98,Rs./Quintal,10,295,231.67,317.41,263.4957142857143
Punjab,Vegetables,Tomato,2025-10-23,363.5,Metric Tonnes,2355.89,Rs./Quintal,10,296,310.8,386.57,262.5514285714286
Punjab,Vegetables,Tomato,2025-10-24,353.6,Metric Tonnes,2310.29,Rs./Quintal,10,297,363.5,374.6,259.2557142857143
Punjab,Vegetables,Tomato,2025-10-25,284.34,Metric Tonnes,1928.07,Rs./Quintal,10,298,353.6,202.76,256.2557142857143
Punjab,Vegetables,Tomato,2025-10-26,11.01,Metric Tonnes,2271.21,Rs./Quintal,10,299,284.34,17.7,267.90999999999997
Punjab,Vegetables,Tomato,2025-10-27,371.41,Metric Tonnes,2101.94,Rs./Quintal,10,300,11.01,313.76,266.9542857142857
Punjab,Vegetables,Tomato,2025-10-28,320.68,Metric Tonnes,1829.47,Rs./Quintal,10,301,371.41,231.67,275.19
Punjab,Vegetables,Tomato,2025-10-29,254.79,Metric Tonnes,1809.41,Rs./Quintal,10,302,320.68,310.8,287.9057142857143
Punjab,Vegetables,Tomato,2025-10-30,276.51,Metric Tonnes,1805.3,Rs./Quintal,10,303,254.79,363.5,279.9042857142857
Punjab,Vegetables,Tomato,2025-10-31,338.7,Metric Tonnes,1984.65,Rs./Quintal,10,304,276.51,353.6,267.47714285714284
Punjab,Vegetables,Tomato,2025-11-01,280.51,Metric Tonnes,1843.76,Rs./Quintal,11,305,338.7,284.34,265.34857142857146
Punjab,Vegetables,Tomato,2025-11-02,7.8,Metric Tonnes,2351.28,Rs./Quintal,11,306,280.51,11.01,264.8014285714286
Punjab,Vegetables,Tomato,2025-11-03,266.05,Metric Tonnes,1856.29,Rs./Quintal,11,307,7.8,371.41,264.34285714285716
Punjab,Vegetables,Tomato,2025-11-04,90.79,Metric Tonnes,2042.38,Rs./Quintal,11,308,266.05,320.68,249.29142857142855
Punjab,Vegetables,Tomato,2025-11-05,82.31,Metric Tonnes,2119.68,Rs./Quintal,11,309,90.79,254.79,216.45
Punjab,Vegetables,Tomato,2025-11-06,144.39,Metric Tonnes,1740.41,Rs./Quintal,11,310,82.31,276.51,191.81
Punjab,Vegetables,Tomato,2025-11-07,54.41,Metric Tonnes,1953.59,Rs./Quintal,11,311,144.39,338.7,172.93571428571428
Punjab,Vegetables,Tomato,2025-11-08,40.86,Metric Tonnes,1886.81,Rs./Quintal,11,312,54.41,280.51,132.32285714285715
Punjab,Vegetables,Tomato,2025-11-09,13.56,Metric Tonnes,2245.94,Rs./Quintal,11,313,40.86,7.8,98.08714285714287
Punjab,Vegetables,Tomato,2025-11-10,200.6,Metric Tonnes,1950.31,Rs./Quintal,11,314,13.56,266.05,98.91
Punjab,Vegetables,Tomato,2025-11-11,166.21,Metric Tonnes,1780.18,Rs./Quintal,11,315,200.6,90.79,89.55999999999999
Punjab,Vegetables,Tomato,2025-11-12,150.11,Metric Tonnes,2085.1,Rs./Quintal,11,316,166.21,82.31,100.33428571428571
Punjab,Vegetables,Tomato,2025-11-13,138.26,Metric Tonnes,2341.68,Rs./Quintal,11,317,150.11,144.39,110.02
Punjab,Vegetables,Tomato,2025-11-14,225.47,Metric Tonnes,1741.15,Rs./Quintal,11,318,138.26,54.41,109.14428571428572
Punjab,Vegetables,Tomato,2025-11-15,66.57,Metric Tonnes,2597.92,Rs./Quintal,11,319,225.47,40.86,133.58142857142857
Punjab,Vegetables,Tomato,2025-11-16,10.48,Metric Tonnes,3064.12,Rs./Quintal,11,320,66.57,13.56,137.25428571428571
Punjab,Vegetables,Tomato,2025-11-17,254.68,Metric Tonnes,2187.92,Rs./Quintal,11,321,10.48,200.6,136.81428571428572
Punjab,Vegetables,Tomato,2025-11-18,146.55,Metric Tonnes,2851.85,Rs./Quintal,11,322,254.68,166.21,144.54
Punjab,Vegetables,Tomato,2025-11-19,159.3,Metric Tonnes,2707.68,Rs./Quintal,11,323,146.55,150.11,141.73142857142858
Punjab,Vegetables,Tomato,2025-11-20,161.73,Metric Tonnes,3110.72,Rs./Quintal,11,324,159.3,138.26,143.0442857142857
Punjab,Vegetables,Tomato,2025-11-21,258.75,Metric Tonnes,2859.58,Rs./Quintal,11,325,161.73,225.47,146.39714285714285
Punjab,Vegetables,Tomato,2025-11-22,81.65,Metric Tonnes,3349.08,Rs./Quintal,11,326,258.75,66.57,151.15142857142857
Punjab,Vegetables,Tomato,2025-11-23,15.6,Metric Tonnes,2438.14,Rs./Quintal,11,327,81.65,10.48,153.3057142857143
Punjab,Vegetables,Tomato,2025-11-24,224.31,Metric Tonnes,3293.17,Rs./Quintal,11,328,15.6,254.68,154.03714285714287
Punjab,Vegetables,Tomato,2025-11-25,154.31,Metric Tonnes,3082.61,Rs./Quintal,11,329,224.31,146.55,149.6985714285714
Punjab,Vegetables,Tomato,2025-11-26,289.55,Metric Tonnes,2799.87,Rs./Quintal,11,330,154.31,159.3,150.80714285714288
Punjab,Vegetables,Tomato,2025-11-27,300.9,Metric Tonnes,2981.54,Rs./Quintal,11,331,289.55,161.73,169.41428571428574
Punjab,Vegetables,Tomato,2025-11-28,264.58,Metric Tonnes,2725.19,Rs./Quintal,11,332,300.9,258.75,189.29571428571427
Punjab,Vegetables,Tomato,2025-11-29,70.61,Metric Tonnes,2798.38,Rs./Quintal,11,333,264.58,81.65,190.12857142857143
Punjab,Vegetables,Tomato,2025-11-30,12.19,Metric Tonnes,3515.59,Rs./Quintal,11,334,70.61,15.6,188.55142857142854
Punjab,Vegetables,Tomato,2025-12-01,262.9,Metric Tonnes,2889.39,Rs./Quintal,12,335,12.19,224.31,188.06428571428572
Punjab,Vegetables,Tomato,2025-12-02,373.07,Metric Tonnes,2561.29,Rs./Quintal,12,336,262.9,154.31,193.57714285714286
Punjab,Vegetables,Tomato,2025-12-03,252.64,Metric Tonnes,2541.42,Rs./Quintal,12,337,373.07,289.55,224.82857142857145
Punjab,Vegetables,Tomato,2025-12-04,349.95,Metric Tonnes,2610.21,Rs./Quintal,12,338,252.64,300.9,219.55571428571426
Punjab,Vegetables,Tomato,2025-12-05,2420.35,Metric Tonnes,2254.92,Rs./Quintal,12,339,349.95,264.58,226.56285714285715
Punjab,Vegetables,Tomato,2025-12-06,83.27,Metric Tonnes,2759.46,Rs./Quintal,12,340,2420.35,70.61,534.53
Punjab,Vegetables,Tomato,2025-12-07,85.39,Metric Tonnes,2231.97,Rs./Quintal,12,341,83.27,12.19,536.3385714285714
Punjab,Vegetables,Tomato,2025-12-08,343.06,Metric Tonnes,2237.79,Rs./Quintal,12,342,85.39,262.9,546.7957142857142
Punjab,Vegetables,Tomato,2025-12-09,318.04,Metric Tonnes,2638.91,Rs./Quintal,12,343,343.06,373.07,558.2471428571428
Punjab,Vegetables,Tomato,2025-12-10,291.32,Metric Tonnes,2635.15,Rs./Quintal,12,344,318.04,252.64,550.3857142857144
Punjab,Vegetables,Tomato,2025-12-11,159.09,Metric Tonnes,3028.57,Rs./Quintal,12,345,291.32,349.95,555.9114285714286
Punjab,Vegetables,Tomato,2025-12-12,244.28,Metric Tonnes,2720.46,Rs./Quintal,12,346,159.09,2420.35,528.6457142857142
Punjab,Vegetables,Tomato,2025-12-13,87.03,Metric Tonnes,2681.46,Rs./Quintal,12,347,244.28,83.27,217.77857142857144
Punjab,Vegetables,Tomato,2025-12-14,82.34,Metric Tonnes,1829.91,Rs./Quintal,12,348,87.03,85.39,218.31571428571428
Punjab,Vegetables,Tomato,2025-12-15,261.28,Metric Tonnes,2509.93,Rs./Quintal,12,349,82.34,343.06,217.87999999999997
Punjab,Vegetables,Tomato,2025-12-16,307.93,Metric Tonnes,3155.08,Rs./Quintal,12,350,261.28,318.04,206.19714285714286
Punjab,Vegetables,Tomato,2025-12-17,268.03,Metric Tonnes,3126.71,Rs./Quintal,12,351,307.93,291.32,204.75285714285715
Punjab,Vegetables,Tomato,2025-12-18,271.3,Metric Tonnes,3227.06,Rs./Quintal,12,352,268.03,159.09,201.42571428571426
Punjab,Vegetables,Tomato,2025-12-19,196.69,Metric Tonnes,3324.71,Rs./Quintal,12,353,271.3,244.28,217.4557142857143
Punjab,Vegetables,Tomato,2025-12-20,163.0,Metric Tonnes,2950.7,Rs./Quintal,12,354,196.69,87.03,210.65714285714284
Punjab,Vegetables,Tomato,2025-12-21,10.6,Metric Tonnes,2833.49,Rs./Quintal,12,355,163.0,82.34,221.51
Punjab,Vegetables,Tomato,2025-12-22,324.08,Metric Tonnes,3284.41,Rs./Quintal,12,356,10.6,261.28,211.26142857142858
Punjab,Vegetables,Tomato,2025-12-23,279.73,Metric Tonnes,3329.4,Rs./Quintal,12,357,324.08,307.93,220.23285714285717
Punjab,Vegetables,Tomato,2025-12-24,304.86,Metric Tonnes,2872.32,Rs./Quintal,12,358,279.73,268.03,216.20428571428573
Punjab,Vegetables,Tomato,2025-12-25,2225.17,Metric Tonnes,2568.14,Rs./Quintal,12,359,304.86,271.3,221.4657142857143
Punjab,Vegetables,Tomato,2025-12-26,242.47,Metric Tonnes,3168.23,Rs./Quintal,12,360,2225.17,196.69,500.59000000000003
Punjab,Vegetables,Tomato,2025-12-27,185.66,Metric Tonnes,3048.55,Rs./Quintal,12,361,242.47,163.0,507.13
Punjab,Vegetables,Tomato,2025-12-28,11.2,Metric Tonnes,2746.43,Rs./Quintal,12,362,185.66,10.6,510.3671428571429
Punjab,Vegetables,Tomato,2025-12-29,295.89,Metric Tonnes,3181.05,Rs./Quintal,12,363,11.2,324.08,510.45285714285717
Punjab,Vegetables,Tomato,2025-12-30,265.35,Metric Tonnes,3017.73,Rs./Quintal,12,364,295.89,279.73,506.42571428571426
Punjab,Vegetables,Tomato,2025-12-31,260.28,Metric Tonnes,3184.46,Rs./Quintal,12,365,265.35,304.86,504.3714285714286
Punjab,Vegetables,Tomato,2026-01-01,224.52,Metric Tonnes,3165.43,Rs./Quintal,1,1,260.28,2225.17,498.0028571428571
Punjab,Vegetables,Tomato,2026-01-02,270.15,Metric Tonnes,3147.56,Rs./Quintal,1,2,224.52,242.47,212.19571428571427
Punjab,Vegetables,Tomato,2026-01-03,159.09,Metric Tonnes,3185.59,Rs./Quintal,1,3,270.15,185.66,216.15
Punjab,Vegetables,Tomato,2026-01-04,12.21,Metric Tonnes,3119.59,Rs./Quintal,1,4,159.09,11.2,212.35428571428568
Punjab,Vegetables,Tomato,2026-01-05,326.72,Metric Tonnes,3059.73,Rs./Quintal,1,5,12.21,295.89,212.49857142857144
Punjab,Vegetables,Tomato,2026-01-06,287.62,Metric Tonnes,3147.73,Rs./Quintal,1,6,326.72,265.35,216.90285714285713
Punjab,Vegetables,Tomato,2026-01-07,204.81,Metric Tonnes,3167.37,Rs./Quintal,1,7,287.62,260.28,220.08428571428573
Punjab,Vegetables,Tomato,2026-01-08,250.61,Metric Tonnes,3159.27,Rs./Quintal,1,8,204.81,224.52,212.16000000000003
Punjab,Vegetables,Tomato,2026-01-09,253.39,Metric Tonnes,3132.59,Rs./Quintal,1,9,250.61,270.15,215.88714285714286
Punjab,Vegetables,Tomato,2026-01-10,220.54,Metric Tonnes,3059.5,Rs./Quintal,1,10,253.39,159.09,213.49285714285716
Punjab,Vegetables,Tomato,2026-01-11,8.88,Metric Tonnes,3147.95,Rs./Quintal,1,11,220.54,12.21,222.27142857142857
Punjab,Vegetables,Tomato,2026-01-12,379.14,Metric Tonnes,2836.87,Rs./Quintal,1,12,8.88,326.72,221.7957142857143
Punjab,Vegetables,Tomato,2026-01-13,366.77,Metric Tonnes,2674.14,Rs./Quintal,1,13,379.14,287.62,229.28428571428572
Punjab,Vegetables,Tomato,2026-01-14,330.01,Metric Tonnes,2873.87,Rs./Quintal,1,14,366.77,204.81,240.59142857142857
Punjab,Vegetables,Tomato,2026-01-15,363.09,Metric Tonnes,2611.67,Rs./Quintal,1,15,330.01,250.61,258.47714285714284
Punjab,Vegetables,Tomato,2026-01-16,289.24,Metric Tonnes,2640.74,Rs./Quintal,1,16,363.09,253.39,274.5457142857143
Punjab,Vegetables,Tomato,2026-01-17,210.2,Metric Tonnes,2462.43,Rs./Quintal,1,17,289.24,220.54,279.6671428571429
Punjab,Vegetables,Tomato,2026-01-18,17.3,Metric Tonnes,3018.32,Rs./Quintal,1,18,210.2,8.88,278.19
Punjab,Vegetables,Tomato,2026-01-19,354.38,Metric Tonnes,2532.04,Rs./Quintal,1,19,17.3,379.14,279.3928571428571
Punjab,Vegetables,Tomato,2026-01-20,347.33,Metric Tonnes,2633.56,Rs./Quintal,1,20,354.38,366.77,275.85571428571427
Punjab,Vegetables,Tomato,2026-01-21,286.43,Metric Tonnes,2589.24,Rs./Quintal,1,21,347.33,330.01,273.0785714285714
Punjab,Vegetables,Tomato,2026-01-22,293.58,Metric Tonnes,2645.42,Rs./Quintal,1,22,286.43,363.09,266.85285714285715
Punjab,Vegetables,Tomato,2026-01-23,245.08,Metric Tonnes,2588.74,Rs./Quintal,1,23,293.58,289.24,256.92285714285714
Punjab,Vegetables,Tomato,2026-01-24,180.3,Metric Tonnes,2589.98,Rs./Quintal,1,24,245.08,210.2,250.6142857142857
Punjab,Vegetables,Tomato,2026-01-25,8.54,Metric Tonnes,2402.11,Rs./Quintal,1,25,180.3,17.3,246.34285714285716
Punjab,Vegetables,Tomato,2026-01-26,300.29,Metric Tonnes,2266.42,Rs./Quintal,1,26,8.54,354.38,245.0914285714286
Punjab,Vegetables,Tomato,2026-01-27,273.41,Metric Tonnes,2479.67,Rs./Quintal,1,27,300.29,347.33,237.3642857142857
Punjab,Vegetables,Tomato,2026-01-28,265.54,Metric Tonnes,2136.09,Rs./Quintal,1,28,273.41,286.43,226.80428571428573
Punjab,Vegetables,Tomato,2026-01-29,263.1,Metric Tonnes,2136.93,Rs./Quintal,1,29,265.54,293.58,223.82
Punjab,Vegetables,Tomato,2026-01-30,331.16,Metric Tonnes,2386.41,Rs./Quintal,1,30,263.1,245.08,219.4657142857143
Punjab,Vegetables,Tomato,2026-01-31,228.42,Metric Tonnes,2319.89,Rs./Quintal,1,31,331.16,180.3,231.76285714285717
Punjab,Vegetables,Tomato,2026-02-01,10.2,Metric Tonnes,2538.76,Rs./Quintal,2,32,228.42,8.54,238.63714285714286
Punjab,Vegetables,Tomato,2026-02-02,365.06,Metric Tonnes,1729.95,Rs./Quintal,2,33,10.2,300.29,238.87428571428572
Punjab,Vegetables,Tomato,2026-02-03,375.82,Metric Tonnes,2015.84,Rs./Quintal,2,34,365.06,273.41,248.12714285714287
Punjab,Vegetables,Tomato,2026-02-04,430.07,Metric Tonnes,1856.46,Rs./Quintal,2,35,375.82,265.54,262.75714285714287
Punjab,Vegetables,Tomato,2026-02-05,279.52,Metric Tonnes,1718.7,Rs./Quintal,2,36,430.07,263.1,286.2614285714286
Punjab,Vegetables,Tomato,2026-02-06,288.21,Metric Tonnes,1646.35,Rs./Quintal,2,37,279.52,331.16,288.60714285714283
Punjab,Vegetables,Tomato,2026-02-07,224.36,Metric Tonnes,1775.49,Rs./Quintal,2,38,288.21,228.42,282.4714285714286
Punjab,Vegetables,Tomato,2026-02-08,33.14,Metric Tonnes,1843.37,Rs./Quintal,2,39,224.36,10.2,281.89142857142855
Punjab,Vegetables,Tomato,2026-02-09,336.06,Metric Tonnes,1659.9,Rs./Quintal,2,40,33.14,365.06,285.16857142857145
Punjab,Vegetables,Tomato,2026-02-10,444.53,Metric Tonnes,1562.29,Rs./Quintal,2,41,336.06,375.82,281.0257142857143
Punjab,Vegetables,Tomato,2026-02-11,453.23,Metric Tonnes,1606.32,Rs./Quintal,2,42,444.53,430.07,290.8414285714286
Punjab,Vegetables,Tomato,2026-02-12,284.79,Metric Tonnes,1516.61,Rs./Quintal,2,43,453.23,279.52,294.15
Punjab,Vegetables,Tomato,2026-02-13,374.31,Metric Tonnes,1711.5,Rs./Quintal,2,44,284.79,288.21,294.9028571428571
Punjab,Vegetables,Tomato,2026-02-14,220.84,Metric Tonnes,1515.79,Rs./Quintal,2,45,374.31,224.36,307.20285714285717
Punjab,Vegetables,Tomato,2026-02-15,16.17,Metric Tonnes,1985.34,Rs./Quintal,2,46,220.84,33.14,306.7
Punjab,Vegetables,Tomato,2026-02-16,435.5,Metric Tonnes,1754.35,Rs./Quintal,2,47,16.17,336.06,304.27571428571434
Punjab,Vegetables,Tomato,2026-02-17,409.32,Metric Tonnes,1719.62,Rs./Quintal,2,48,435.5,444.53,318.4814285714286
Punjab,Vegetables,Tomato,2026-02-18,437.46,Metric Tonnes,1506.64,Rs./Quintal,2,49,409.32,453.23,313.45142857142855
Punjab,Vegetables,Tomato,2026-02-19,361.18,Metric Tonnes,1526.67,Rs./Quintal,2,50,437.46,284.79,311.1985714285714
Punjab,Vegetables,Tomato,2026-02-20,370.68,Metric Tonnes,1587.54,Rs./Quintal,2,51,361.18,374.31,322.1114285714285
Punjab,Vegetables,Tomato,2026-02-21,266.92,Metric Tonnes,1626.75,Rs./Quintal,2,52,370.68,220.84,321.59285714285716
Punjab,Vegetables,Tomato,2026-02-22,12.87,Metric Tonnes,1994.87,Rs./Quintal,2,53,266.92,16.17,328.17571428571426
Punjab,Vegetables,Tomato,2026-02-23,944.3,Metric Tonnes,2295.09,Rs./Quintal,2,54,12.87,435.5,327.7042857142857
Punjab,Vegetables,Tomato,2026-02-24,467.15,Metric Tonnes,1421.29,Rs./Quintal,2,55,944.3,409.32,400.39
Punjab,Vegetables,Tomato,2026-02-25,391.12,Metric Tonnes,1623.57,Rs./Quintal,2,56,467.15,437.46,408.65142857142854
Punjab,Vegetables,Tomato,2026-02-26,389.61,Metric Tonnes,1582.57,Rs./Quintal,2,57,391.12,361.18,402.03142857142853
Punjab,Vegetables,Tomato,2026-02-27,329.41,Metric Tonnes,1597.82,Rs./Quintal,2,58,389.61,370.68,406.09285714285716
Punjab,Vegetables,Tomato,2026-02-28,257.92,Metric Tonnes,1605.32,Rs./Quintal,2,59,329.41,266.92,400.19714285714286
Punjab,Vegetables,Tomato,2026-03-01,18.78,Metric Tonnes,2252.88,Rs./Quintal,3,60,257.92,12.87,398.9114285714286
Punjab,Vegetables,Tomato,2026-03-02,386.37,Metric Tonnes,1594.18,Rs./Quintal,3,61,18.78,944.3,399.75571428571436
Punjab,Vegetables,Tomato,2026-03-03,304.46,Metric Tonnes,1439.25,Rs./Quintal,3,62,386.37,467.15,320.0514285714286
Punjab,Vegetables,Tomato,2026-03-04,411.76,Metric Tonnes,1566.27,Rs./Quintal,3,63,304.46,391.12,296.81
Punjab,Vegetables,Tomato,2026-03-05,776.96,Metric Tonnes,1120.28,Rs./Quintal,3,64,411.76,389.61,299.75857142857143
Punjab,Vegetables,Tomato,2026-03-06,395.79,Metric Tonnes,1626.0,Rs./Quintal,3,65,776.96,329.41,355.0942857142857
Punjab,Vegetables,Tomato,2026-03-07,259.49,Metric Tonnes,1713.6,Rs./Quintal,3,66,395.79,257.92,364.57714285714286
Punjab,Vegetables,Tomato,2026-03-08,13.72,Metric Tonnes,2148.72,Rs./Quintal,3,67,259.49,18.78,364.8014285714286
Punjab,Vegetables,Tomato,2026-03-09,408.85,Metric Tonnes,1659.67,Rs./Quintal,3,68,13.72,386.37,364.07857142857137
Punjab,Vegetables,Tomato,2026-03-10,402.16,Metric Tonnes,1679.38,Rs./Quintal,3,69,408.85,304.46,367.28999999999996
Punjab,Vegetables,Tomato,2026-03-11,335.69,Metric Tonnes,1719.19,Rs./Quintal,3,70,402.16,411.76,381.2471428571429
Punjab,Vegetables,Tomato,2026-03-12,991.19,Metric Tonnes,1140.93,Rs./Quintal,3,71,335.69,776.96,370.38000000000005
Punjab,Vegetables,Tomato,2026-03-13,418.12,Metric Tonnes,1472.23,Rs./Quintal,3,72,991.19,395.79,400.98428571428576
Punjab,Vegetables,Tomato,2026-03-14,291.29,Metric Tonnes,1690.15,Rs./Quintal,3,73,418.12,259.49,404.17428571428576
Punjab,Vegetables,Tomato,2026-03-15,12.92,Metric Tonnes,1811.53,Rs./Quintal,3,74,291.29,13.72,408.71714285714285
Punjab,Vegetables,Tomato,2026-03-16,464.77,Metric Tonnes,1481.33,Rs./Quintal,3,75,12.92,408.85,408.6028571428572
Punjab,Vegetables,Tomato,2026-03-17,416.77,Metric Tonnes,1637.94,Rs./Quintal,3,76,464.77,402.16,416.5914285714286
Punjab,Vegetables,Tomato,2026-03-18,403.15,Metric Tonnes,1544.81,Rs./Quintal,3,77,416.77,335.69,418.67857142857144
Punjab,Vegetables,Tomato,2026-03-19,485.27,Metric Tonnes,1501.32,Rs./Quintal,3,78,403.15,991.19,428.3157142857143
Punjab,Vegetables,Tomato,2026-03-20,419.76,Metric Tonnes,1499.39,Rs./Quintal,3,79,485.27,418.12,356.0414285714286
Punjab,Vegetables,Tomato,2026-03-21,151.89,Metric Tonnes,1137.33,Rs./Quintal,3,80,419.76,291.29,356.27571428571434
Punjab,Vegetables,Tomato,2026-03-22,12.26,Metric Tonnes,2053.67,Rs./Quintal,3,81,151.89,12.92,336.3614285714286
Punjab,Vegetables,Tomato,2026-03-23,436.98,Metric Tonnes,1441.47,Rs./Quintal,3,82,12.26,464.77,336.26714285714286
Punjab,Vegetables,Tomato,2026-03-24,430.52,Metric Tonnes,1433.05,Rs./Quintal,3,83,436.98,416.77,332.29714285714283
Punjab,Vegetables,Tomato,2026-03-25,388.2,Metric Tonnes,1399.72,Rs./Quintal,3,84,430.52,403.15,334.26142857142855
Punjab,Vegetables,Tomato,2026-03-26,391.23,Metric Tonnes,1353.06,Rs./Quintal,3,85,388.2,485.27,332.1257142857143
Punjab,Vegetables,Tomato,2026-03-27,389.67,Metric Tonnes,1374.12,Rs./Quintal,3,86,391.23,419.76,318.6914285714286
Punjab,Vegetables,Tomato,2026-03-28,174.83,Metric Tonnes,1501.0,Rs./Quintal,3,87,389.67,151.89,314.39285714285717
Punjab,Vegetables,Tomato,2026-03-29,12.07,Metric Tonnes,1852.94,Rs./Quintal,3,88,174.83,12.26,317.67
Punjab,Vegetables,Tomato,2026-03-30,394.46,Metric Tonnes,1380.13,Rs./Quintal,3,89,12.07,436.98,317.64285714285717
Punjab,Vegetables,Tomato,2026-03-31,290.06,Metric Tonnes,1193.31,Rs./Quintal,3,90,394.46,430.52,311.56857142857143
Punjab,Vegetables,Tomato,2026-04-01,319.29,Metric Tonnes,1505.27,Rs./Quintal,4,91,290.06,388.2,291.5028571428571
Punjab,Vegetables,Tomato,2026-04-02,163.82,Metric Tonnes,1239.1,Rs./Quintal,4,92,319.29,391.23,281.65857142857146
Punjab,Vegetables,Tomato,2026-04-03,206.34,Metric Tonnes,1304.38,Rs./Quintal,4,93,163.82,389.67,249.17142857142858
Punjab,Vegetables,Tomato,2026-04-04,277.17,Metric Tonnes,1537.64,Rs./Quintal,4,94,206.34,174.83,222.98142857142858
Punjab,Vegetables,Tomato,2026-04-05,15.3,Metric Tonnes,1742.16,Rs./Quintal,4,95,277.17,12.07,237.60142857142858
Punjab,Vegetables,Tomato,2026-04-06,276.68,Metric Tonnes,1556.66,Rs./Quintal,4,96,15.3,394.46,238.06285714285715
Punjab,Vegetables,Tomato,2026-04-07,312.6,Metric Tonnes,1486.12,Rs./Quintal,4,97,276.68,290.06,221.23714285714283
Punjab,Vegetables,Tomato,2026-04-08,290.52,Metric Tonnes,1478.05,Rs./Quintal,4,98,312.6,319.29,224.45714285714286
Punjab,Vegetables,Tomato,2026-04-09,386.03,Metric Tonnes,1459.98,Rs./Quintal,4,99,290.52,163.82,220.34714285714287
Punjab,Vegetables,Tomato,2026-04-10,332.11,Metric Tonnes,1453.34,Rs./Quintal,4,100,386.03,206.34,252.0914285714286
Punjab,Vegetables,Tomato,2026-04-11,221.08,Metric Tonnes,1351.98,Rs./Quintal,4,101,332.11,277.17,270.0585714285714
Punjab,Vegetables,Tomato,2026-04-12,12.3,Metric Tonnes,1546.37,Rs./Quintal,4,102,221.08,15.3,262.04571428571427
Punjab,Vegetables,Tomato,2026-04-13,371.92,Metric Tonnes,1419.75,Rs./Quintal,4,103,12.3,276.68,261.6171428571428
Punjab,Vegetables,Tomato,2026-04-14,347.29,Metric Tonnes,1398.87,Rs./Quintal,4,104,371.92,312.6,275.22285714285715
Punjab,Vegetables,Tomato,2026-04-15,338.18,Metric Tonnes,1420.73,Rs./Quintal,4,105,347.29,290.52,280.17857142857144
Punjab,Vegetables,Tomato,2026-04-16,398.54,Metric Tonnes,1468.49,Rs./Quintal,4,106,338.18,386.03,286.9871428571429
Punjab,Vegetables,Tomato,2026-04-17,224.7,Metric Tonnes,1680.46,Rs./Quintal,4,107,398.54,332.11,288.7742857142857
Punjab,Vegetables,Tomato,2026-04-18,203.28,Metric Tonnes,1845.12,Rs./Quintal,4,108,224.7,221.08,273.43
Punjab,Vegetables,Tomato,2026-04-19,12.38,Metric Tonnes,1579.62,Rs./Quintal,4,109,203.28,12.3,270.88714285714286
Punjab,Vegetables,Tomato,2026-04-20,306.04,Metric Tonnes,1753.21,Rs./Quintal,4,110,12.38,371.92,270.8985714285714
Punjab,Vegetables,Tomato,2026-04-21,327.06,Metric Tonnes,1430.85,Rs./Quintal,4,111,306.04,347.29,261.4871428571429
Punjab,Vegetables,Tomato,2026-04-22,307.87,Metric Tonnes,1874.34,Rs./Quintal,4,112,327.06,338.18,258.59714285714284
Punjab,Vegetables,Tomato,2026-04-23,325.06,Metric Tonnes,1628.25,Rs./Quintal,4,113,307.87,398.54,254.26714285714283
Punjab,Vegetables,Tomato,2026-04-24,263.81,Metric Tonnes,1683.05,Rs./Quintal,4,114,325.06,224.7,243.77
Punjab,Vegetables,Tomato,2026-04-25,219.23,Metric Tonnes,1925.18,Rs./Quintal,4,115,263.81,203.28,249.35714285714286
Punjab,Vegetables,Tomato,2026-04-26,9.42,Metric Tonnes,2476.65,Rs./Quintal,4,116,219.23,12.38,251.6357142857143
Punjab,Vegetables,Tomato,2026-04-27,317.62,Metric Tonnes,1501.75,Rs./Quintal,4,117,9.42,306.04,251.2128571428572
Punjab,Vegetables,Tomato,2026-04-28,377.47,Metric Tonnes,1605.71,Rs./Quintal,4,118,317.62,327.06,252.86714285714285
Punjab,Vegetables,Tomato,2026-04-29,324.32,Metric Tonnes,1644.63,Rs./Quintal,4,119,377.47,307.87,260.06857142857143
Punjab,Vegetables,Tomato,2026-04-30,262.39,Metric Tonnes,1663.17,Rs./Quintal,4,120,324.32,325.06,262.41857142857145
Punjab,Vegetables,Tomato,2026-05-01,477.97,Metric Tonnes,1644.61,Rs./Quintal,5,121,262.39,263.81,253.46571428571428
Punjab,Vegetables,Tomato,2026-05-02,104.84,Metric Tonnes,1439.52,Rs./Quintal,5,122,477.97,219.23,284.06
Punjab,Vegetables,Tomato,2026-05-03,194.7,Metric Tonnes,1505.33,Rs./Quintal,5,123,104.84,9.42,267.7185714285714
Punjab,Vegetables,Tomato,2026-05-04,163.91,Metric Tonnes,1430.92,Rs./Quintal,5,124,194.7,317.62,294.1871428571429
Punjab,Vegetables,Tomato,2026-05-05,301.46,Metric Tonnes,1101.41,Rs./Quintal,5,125,163.91,377.47,272.2285714285714
Punjab,Vegetables,Tomato,2026-05-06,307.38,Metric Tonnes,1474.82,Rs./Quintal,5,126,301.46,324.32,261.37
Punjab,Vegetables,Tomato,2026-05-07,516.69,Metric Tonnes,1537.83,Rs./Quintal,5,127,307.38,262.39,258.95
Punjab,Vegetables,Tomato,2026-05-08,337.66,Metric Tonnes,1428.01,Rs./Quintal,5,128,516.69,477.97,295.2785714285714
Punjab,Vegetables,Tomato,2026-05-09,183.63,Metric Tonnes,1502.22,Rs./Quintal,5,129,337.66,104.84,275.2342857142857
Punjab,Vegetables,Tomato,2026-05-10,16.55,Metric Tonnes,1642.18,Rs./Quintal,5,130,183.63,194.7,286.49
Punjab,Vegetables,Tomato,2026-05-11,251.32,Metric Tonnes,1143.05,Rs./Quintal,5,131,16.55,163.91,261.04
Punjab,Vegetables,Tomato,2026-05-12,283.95,Metric Tonnes,1158.09,Rs./Quintal,5,132,251.32,301.46,273.52714285714285
Punjab,Vegetables,Tomato,2026-05-13,271.33,Metric Tonnes,1135.7,Rs./Quintal,5,133,283.95,307.38,271.02571428571434
Punjab,Vegetables,Tomato,2026-05-14,212.05,Metric Tonnes,1211.91,Rs./Quintal,5,134,271.33,516.69,265.8757142857143
Punjab,Vegetables,Tomato,2026-05-15,279.42,Metric Tonnes,1137.83,Rs./Quintal,5,135,212.05,337.66,222.3557142857143
Punjab,Vegetables,Tomato,2026-05-16,154.91,Metric Tonnes,1239.22,Rs./Quintal,5,136,279.42,183.63,214.03571428571428
Punjab,Vegetables,Tomato,2026-05-17,5.21,Metric Tonnes,1177.93,Rs./Quintal,5,137,154.91,16.55,209.93285714285713
Punjab,Vegetables,Tomato,2026-05-18,254.47,Metric Tonnes,1060.71,Rs./Quintal,5,138,5.21,251.32,208.31285714285715
Punjab,Vegetables,Tomato,2026-05-19,216.84,Metric Tonnes,1126.74,Rs./Quintal,5,139,254.47,283.95,208.76285714285714
Punjab,Vegetables,Tomato,2026-05-20,177.67,Metric Tonnes,1107.13,Rs./Quintal,5,140,216.84,271.33,199.1757142857143
Punjab,Vegetables,Tomato,2026-05-21,306.7,Metric Tonnes,901.2,Rs./Quintal,5,141,177.67,212.05,185.79571428571427
Punjab,Vegetables,Tomato,2026-05-22,281.7,Metric Tonnes,920.49,Rs./Quintal,5,142,306.7,279.42,199.31714285714287
Punjab,Vegetables,Tomato,2026-05-23,169.91,Metric Tonnes,962.82,Rs./Quintal,5,143,281.7,154.91,199.64285714285714
Punjab,Vegetables,Tomato,2026-05-24,12.36,Metric Tonnes,1510.28,Rs./Quintal,5,144,169.91,5.21,201.78571428571428
Punjab,Vegetables,Tomato,2026-05-25,224.25,Metric Tonnes,839.74,Rs./Quintal,5,145,12.36,254.47,202.80714285714288
Punjab,Vegetables,Tomato,2026-05-26,321.69,Metric Tonnes,860.18,Rs./Quintal,5,146,224.25,216.84,198.49
Punjab,Vegetables,Tomato,2026-05-27,407.56,Metric Tonnes,1132.88,Rs./Quintal,5,147,321.69,177.67,213.46857142857147
Punjab,Vegetables,Tomato,2026-05-28,244.68,Metric Tonnes,914.78,Rs./Quintal,5,148,407.56,306.7,246.31
Punjab,Vegetables,Tomato,2026-05-29,220.8,Metric Tonnes,889.93,Rs./Quintal,5,149,244.68,281.7,237.45000000000002
Punjab,Vegetables,Tomato,2026-05-30,241.59,Metric Tonnes,888.89,Rs./Quintal,5,150,220.8,169.91,228.75
Punjab,Vegetables,Tomato,2026-05-31,9.53,Metric Tonnes,1123.76,Rs./Quintal,5,151,241.59,12.36,238.99
Punjab,Vegetables,Tomato,2026-06-01,460.21,Metric Tonnes,1462.89,Rs./Quintal,6,152,9.53,224.25,238.58571428571426
Punjab,Vegetables,Tomato,2026-06-02,277.99,Metric Tonnes,1021.0,Rs./Quintal,6,153,460.21,321.69,272.2942857142857
Punjab,Vegetables,Tomato,2026-06-03,243.6,Metric Tonnes,937.2,Rs./Quintal,6,154,277.99,407.56,266.0514285714286
Punjab,Vegetables,Tomato,2026-06-04,262.95,Metric Tonnes,966.06,Rs./Quintal,6,155,243.6,244.68,242.6285714285714
Punjab,Vegetables,Tomato,2026-06-05,349.06,Metric Tonnes,979.1,Rs./Quintal,6,156,262.95,220.8,245.23857142857142
Punjab,Vegetables,Tomato,2026-06-06,134.7,Metric Tonnes,1060.39,Rs./Quintal,6,157,349.06,241.59,263.56142857142856
Punjab,Vegetables,Tomato,2026-06-07,17.42,Metric Tonnes,1568.7,Rs./Quintal,6,158,134.7,9.53,248.29142857142855
Punjab,Vegetables,Tomato,2026-06-08,318.8,Metric Tonnes,1084.69,Rs./Quintal,6,159,17.42,460.21,249.41857142857143
Punjab,Vegetables,Tomato,2026-06-09,526.66,Metric Tonnes,987.28,Rs./Quintal,6,160,318.8,277.99,229.21714285714285
Punjab,Vegetables,Tomato,2026-06-10,179.93,Metric Tonnes,1359.94,Rs./Quintal,6,161,526.66,243.6,264.74142857142857
Punjab,Vegetables,Tomato,2026-06-11,144.36,Metric Tonnes,1581.75,Rs./Quintal,6,162,179.93,262.95,255.6457142857143
Punjab,Vegetables,Tomato,2026-06-12,266.02,Metric Tonnes,1316.18,Rs./Quintal,6,163,144.36,349.06,238.70428571428573
Punjab,Vegetables,Tomato,2026-06-13,231.68,Metric Tonnes,1379.91,Rs./Quintal,6,164,266.02,134.7,226.8414285714286
Punjab,Vegetables,Tomato,2026-06-14,16.28,Metric Tonnes,1535.07,Rs./Quintal,6,165,231.68,17.42,240.69571428571427
Punjab,Vegetables,Tomato,2026-06-15,210.38,Metric Tonnes,1598.92,Rs./Quintal,6,166,16.28,318.8,240.53285714285715
Punjab,Vegetables,Tomato,2026-06-16,221.63,Metric Tonnes,1535.56,Rs./Quintal,6,167,210.38,526.66,225.0442857142857
Punjab,Vegetables,Tomato,2026-06-17,252.69,Metric Tonnes,1491.68,Rs./Quintal,6,168,221.63,179.93,181.46857142857147
Punjab,Vegetables,Tomato,2026-06-18,167.35,Metric Tonnes,1652.53,Rs./Quintal,6,169,252.69,144.36,191.86285714285714
Punjab,Vegetables,Tomato,2026-06-19,170.07,Metric Tonnes,1635.24,Rs./Quintal,6,170,167.35,266.02,195.14714285714285
Punjab,Vegetables,Tomato,2026-06-20,156.78,Metric Tonnes,1572.64,Rs./Quintal,6,171,170.07,231.68,181.44
Punjab,Vegetables,Tomato,2026-06-21,11.25,Metric Tonnes,2403.78,Rs./Quintal,6,172,156.78,16.28,170.74
Punjab,Vegetables,Tomato,2026-06-22,237.43,Metric Tonnes,1780.45,Rs./Quintal,6,173,11.25,210.38,170.02142857142854
Punjab,Vegetables,Tomato,2026-06-23,218.4,Metric Tonnes,1811.34,Rs./Quintal,6,174,237.43,221.63,173.8857142857143
Punjab,Vegetables,Tomato,2026-06-24,313.76,Metric Tonnes,2067.87,Rs./Quintal,6,175,218.4,252.69,173.42428571428573
Punjab,Vegetables,Tomato,2026-06-25,214.55,Metric Tonnes,1987.65,Rs./Quintal,6,176,313.76,167.35,182.14857142857142
Punjab,Vegetables,Tomato,2026-06-26,212.79,Metric Tonnes,1816.3,Rs./Quintal,6,177,214.55,170.07,188.89142857142858
Punjab,Vegetables,Tomato,2026-06-27,139.68,Metric Tonnes,2132.04,Rs./Quintal,6,178,212.79,156.78,194.99428571428572
Punjab,Vegetables,Tomato,2026-06-28,11.3,Metric Tonnes,2294.3,Rs./Quintal,6,179,139.68,11.25,192.55142857142854
Punjab,Vegetables,Tomato,2026-06-29,235.42,Metric Tonnes,2023.45,Rs./Quintal,6,180,11.3,237.43,192.5585714285714
Punjab,Vegetables,Tomato,2026-06-30,295.07,Metric Tonnes,1780.04,Rs./Quintal,6,181,235.42,218.4,192.27142857142857
Punjab,Vegetables,Tomato,2026-07-01,323.34,Metric Tonnes,1869.48,Rs./Quintal,7,182,295.07,313.76,203.2242857142857
Punjab,Vegetables,Tomato,2026-07-02,294.97,Metric Tonnes,1920.26,Rs./Quintal,7,183,323.34,214.55,204.59285714285716
Punjab,Vegetables,Tomato,2026-07-03,304.53,Metric Tonnes,1776.78,Rs./Quintal,7,184,294.97,212.79,216.0814285714286
Punjab,Vegetables,Tomato,2026-07-04,155.86,Metric Tonnes,1614.75,Rs./Quintal,7,185,304.53,139.68,229.18714285714285
Punjab,Vegetables,Tomato,2026-07-05,17.59,Metric Tonnes,2457.93,Rs./Quintal,7,186,155.86,11.3,231.49857142857144
Punjab,Vegetables,Tomato,2026-07-06,329.23,Metric Tonnes,2235.36,Rs./Quintal,7,187,17.59,235.42,232.39714285714285
Punjab,Vegetables,Tomato,2026-07-07,297.52,Metric Tonnes,1965.21,Rs./Quintal,7,188,329.23,295.07,245.79857142857142
Punjab,Vegetables,Tomato,2026-07-08,274.0,Metric Tonnes,1981.1,Rs./Quintal,7,189,297.52,323.34,246.14857142857142
Punjab,Vegetables,Tomato,2026-07-09,326.84,Metric Tonnes,2202.5,Rs./Quintal,7,190,274.0,294.97,239.09999999999997
Punjab,Vegetables,Tomato,2026-07-10,337.22,Metric Tonnes,1980.72,Rs./Quintal,7,191,326.84,304.53,243.65285714285716
Punjab,Vegetables,Tomato,2026-07-11,229.73,Metric Tonnes,2061.41,Rs./Quintal,7,192,337.22,155.86,248.32285714285712
Punjab,Vegetables,Tomato,2026-07-12,10.36,Metric Tonnes,2364.76,Rs./Quintal,7,193,229.73,17.59,258.87571428571425
Punjab,Vegetables,Tomato,2026-07-13,365.14,Metric Tonnes,1943.13,Rs./Quintal,7,194,10.36,329.23,257.84285714285716
Punjab,Vegetables,Tomato,2026-07-14,382.51,Metric Tonnes,1968.83,Rs./Quintal,7,195,365.14,297.52,262.97285714285715
Punjab,Vegetables,Tomato,2026-07-15,395.96,Metric Tonnes,1919.89,Rs./Quintal,7,196,382.51,274.0,275.1142857142857
Punjab,Vegetables,Tomato,2026-07-16,327.51,Metric Tonnes,1914.98,Rs./Quintal,7,197,395.96,326.84,292.53714285714284
Punjab,Vegetables,Tomato,2026-07-17,244.64,Metric Tonnes,1811.72,Rs./Quintal,7,198,327.51,337.22,292.6328571428572
Punjab,Vegetables,Tomato,2026-07-18,244.73,Metric Tonnes,2295.82,Rs./Quintal,7,199,244.64,229.73,279.40714285714284
Punjab,Vegetables,Tomato,2026-07-19,12.3,Metric Tonnes,2643.32,Rs./Quintal,7,200,244.73,10.36,281.55
Punjab,Vegetables,Tomato,2026-07-20,274.56,Metric Tonnes,1834.05,Rs./Quintal,7,201,12.3,365.14,281.82714285714286
Punjab,Vegetables,Tomato,2026-07-21,384.09,Metric Tonnes,1992.52,Rs./Quintal,7,202,274.56,382.51,268.88714285714286
Punjab,Vegetables,Tomato,2026-07-22,273.55,Metric Tonnes,2007.65,Rs./Quintal,7,203,384.09,395.96,269.11285714285714
Punjab,Vegetables,Tomato,2026-07-23,344.8,Metric Tonnes,1944.24,Rs./Quintal,7,204,273.55,327.51,251.62571428571428
Punjab,Vegetables,Tomato,2026-07-24,2683.74,Metric Tonnes,2249.24,Rs./Quintal,7,205,344.8,244.64,254.0957142857143
Punjab,Vegetables,Tomato,2026-07-25,242.17,Metric Tonnes,1949.29,Rs./Quintal,7,206,2683.74,244.73,602.5385714285715
Punjab,Vegetables,Tomato,2026-07-26,17.45,Metric Tonnes,2414.05,Rs./Quintal,7,207,242.17,12.3,602.1728571428572
Punjab,Vegetables,Tomato,2026-07-27,427.79,Metric Tonnes,2036.63,Rs./Quintal,7,208,17.45,274.56,602.9085714285713
Punjab,Vegetables,Tomato,2026-07-28,406.14,Metric Tonnes,1863.91,Rs./Quintal,7,209,427.79,384.09,624.7985714285714
Punjab,Vegetables,Tomato,2026-07-29,372.34,Metric Tonnes,1972.86,Rs./Quintal,7,210,406.14,273.55,627.9485714285713
Punjab,Vegetables,Tomato,2026-07-30,302.64,Metric Tonnes,1906.21,Rs./Quintal,7,211,372.34,344.8,642.0614285714285
Punjab,Vegetables,Tomato,2026-07-31,274.22,Metric Tonnes,1901.97,Rs./Quintal,7,212,302.64,2683.74,636.0385714285715
Punjab,Vegetables,Tomato,2026-08-01,301.43,Metric Tonnes,2020.48,Rs./Quintal,8,213,274.22,242.17,291.82142857142856
Punjab,Vegetables,Tomato,2026-08-02,22.66,Metric Tonnes,2444.18,Rs./Quintal,8,214,301.43,17.45,300.28714285714284
Punjab,Vegetables,Tomato,2026-08-03,428.71,Metric Tonnes,1888.04,Rs./Quintal,8,215,22.66,427.79,301.0314285714286
Punjab,Vegetables,Tomato,2026-08-04,423.14,Metric Tonnes,1929.29,Rs./Quintal,8,216,428.71,406.14,301.16285714285715
Punjab,Vegetables,Tomato,2026-08-05,330.38,Metric Tonnes,1812.43,Rs./Quintal,8,217,423.14,372.34,303.59142857142854
Punjab,Vegetables,Tomato,2026-08-06,382.11,Metric Tonnes,1902.13,Rs./Quintal,8,218,330.38,302.64,297.59714285714284
Punjab,Vegetables,Tomato,2026-08-07,393.24,Metric Tonnes,1902.65,Rs./Quintal,8,219,382.11,274.22,308.95
Punjab,Vegetables,Tomato,2026-08-08,278.1,Metric Tonnes,1905.9,Rs./Quintal,8,220,393.24,301.43,325.95285714285717
Punjab,Vegetables,Tomato,2026-08-09,18.78,Metric Tonnes,2445.75,Rs./Quintal,8,221,278.1,22.66,322.62
Punjab,Vegetables,Tomato,2026-08-10,432.87,Metric Tonnes,1936.12,Rs./Quintal,8,222,18.78,428.71,322.0657142857143
Punjab,Vegetables,Tomato,2026-08-11,390.68,Metric Tonnes,1994.08,Rs./Quintal,8,223,432.87,423.14,322.65999999999997
Punjab,Vegetables,Tomato,2026-08-12,313.6,Metric Tonnes,1896.27,Rs./Quintal,8,224,390.68,330.38,318.0228571428571
Punjab,Vegetables,Tomato,2026-08-13,324.0,Metric Tonnes,2020.98,Rs./Quintal,8,225,313.6,382.11,315.6257142857143
Punjab,Vegetables,Tomato,2026-08-14,336.6,Metric Tonnes,2060.3,Rs./Quintal,8,226,324.0,393.24,307.32428571428574
Punjab,Vegetables,Tomato,2026-08-15,260.2,Metric Tonnes,2119.08,Rs./Quintal,8,227,336.6,278.1,299.23285714285714
Punjab,Vegetables,Tomato,2026-08-16,22.97,Metric Tonnes,2519.81,Rs./Quintal,8,228,260.2,18.78,296.67571428571426
Punjab,Vegetables,Tomato,2026-08-17,408.15,Metric Tonnes,1967.27,Rs./Quintal,8,229,22.97,432.87,297.2742857142857
Punjab,Vegetables,Tomato,2026-08-18,426.2,Metric Tonnes,2065.25,Rs./Quintal,8,230,408.15,390.68,293.74285714285713
Punjab,Vegetables,Tomato,2026-08-19,439.58,Metric Tonnes,2120.88,Rs./Quintal,8,231,426.2,313.6,298.8171428571428
Punjab,Vegetables,Tomato,2026-08-20,399.67,Metric Tonnes,2137.76,Rs./Quintal,8,232,439.58,324.0,316.8142857142857
Punjab,Vegetables,Tomato,2026-08-21,303.44,Metric Tonnes,1925.09,Rs./Quintal,8,233,399.67,336.6,327.6242857142857
Punjab,Vegetables,Tomato,2026-08-22,294.19,Metric Tonnes,1987.36,Rs./Quintal,8,234,303.44,260.2,322.88714285714286
Punjab,Vegetables,Tomato,2026-08-23,44.41,Metric Tonnes,2094.46,Rs./Quintal,8,235,294.19,22.97,327.7428571428572
Punjab,Vegetables,Tomato,2026-08-24,589.33,Metric Tonnes,2464.57,Rs./Quintal,8,236,44.41,408.15,330.80571428571426
Punjab,Vegetables,Tomato,2026-08-25,390.3,Metric Tonnes,1812.33,Rs./Quintal,8,237,589.33,426.2,356.68857142857144
Punjab,Vegetables,Tomato,2026-08-26,331.56,Metric Tonnes,1857.93,Rs./Quintal,8,238,390.3,439.58,351.56
Punjab,Vegetables,Tomato,2026-08-27,157.63,Metric Tonnes,1988.46,Rs./Quintal,8,239,331.56,399.67,336.12857142857143
Punjab,Vegetables,Tomato,2026-08-28,248.37,Metric Tonnes,1977.14,Rs./Quintal,8,240,157.63,303.44,301.5514285714286
Punjab,Vegetables,Tomato,2026-08-29,273.3,Metric Tonnes,2100.59,Rs./Quintal,8,241,248.37,294.19,293.6842857142857
Punjab,Vegetables,Tomato,2026-08-30,21.05,Metric Tonnes,2059.16,Rs./Quintal,8,242,273.3,44.41,290.7
Punjab,Vegetables,Tomato,2026-08-31,372.12,Metric Tonnes,1913.1,Rs./Quintal,8,243,21.05,589.33,287.36285714285714
Punjab,Vegetables,Tomato,2026-09-01,309.17,Metric Tonnes,1960.75,Rs./Quintal,9,244,372.12,390.3,256.33285714285716
Punjab,Vegetables,Tomato,2026-09-02,357.23,Metric Tonnes,1978.26,Rs./Quintal,9,245,309.17,331.56,244.74285714285716
Punjab,Vegetables,Tomato,2026-09-03,277.67,Metric Tonnes,1872.61,Rs./Quintal,9,246,357.23,157.63,248.41000000000003
Punjab,Vegetables,Tomato,2026-09-04,319.04,Metric Tonnes,2054.47,Rs./Quintal,9,247,277.67,248.37,265.5585714285715
Punjab,Vegetables,Tomato,2026-09-05,290.18,Metric Tonnes,2023.8,Rs./Quintal,9,248,319.04,273.3,275.6542857142857
Punjab,Vegetables,Tomato,2026-09-06,25.55,Metric Tonnes,2606.83,Rs./Quintal,9,249,290.18,21.05,278.0657142857143
Punjab,Vegetables,Tomato,2026-09-07,414.1,Metric Tonnes,2116.32,Rs./Quintal,9,250,25.55,372.12,278.7085714285715
Punjab,Vegetables,Tomato,2026-09-08,360.39,Metric Tonnes,2198.57,Rs./Quintal,9,251,414.1,309.17,284.7057142857143
Punjab,Vegetables,Tomato,2026-09-09,433.82,Metric Tonnes,2198.19,Rs./Quintal,9,252,360.39,357.23,292.02285714285716
Punjab,Vegetables,Tomato,2026-09-10,396.44,Metric Tonnes,2138.57,Rs./Quintal,9,253,433.82,277.67,302.9642857142857
