State/UT,Commodity Group,Commodity,Date,Arrival Quantity,Arrival Unit,Modal Price,Price Unit,month,day_of_year,lag_1,lag_7,rolling_mean_7
Punjab,Vegetables,Onion,2024-01-08,897.64,Metric Tonnes,1736.41,Rs./Quintal,1,8,2022.76,1529.68,1822.1442857142858
Punjab,Vegetables,Onion,2024-01-09,655.81,Metric Tonnes,1849.43,Rs./Quintal,1,9,1736.41,1683.97,1851.6771428571428
Punjab,Vegetables,Onion,2024-01-10,538.35,Metric Tonnes,1835.06,Rs./Quintal,1,10,1849.43,2024.44,1875.314285714286
Punjab,Vegetables,Onion,2024-01-11,573.82,Metric Tonnes,1847.58,Rs./Quintal,1,11,1835.06,1968.58,1848.26
Punjab,Vegetables,Onion,2024-01-12,1089.47,Metric Tonnes,1926.58,Rs./Quintal,1,12,1847.58,1848.19,1830.9742857142858
Punjab,Vegetables,Onion,2024-01-13,785.49,Metric Tonnes,1763.43,Rs./Quintal,1,13,1926.58,1677.39,1842.172857142857
Punjab,Vegetables,Onion,2024-01-14,58.05,Metric Tonnes,2011.63,Rs./Quintal,1,14,1763.43,2022.76,1854.4642857142858
Punjab,Vegetables,Onion,2024-01-15,1055.33,Metric Tonnes,1834.49,Rs./Quintal,1,15,2011.63,1736.41,1852.8742857142859
Punjab,Vegetables,Onion,2024-01-16,919.41,Metric Tonnes,1776.69,Rs./Quintal,1,16,1834.49,1849.43,1866.8857142857144
Punjab,Vegetables,Onion,2024-01-17,535.26,Metric Tonnes,1875.88,Rs./Quintal,1,17,1776.69,1835.06,1856.4942857142855
Punjab,Vegetables,Onion,2024-01-18,775.74,Metric Tonnes,2029.59,Rs./Quintal,1,18,1875.88,1847.58,1862.3257142857144
Punjab,Vegetables,Onion,2024-01-19,664.51,Metric Tonnes,1794.4,Rs./Quintal,1,19,2029.59,1926.58,1888.327142857143
Punjab,Vegetables,Onion,2024-01-20,676.19,Metric Tonnes,1777.67,Rs./Quintal,1,20,1794.4,1763.43,1869.4442857142858
Punjab,Vegetables,Onion,2024-01-21,57.5,Metric Tonnes,2060.87,Rs./Quintal,1,21,1777.67,2011.63,1871.4785714285715
Punjab,Vegetables,Onion,2024-01-22,1112.19,Metric Tonnes,1630.69,Rs./Quintal,1,22,2060.87,1834.49,1878.5128571428572
Punjab,Vegetables,Onion,2024-01-23,837.8,Metric Tonnes,1658.86,Rs./Quintal,1,23,1630.69,1776.69,1849.3985714285714
Punjab,Vegetables,Onion,2024-01-24,1002.31,Metric Tonnes,1631.99,Rs./Quintal,1,24,1658.86,1875.88,1832.5657142857142
Punjab,Vegetables,Onion,2024-01-25,796.48,Metric Tonnes,1502.34,Rs./Quintal,1,25,1631.99,2029.59,1797.7242857142858
Punjab,Vegetables,Onion,2024-01-26,560.85,Metric Tonnes,1559.72,Rs./Quintal,1,26,1502.34,1794.4,1722.402857142857
Punjab,Vegetables,Onion,2024-01-27,527.73,Metric Tonnes,1539.57,Rs./Quintal,1,27,1559.72,1777.67,1688.8771428571429
Punjab,Vegetables,Onion,2024-01-28,54.82,Metric Tonnes,1819.23,Rs./Quintal,1,28,1539.57,2060.87,1654.862857142857
Punjab,Vegetables,Onion,2024-01-29,1030.39,Metric Tonnes,1536.22,Rs./Quintal,1,29,1819.23,1630.69,1620.3428571428572
Punjab,Vegetables,Onion,2024-01-30,1032.41,Metric Tonnes,1475.66,Rs./Quintal,1,30,1536.22,1658.86,1606.847142857143
Punjab,Vegetables,Onion,2024-01-31,826.05,Metric Tonnes,1521.85,Rs./Quintal,1,31,1475.66,1631.99,1580.6757142857143
Punjab,Vegetables,Onion,2024-02-01,1080.91,Metric Tonnes,1447.01,Rs./Quintal,2,32,1521.85,1502.34,1564.9414285714286
Punjab,Vegetables,Onion,2024-02-02,1041.74,Metric Tonnes,1428.31,Rs./Quintal,2,33,1447.01,1559.72,1557.037142857143
Punjab,Vegetables,Onion,2024-02-03,702.72,Metric Tonnes,1425.0,Rs./Quintal,2,34,1428.31,1539.57,1538.2642857142857
Punjab,Vegetables,Onion,2024-02-04,74.0,Metric Tonnes,1630.81,Rs./Quintal,2,35,1425.0,1819.23,1521.8971428571429
Punjab,Vegetables,Onion,2024-02-05,1412.88,Metric Tonnes,1418.91,Rs./Quintal,2,36,1630.81,1536.22,1494.9799999999998
Punjab,Vegetables,Onion,2024-02-06,1238.79,Metric Tonnes,1341.35,Rs./Quintal,2,37,1418.91,1475.66,1478.2214285714285
Punjab,Vegetables,Onion,2024-02-07,911.34,Metric Tonnes,1390.48,Rs./Quintal,2,38,1341.35,1521.85,1459.0342857142857
Punjab,Vegetables,Onion,2024-02-08,1009.63,Metric Tonnes,1323.94,Rs./Quintal,2,39,1390.48,1447.01,1440.2671428571427
Punjab,Vegetables,Onion,2024-02-09,1029.14,Metric Tonnes,1305.78,Rs./Quintal,2,40,1323.94,1428.31,1422.685714285714
Punjab,Vegetables,Onion,2024-02-10,912.35,Metric Tonnes,1324.97,Rs./Quintal,2,41,1305.78,1425.0,1405.1814285714286
Punjab,Vegetables,Onion,2024-02-11,96.05,Metric Tonnes,1662.36,Rs./Quintal,2,42,1324.97,1630.81,1390.8914285714286
Punjab,Vegetables,Onion,2024-02-12,1511.49,Metric Tonnes,1298.87,Rs./Quintal,2,43,1662.36,1418.91,1395.3985714285716
Punjab,Vegetables,Onion,2024-02-13,1295.86,Metric Tonnes,1337.69,Rs./Quintal,2,44,1298.87,1341.35,1378.25
Punjab,Vegetables,Onion,2024-02-14,602.92,Metric Tonnes,1401.42,Rs./Quintal,2,45,1337.69,1390.48,1377.7271428571428
Punjab,Vegetables,Onion,2024-02-15,684.85,Metric Tonnes,1404.98,Rs./Quintal,2,46,1401.42,1323.94,1379.2900000000002
Punjab,Vegetables,Onion,2024-02-16,275.6,Metric Tonnes,1476.88,Rs./Quintal,2,47,1404.98,1305.78,1390.8671428571429
Punjab,Vegetables,Onion,2024-02-17,977.33,Metric Tonnes,1311.07,Rs./Quintal,2,48,1476.88,1324.97,1415.31
Punjab,Vegetables,Onion,2024-02-18,78.61,Metric Tonnes,1407.52,Rs./Quintal,2,49,1311.07,1662.36,1413.3242857142857
Punjab,Vegetables,Onion,2024-02-19,1038.98,Metric Tonnes,1392.34,Rs./Quintal,2,50,1407.52,1298.87,1376.9185714285716
Punjab,Vegetables,Onion,2024-02-20,787.1,Metric Tonnes,1441.43,Rs./Quintal,2,51,1392.34,1337.69,1390.2714285714287
Punjab,Vegetables,Onion,2024-02-21,433.25,Metric Tonnes,1437.26,Rs./Quintal,2,52,1441.43,1401.42,1405.0914285714284
Punjab,Vegetables,Onion,2024-02-22,603.14,Metric Tonnes,1448.08,Rs./Quintal,2,53,1437.26,1404.98,1410.2114285714285
Punjab,Vegetables,Onion,2024-02-23,502.14,Metric Tonnes,1480.82,Rs./Quintal,2,54,1448.08,1476.88,1416.3685714285714
Punjab,Vegetables,Onion,2024-02-24,595.22,Metric Tonnes,1398.44,Rs./Quintal,2,55,1480.82,1311.07,1416.9314285714283
Punjab,Vegetables,Onion,2024-02-25,42.33,Metric Tonnes,1804.91,Rs./Quintal,2,56,1398.44,1407.52,1429.412857142857
Punjab,Vegetables,Onion,2024-02-26,994.5,Metric Tonnes,1425.3,Rs./Quintal,2,57,1804.91,1392.34,1486.182857142857
Punjab,Vegetables,Onion,2024-02-27,912.76,Metric Tonnes,1442.79,Rs./Quintal,2,58,1425.3,1441.43,1490.8914285714286
Punjab,Vegetables,Onion,2024-02-28,835.97,Metric Tonnes,1540.37,Rs./Quintal,2,59,1442.79,1437.26,1491.0857142857144
Punjab,Vegetables,Onion,2024-02-29,821.72,Metric Tonnes,1515.79,Rs./Quintal,2,60,1540.37,1448.08,1505.8157142857144
Punjab,Vegetables,Onion,2024-03-01,722.08,Metric Tonnes,1518.33,Rs./Quintal,3,61,1515.79,1480.82,1515.4885714285715
Punjab,Vegetables,Onion,2024-03-02,503.72,Metric Tonnes,1509.25,Rs./Quintal,3,62,1518.33,1398.44,1520.847142857143
Punjab,Vegetables,Onion,2024-03-03,64.25,Metric Tonnes,1638.13,Rs./Quintal,3,63,1509.25,1804.91,1536.6771428571428
Punjab,Vegetables,Onion,2024-03-04,1089.81,Metric Tonnes,1497.36,Rs./Quintal,3,64,1638.13,1425.3,1512.8514285714286
Punjab,Vegetables,Onion,2024-03-05,1406.83,Metric Tonnes,1665.26,Rs./Quintal,3,65,1497.36,1442.79,1523.1457142857141
Punjab,Vegetables,Onion,2024-03-06,843.5,Metric Tonnes,1511.83,Rs./Quintal,3,66,1665.26,1540.37,1554.9271428571428
Punjab,Vegetables,Onion,2024-03-07,472.49,Metric Tonnes,1741.36,Rs./Quintal,3,67,1511.83,1515.79,1550.85
Punjab,Vegetables,Onion,2024-03-08,697.34,Metric Tonnes,1469.13,Rs./Quintal,3,68,1741.36,1518.33,1583.0742857142857
Punjab,Vegetables,Onion,2024-03-09,909.95,Metric Tonnes,1605.36,Rs./Quintal,3,69,1469.13,1509.25,1576.0457142857142
Punjab,Vegetables,Onion,2024-03-10,44.9,Metric Tonnes,1666.15,Rs./Quintal,3,70,1605.36,1638.13,1589.7757142857142
Punjab,Vegetables,Onion,2024-03-11,1197.76,Metric Tonnes,1581.89,Rs./Quintal,3,71,1666.15,1497.36,1593.7785714285712
Punjab,Vegetables,Onion,2024-03-12,1210.0,Metric Tonnes,1656.24,Rs./Quintal,3,72,1581.89,1665.26,1605.8542857142857
Punjab,Vegetables,Onion,2024-03-13,636.86,Metric Tonnes,1605.6,Rs./Quintal,3,73,1656.24,1511.83,1604.5657142857144
Punjab,Vegetables,Onion,2024-03-14,909.58,Metric Tonnes,1696.06,Rs./Quintal,3,74,1605.6,1741.36,1617.9614285714285
Punjab,Vegetables,Onion,2024-03-15,431.9,Metric Tonnes,1623.75,Rs./Quintal,3,75,1696.06,1469.13,1611.49
Punjab,Vegetables,Onion,2024-03-16,678.85,Metric Tonnes,1631.28,Rs./Quintal,3,76,1623.75,1605.36,1633.5785714285716
Punjab,Vegetables,Onion,2024-03-17,42.9,Metric Tonnes,1874.48,Rs./Quintal,3,77,1631.28,1666.15,1637.2814285714285
Punjab,Vegetables,Onion,2024-03-18,1585.16,Metric Tonnes,1630.55,Rs./Quintal,3,78,1874.48,1581.89,1667.042857142857
Punjab,Vegetables,Onion,2024-03-19,1323.98,Metric Tonnes,1572.76,Rs./Quintal,3,79,1630.55,1656.24,1673.9942857142858
Punjab,Vegetables,Onion,2024-03-20,1367.58,Metric Tonnes,1536.93,Rs./Quintal,3,80,1572.76,1605.6,1662.0685714285714
Punjab,Vegetables,Onion,2024-03-21,790.44,Metric Tonnes,1559.1,Rs./Quintal,3,81,1536.93,1696.06,1652.2585714285717
Punjab,Vegetables,Onion,2024-03-22,622.39,Metric Tonnes,1631.06,Rs./Quintal,3,82,1559.1,1623.75,1632.6928571428568
Punjab,Vegetables,Onion,2024-03-23,534.13,Metric Tonnes,1539.3,Rs./Quintal,3,83,1631.06,1631.28,1633.7371428571428
Punjab,Vegetables,Onion,2024-03-24,39.7,Metric Tonnes,1801.89,Rs./Quintal,3,84,1539.3,1874.48,1620.597142857143
Punjab,Vegetables,Onion,2024-03-25,1190.27,Metric Tonnes,1545.17,Rs./Quintal,3,85,1801.89,1630.55,1610.2271428571428
Punjab,Vegetables,Onion,2024-03-26,1334.68,Metric Tonnes,1638.4,Rs./Quintal,3,86,1545.17,1572.76,1598.03
Punjab,Vegetables,Onion,2024-03-27,1100.22,Metric Tonnes,1634.53,Rs./Quintal,3,87,1638.4,1536.93,1607.4071428571428
Punjab,Vegetables,Onion,2024-03-28,1239.98,Metric Tonnes,1629.56,Rs./Quintal,3,88,1634.53,1559.1,1621.35
Punjab,Vegetables,Onion,2024-03-29,613.41,Metric Tonnes,1706.22,Rs./Quintal,3,89,1629.56,1631.06,1631.4157142857143
Punjab,Vegetables,Onion,2024-03-30,369.53,Metric Tonnes,1662.13,Rs./Quintal,3,90,1706.22,1539.3,1642.152857142857
Punjab,Vegetables,Onion,2024-03-31,191.42,Metric Tonnes,1703.35,Rs./Quintal,3,91,1662.13,1801.89,1659.7
Punjab,Vegetables,Onion,2024-04-01,1012.66,Metric Tonnes,1486.56,Rs./Quintal,4,92,1703.35,1545.17,1645.6228571428571
Punjab,Vegetables,Onion,2024-04-02,786.43,Metric Tonnes,1500.18,Rs./Quintal,4,93,1486.56,1638.4,1637.25
Punjab,Vegetables,Onion,2024-04-03,519.22,Metric Tonnes,1616.96,Rs./Quintal,4,94,1500.18,1634.53,1617.5042857142855
Punjab,Vegetables,Onion,2024-04-04,1287.94,Metric Tonnes,1590.17,Rs./Quintal,4,95,1616.96,1629.56,1614.9942857142858
Punjab,Vegetables,Onion,2024-04-05,1084.98,Metric Tonnes,1570.59,Rs./Quintal,4,96,1590.17,1706.22,1609.367142857143
Punjab,Vegetables,Onion,2024-04-06,637.95,Metric Tonnes,1454.24,Rs./Quintal,4,97,1570.59,1662.13,1589.9914285714287
Punjab,Vegetables,Onion,2024-04-07,59.81,Metric Tonnes,1831.75,Rs./Quintal,4,98,1454.24,1703.35,1560.2928571428572
Punjab,Vegetables,Onion,2024-04-08,1241.79,Metric Tonnes,1525.24,Rs./Quintal,4,99,1831.75,1486.56,1578.6357142857144
Punjab,Vegetables,Onion,2024-04-09,1695.23,Metric Tonnes,1541.68,Rs./Quintal,4,100,1525.24,1500.18,1584.1614285714288
Punjab,Vegetables,Onion,2024-04-10,1140.87,Metric Tonnes,1492.97,Rs./Quintal,4,101,1541.68,1616.96,1590.0900000000001
Punjab,Vegetables,Onion,2024-04-11,584.29,Metric Tonnes,1598.15,Rs./Quintal,4,102,1492.97,1590.17,1572.3771428571429
Punjab,Vegetables,Onion,2024-04-12,798.84,Metric Tonnes,1550.2,Rs./Quintal,4,103,1598.15,1570.59,1573.5171428571427
Punjab,Vegetables,Onion,2024-04-13,622.24,Metric Tonnes,1520.43,Rs./Quintal,4,104,1550.2,1454.24,1570.6042857142857
Punjab,Vegetables,Onion,2024-04-14,85.8,Metric Tonnes,1871.18,Rs./Quintal,4,105,1520.43,1831.75,1580.06
Punjab,Vegetables,Onion,2024-04-15,1037.21,Metric Tonnes,1495.25,Rs./Quintal,4,106,1871.18,1525.24,1585.6928571428573
Punjab,Vegetables,Onion,2024-04-16,1107.3,Metric Tonnes,1469.1,Rs./Quintal,4,107,1495.25,1541.68,1581.4085714285716
Punjab,Vegetables,Onion,2024-04-17,794.5,Metric Tonnes,1452.75,Rs./Quintal,4,108,1469.1,1492.97,1571.0399999999997
Punjab,Vegetables,Onion,2024-04-18,1071.94,Metric Tonnes,1479.93,Rs./Quintal,4,109,1452.75,1598.15,1565.294285714286
Punjab,Vegetables,Onion,2024-04-19,467.62,Metric Tonnes,1485.16,Rs./Quintal,4,110,1479.93,1550.2,1548.4057142857143
Punjab,Vegetables,Onion,2024-04-20,518.95,Metric Tonnes,1594.72,Rs./Quintal,4,111,1485.16,1520.43,1539.1142857142856
Punjab,Vegetables,Onion,2024-04-21,131.51,Metric Tonnes,1770.57,Rs./Quintal,4,112,1594.72,1871.18,1549.7271428571428
Punjab,Vegetables,Onion,2024-04-22,1482.72,Metric Tonnes,1512.61,Rs./Quintal,4,113,1770.57,1495.25,1535.3542857142857
Punjab,Vegetables,Onion,2024-04-23,1184.25,Metric Tonnes,1575.01,Rs./Quintal,4,114,1512.61,1469.1,1537.8342857142857
Punjab,Vegetables,Onion,2024-04-24,1072.99,Metric Tonnes,1611.22,Rs./Quintal,4,115,1575.01,1452.75,1552.9642857142858
Punjab,Vegetables,Onion,2024-04-25,1190.17,Metric Tonnes,1574.59,Rs./Quintal,4,116,1611.22,1479.93,1575.6028571428574
Punjab,Vegetables,Onion,2024-04-26,1102.97,Metric Tonnes,1518.49,Rs./Quintal,4,117,1574.59,1485.16,1589.1257142857144
Punjab,Vegetables,Onion,2024-04-27,1256.94,Metric Tonnes,1503.71,Rs./Quintal,4,118,1518.49,1594.72,1593.887142857143
Punjab,Vegetables,Onion,2024-04-28,76.0,Metric Tonnes,1665.89,Rs./Quintal,4,119,1503.71,1770.57,1580.8857142857141
Punjab,Vegetables,Onion,2024-04-29,1652.2,Metric Tonnes,1478.47,Rs./Quintal,4,120,1665.89,1512.61,1565.9314285714286
Punjab,Vegetables,Onion,2024-04-30,1384.35,Metric Tonnes,1505.67,Rs./Quintal,4,121,1478.47,1575.01,1561.0542857142857
Punjab,Vegetables,Onion,2024-05-01,1296.28,Metric Tonnes,1382.15,Rs./Quintal,5,122,1505.67,1611.22,1551.1485714285714
Punjab,Vegetables,Onion,2024-05-02,1160.34,Metric Tonnes,1400.54,Rs./Quintal,5,123,1382.15,1574.59,1518.4242857142856
Punjab,Vegetables,Onion,2024-05-03,686.97,Metric Tonnes,1443.61,Rs./Quintal,5,124,1400.54,1518.49,1493.56
Punjab,Vegetables,Onion,2024-05-04,655.46,Metric Tonnes,1445.05,Rs./Quintal,5,125,1443.61,1503.71,1482.8628571428574
Punjab,Vegetables,Onion,2024-05-05,107.49,Metric Tonnes,1875.87,Rs./Quintal,5,126,1445.05,1665.89,1474.4828571428573
Punjab,Vegetables,Onion,2024-05-06,978.48,Metric Tonnes,1486.85,Rs./Quintal,5,127,1875.87,1478.47,1504.4799999999998
Punjab,Vegetables,Onion,2024-05-07,818.42,Metric Tonnes,1525.36,Rs./Quintal,5,128,1486.85,1505.67,1505.6771428571428
Punjab,Vegetables,Onion,2024-05-08,754.55,Metric Tonnes,1469.54,Rs./Quintal,5,129,1525.36,1382.15,1508.49
Punjab,Vegetables,Onion,2024-05-09,539.44,Metric Tonnes,1493.14,Rs./Quintal,5,130,1469.54,1400.54,1520.9742857142858
Punjab,Vegetables,Onion,2024-05-10,791.29,Metric Tonnes,1470.88,Rs./Quintal,5,131,1493.14,1443.61,1534.202857142857
Punjab,Vegetables,Onion,2024-05-11,741.36,Metric Tonnes,1449.42,Rs./Quintal,5,132,1470.88,1445.05,1538.0985714285714
Punjab,Vegetables,Onion,2024-05-12,69.6,Metric Tonnes,1498.71,Rs./Quintal,5,133,1449.42,1875.87,1538.722857142857
Punjab,Vegetables,Onion,2024-05-13,1011.15,Metric Tonnes,1479.97,Rs./Quintal,5,134,1498.71,1486.85,1484.8428571428574
Punjab,Vegetables,Onion,2024-05-14,594.04,Metric Tonnes,1518.56,Rs./Quintal,5,135,1479.97,1525.36,1483.8600000000001
Punjab,Vegetables,Onion,2024-05-15,1145.13,Metric Tonnes,1490.93,Rs./Quintal,5,136,1518.56,1469.54,1482.8885714285714
Punjab,Vegetables,Onion,2024-05-16,1180.42,Metric Tonnes,1483.17,Rs./Quintal,5,137,1490.93,1493.14,1485.9442857142858
Punjab,Vegetables,Onion,2024-05-17,1250.84,Metric Tonnes,1488.37,Rs./Quintal,5,138,1483.17,1470.88,1484.52
Punjab,Vegetables,Onion,2024-05-18,1170.02,Metric Tonnes,1392.31,Rs./Quintal,5,139,1488.37,1449.42,1487.0185714285715
Punjab,Vegetables,Onion,2024-05-19,84.4,Metric Tonnes,1547.03,Rs./Quintal,5,140,1392.31,1498.71,1478.8600000000001
Punjab,Vegetables,Onion,2024-05-20,1209.26,Metric Tonnes,1421.04,Rs./Quintal,5,141,1547.03,1479.97,1485.7628571428572
Punjab,Vegetables,Onion,2024-05-21,807.09,Metric Tonnes,1434.7,Rs./Quintal,5,142,1421.04,1518.56,1477.3442857142857
Punjab,Vegetables,Onion,2024-05-22,1424.53,Metric Tonnes,1498.42,Rs./Quintal,5,143,1434.7,1490.93,1465.3642857142859
Punjab,Vegetables,Onion,2024-05-23,689.53,Metric Tonnes,1434.34,Rs./Quintal,5,144,1498.42,1483.17,1466.4342857142858
Punjab,Vegetables,Onion,2024-05-24,1458.63,Metric Tonnes,1418.0,Rs./Quintal,5,145,1434.34,1488.37,1459.4585714285713
Punjab,Vegetables,Onion,2024-05-25,635.16,Metric Tonnes,1394.34,Rs./Quintal,5,146,1418.0,1392.31,1449.4057142857143
Punjab,Vegetables,Onion,2024-05-26,47.46,Metric Tonnes,1564.25,Rs./Quintal,5,147,1394.34,1547.03,1449.695714285714
Punjab,Vegetables,Onion,2024-05-27,803.46,Metric Tonnes,1482.63,Rs./Quintal,5,148,1564.25,1421.04,1452.1557142857143
Punjab,Vegetables,Onion,2024-05-28,1223.92,Metric Tonnes,1464.8,Rs./Quintal,5,149,1482.63,1434.7,1460.9542857142858
Punjab,Vegetables,Onion,2024-05-29,1294.4,Metric Tonnes,1516.18,Rs./Quintal,5,150,1464.8,1498.42,1465.2542857142855
Punjab,Vegetables,Onion,2024-05-30,1213.58,Metric Tonnes,1503.64,Rs./Quintal,5,151,1516.18,1434.34,1467.7914285714285
Punjab,Vegetables,Onion,2024-05-31,1317.88,Metric Tonnes,1499.44,Rs./Quintal,5,152,1503.64,1418.0,1477.6914285714286
Punjab,Vegetables,Onion,2024-06-01,1069.0,Metric Tonnes,1480.81,Rs./Quintal,6,153,1499.44,1394.34,1489.3257142857144
Punjab,Vegetables,Onion,2024-06-02,37.4,Metric Tonnes,1796.12,Rs./Quintal,6,154,1480.81,1564.25,1501.6785714285713
Punjab,Vegetables,Onion,2024-06-03,995.43,Metric Tonnes,1427.07,Rs./Quintal,6,155,1796.12,1482.63,1534.8028571428572
Punjab,Vegetables,Onion,2024-06-04,586.31,Metric Tonnes,1464.34,Rs./Quintal,6,156,1427.07,1464.8,1526.8657142857141
Punjab,Vegetables,Onion,2024-06-05,476.21,Metric Tonnes,1498.43,Rs./Quintal,6,157,1464.34,1516.18,1526.8
Punjab,Vegetables,Onion,2024-06-06,617.26,Metric Tonnes,1606.37,Rs./Quintal,6,158,1498.43,1503.64,1524.2642857142857
Punjab,Vegetables,Onion,2024-06-07,783.17,Metric Tonnes,1654.45,Rs./Quintal,6,159,1606.37,1499.44,1538.9399999999998
Punjab,Vegetables,Onion,2024-06-08,693.78,Metric Tonnes,1610.63,Rs./Quintal,6,160,1654.45,1480.81,1561.0842857142857
Punjab,Vegetables,Onion,2024-06-09,35.35,Metric Tonnes,1949.65,Rs./Quintal,6,161,1610.63,1796.12,1579.6299999999999
Punjab,Vegetables,Onion,2024-06-10,1161.4,Metric Tonnes,1831.46,Rs./Quintal,6,162,1949.65,1427.07,1601.5628571428572
Punjab,Vegetables,Onion,2024-06-11,1358.4,Metric Tonnes,2000.07,Rs./Quintal,6,163,1831.46,1464.34,1659.3328571428572
Punjab,Vegetables,Onion,2024-06-12,1206.98,Metric Tonnes,2135.25,Rs./Quintal,6,164,2000.07,1498.43,1735.8657142857141
Punjab,Vegetables,Onion,2024-06-13,1212.06,Metric Tonnes,2153.3,Rs./Quintal,6,165,2135.25,1606.37,1826.8400000000001
Punjab,Vegetables,Onion,2024-06-14,831.21,Metric Tonnes,1905.68,Rs./Quintal,6,166,2153.3,1654.45,1904.9728571428573
Punjab,Vegetables,Onion,2024-06-15,628.12,Metric Tonnes,1969.6,Rs./Quintal,6,167,1905.68,1610.63,1940.8628571428574
Punjab,Vegetables,Onion,2024-06-16,40.95,Metric Tonnes,2634.09,Rs./Quintal,6,168,1969.6,1949.65,1992.1442857142858
Punjab,Vegetables,Onion,2024-06-17,722.02,Metric Tonnes,1909.43,Rs./Quintal,6,169,2634.09,1831.46,2089.921428571429
Punjab,Vegetables,Onion,2024-06-18,672.63,Metric Tonnes,1988.09,Rs./Quintal,6,170,1909.43,2000.07,2101.06
Punjab,Vegetables,Onion,2024-06-19,559.68,Metric Tonnes,2068.92,Rs./Quintal,6,171,1988.09,2135.25,2099.3485714285716
Punjab,Vegetables,Onion,2024-06-20,819.32,Metric Tonnes,2274.57,Rs./Quintal,6,172,2068.92,2153.3,2089.872857142857
Punjab,Vegetables,Onion,2024-06-21,850.05,Metric Tonnes,2169.87,Rs./Quintal,6,173,2274.57,1905.68,2107.197142857143
Punjab,Vegetables,Onion,2024-06-22,903.09,Metric Tonnes,2469.54,Rs./Quintal,6,174,2169.87,1969.6,2144.9385714285713
Punjab,Vegetables,Onion,2024-06-23,163.32,Metric Tonnes,2772.09,Rs./Quintal,6,175,2469.54,2634.09,2216.3585714285714
Punjab,Vegetables,Onion,2024-06-24,1113.68,Metric Tonnes,2383.4,Rs./Quintal,6,176,2772.09,1909.43,2236.0728571428567
Punjab,Vegetables,Onion,2024-06-25,1078.51,Metric Tonnes,2316.17,Rs./Quintal,6,177,2383.4,1988.09,2303.782857142857
Punjab,Vegetables,Onion,2024-06-26,978.54,Metric Tonnes,2437.37,Rs./Quintal,6,178,2316.17,2068.92,2350.651428571429
Punjab,Vegetables,Onion,2024-06-27,503.54,Metric Tonnes,2377.5,Rs./Quintal,6,179,2437.37,2274.57,2403.287142857143
Punjab,Vegetables,Onion,2024-06-28,1094.11,Metric Tonnes,2609.4,Rs./Quintal,6,180,2377.5,2169.87,2417.991428571429
Punjab,Vegetables,Onion,2024-06-29,884.14,Metric Tonnes,2567.13,Rs./Quintal,6,181,2609.4,2469.54,2480.781428571429
Punjab,Vegetables,Onion,2024-06-30,149.09,Metric Tonnes,2335.39,Rs./Quintal,6,182,2567.13,2772.09,2494.722857142857
Punjab,Vegetables,Onion,2024-07-01,1396.07,Metric Tonnes,2346.43,Rs./Quintal,7,183,2335.39,2383.4,2432.337142857143
Punjab,Vegetables,Onion,2024-07-02,870.9,Metric Tonnes,2431.18,Rs./Quintal,7,184,2346.43,2316.17,2427.055714285714
Punjab,Vegetables,Onion,2024-07-03,425.23,Metric Tonnes,2275.38,Rs./Quintal,7,185,2431.18,2437.37,2443.485714285714
Punjab,Vegetables,Onion,2024-07-04,497.42,Metric Tonnes,2411.12,Rs./Quintal,7,186,2275.38,2377.5,2420.344285714286
Punjab,Vegetables,Onion,2024-07-05,606.7,Metric Tonnes,2208.28,Rs./Quintal,7,187,2411.12,2609.4,2425.1471428571426
Punjab,Vegetables,Onion,2024-07-06,828.27,Metric Tonnes,2383.52,Rs./Quintal,7,188,2208.28,2567.13,2367.844285714286
Punjab,Vegetables,Onion,2024-07-07,80.0,Metric Tonnes,2853.08,Rs./Quintal,7,189,2383.52,2335.39,2341.6142857142854
Punjab,Vegetables,Onion,2024-07-08,1094.6,Metric Tonnes,2402.24,Rs./Quintal,7,190,2853.08,2346.43,2415.57
Punjab,Vegetables,Onion,2024-07-09,1107.29,Metric Tonnes,2654.93,Rs./Quintal,7,191,2402.24,2431.18,2423.542857142857
Punjab,Vegetables,Onion,2024-07-10,767.11,Metric Tonnes,2762.45,Rs./Quintal,7,192,2654.93,2275.38,2455.5071428571428
Punjab,Vegetables,Onion,2024-07-11,644.41,Metric Tonnes,2541.16,Rs./Quintal,7,193,2762.45,2411.12,2525.0885714285714
Punjab,Vegetables,Onion,2024-07-12,518.3,Metric Tonnes,2374.22,Rs./Quintal,7,194,2541.16,2208.28,2543.6657142857143
Punjab,Vegetables,Onion,2024-07-13,544.61,Metric Tonnes,2372.74,Rs./Quintal,7,195,2374.22,2383.52,2567.371428571428
Punjab,Vegetables,Onion,2024-07-14,32.02,Metric Tonnes,3279.01,Rs./Quintal,7,196,2372.74,2853.08,2565.8314285714287
Punjab,Vegetables,Onion,2024-07-15,846.99,Metric Tonnes,2294.11,Rs./Quintal,7,197,3279.01,2402.24,2626.6785714285716
Punjab,Vegetables,Onion,2024-07-16,1009.63,Metric Tonnes,2546.31,Rs./Quintal,7,198,2294.11,2654.93,2611.2314285714283
Punjab,Vegetables,Onion,2024-07-17,694.04,Metric Tonnes,2534.59,Rs./Quintal,7,199,2546.31,2762.45,2595.714285714286
Punjab,Vegetables,Onion,2024-07-18,798.15,Metric Tonnes,2520.38,Rs./Quintal,7,200,2534.59,2541.16,2563.162857142857
Punjab,Vegetables,Onion,2024-07-19,807.87,Metric Tonnes,2335.59,Rs./Quintal,7,201,2520.38,2374.22,2560.194285714286
Punjab,Vegetables,Onion,2024-07-20,645.79,Metric Tonnes,2449.63,Rs./Quintal,7,202,2335.59,2372.74,2554.675714285714
Punjab,Vegetables,Onion,2024-07-21,29.99,Metric Tonnes,3330.94,Rs./Quintal,7,203,2449.63,3279.01,2565.66
Punjab,Vegetables,Onion,2024-07-22,798.76,Metric Tonnes,2110.3,Rs./Quintal,7,204,3330.94,2294.11,2573.078571428571
Punjab,Vegetables,Onion,2024-07-23,520.34,Metric Tonnes,2227.25,Rs./Quintal,7,205,2110.3,2546.31,2546.8199999999997
Punjab,Vegetables,Onion,2024-07-24,506.48,Metric Tonnes,2356.78,Rs./Quintal,7,206,2227.25,2534.59,2501.2400000000002
Punjab,Vegetables,Onion,2024-07-25,723.96,Metric Tonnes,2481.14,Rs./Quintal,7,207,2356.78,2520.38,2475.8385714285714
Punjab,Vegetables,Onion,2024-07-26,832.99,Metric Tonnes,2373.1,Rs./Quintal,7,208,2481.14,2335.59,2470.2328571428575
Punjab,Vegetables,Onion,2024-07-27,900.44,Metric Tonnes,2328.97,Rs./Quintal,7,209,2373.1,2449.63,2475.5914285714284
Punjab,Vegetables,Onion,2024-07-28,34.81,Metric Tonnes,2905.17,Rs./Quintal,7,210,2328.97,3330.94,2458.3542857142857
Punjab,Vegetables,Onion,2024-07-29,1059.92,Metric Tonnes,2320.73,Rs./Quintal,7,211,2905.17,2110.3,2397.5299999999997
Punjab,Vegetables,Onion,2024-07-30,853.55,Metric Tonnes,2437.42,Rs./Quintal,7,212,2320.73,2227.25,2427.5914285714284
Punjab,Vegetables,Onion,2024-07-31,663.18,Metric Tonnes,2488.19,Rs./Quintal,7,213,2437.42,2356.78,2457.6157142857146
Punjab,Vegetables,Onion,2024-08-01,627.81,Metric Tonnes,2473.32,Rs./Quintal,8,214,2488.19,2481.14,2476.3885714285716
Punjab,Vegetables,Onion,2024-08-02,423.5,Metric Tonnes,2322.98,Rs./Quintal,8,215,2473.32,2373.1,2475.2714285714287
Punjab,Vegetables,Onion,2024-08-03,621.63,Metric Tonnes,2372.5,Rs./Quintal,8,216,2322.98,2328.97,2468.1114285714284
Punjab,Vegetables,Onion,2024-08-04,89.06,Metric Tonnes,2939.02,Rs./Quintal,8,217,2372.5,2905.17,2474.3300000000004
Punjab,Vegetables,Onion,2024-08-05,830.52,Metric Tonnes,2320.22,Rs./Quintal,8,218,2939.02,2320.73,2479.1657142857143
Punjab,Vegetables,Onion,2024-08-06,683.75,Metric Tonnes,2712.87,Rs./Quintal,8,219,2320.22,2437.42,2479.092857142857
Punjab,Vegetables,Onion,2024-08-07,803.66,Metric Tonnes,2639.16,Rs./Quintal,8,220,2712.87,2488.19,2518.442857142857
Punjab,Vegetables,Onion,2024-08-08,533.17,Metric Tonnes,2703.75,Rs./Quintal,8,221,2639.16,2473.32,2540.0099999999998
Punjab,Vegetables,Onion,2024-08-09,648.38,Metric Tonnes,2734.69,Rs./Quintal,8,222,2703.75,2322.98,2572.9285714285716
Punjab,Vegetables,Onion,2024-08-10,447.47,Metric Tonnes,2477.95,Rs./Quintal,8,223,2734.69,2372.5,2631.7442857142855
Punjab,Vegetables,Onion,2024-08-11,40.4,Metric Tonnes,3038.84,Rs./Quintal,8,224,2477.95,2939.02,2646.808571428571
Punjab,Vegetables,Onion,2024-08-12,1025.59,Metric Tonnes,2593.43,Rs./Quintal,8,225,3038.84,2320.22,2661.0685714285714
Punjab,Vegetables,Onion,2024-08-13,525.2,Metric Tonnes,2764.12,Rs./Quintal,8,226,2593.43,2712.87,2700.098571428571
Punjab,Vegetables,Onion,2024-08-14,613.43,Metric Tonnes,3209.24,Rs./Quintal,8,227,2764.12,2639.16,2707.4199999999996
Punjab,Vegetables,Onion,2024-08-15,587.2,Metric Tonnes,2881.35,Rs./Quintal,8,228,3209.24,2703.75,2788.86
Punjab,Vegetables,Onion,2024-08-16,725.69,Metric Tonnes,2719.88,Rs./Quintal,8,229,2881.35,2734.69,2814.2314285714283
Punjab,Vegetables,Onion,2024-08-17,503.01,Metric Tonnes,2749.29,Rs./Quintal,8,230,2719.88,2477.95,2812.1157142857146
Punjab,Vegetables,Onion,2024-08-18,38.58,Metric Tonnes,3380.73,Rs./Quintal,8,231,2749.29,3038.84,2850.878571428572
Punjab,Vegetables,Onion,2024-08-19,690.55,Metric Tonnes,2721.67,Rs./Quintal,8,232,3380.73,2593.43,2899.7200000000003
Punjab,Vegetables,Onion,2024-08-20,744.59,Metric Tonnes,2971.53,Rs./Quintal,8,233,2721.67,2764.12,2918.04
Punjab,Vegetables,Onion,2024-08-21,556.01,Metric Tonnes,3004.78,Rs./Quintal,8,234,2971.53,3209.24,2947.6700000000005
Punjab,Vegetables,Onion,2024-08-22,693.66,Metric Tonnes,3198.04,Rs./Quintal,8,235,3004.78,2881.35,2918.4614285714283
Punjab,Vegetables,Onion,2024-08-23,681.77,Metric Tonnes,3004.13,Rs./Quintal,8,236,3198.04,2719.88,2963.7028571428573
Punjab,Vegetables,Onion,2024-08-24,287.47,Metric Tonnes,3126.23,Rs./Quintal,8,237,3004.13,2749.29,3004.31
Punjab,Vegetables,Onion,2024-08-25,40.2,Metric Tonnes,3549.97,Rs./Quintal,8,238,3126.23,3380.73,3058.1585714285716
Punjab,Vegetables,Onion,2024-08-26,831.82,Metric Tonnes,3238.96,Rs./Quintal,8,239,3549.97,2721.67,3082.335714285714
Punjab,Vegetables,Onion,2024-08-27,769.88,Metric Tonnes,3471.95,Rs./Quintal,8,240,3238.96,2971.53,3156.2342857142858
Punjab,Vegetables,Onion,2024-08-28,662.9,Metric Tonnes,3366.7,Rs./Quintal,8,241,3471.95,3004.78,3227.722857142857
Punjab,Vegetables,Onion,2024-08-29,666.3,Metric Tonnes,3416.77,Rs./Quintal,8,242,3366.7,3198.04,3279.425714285714
Punjab,Vegetables,Onion,2024-08-30,792.89,Metric Tonnes,3472.46,Rs./Quintal,8,243,3416.77,3004.13,3310.672857142857
Punjab,Vegetables,Onion,2024-08-31,733.77,Metric Tonnes,3497.85,Rs./Quintal,8,244,3472.46,3126.23,3377.577142857143
Punjab,Vegetables,Onion,2024-09-01,84.25,Metric Tonnes,3361.01,Rs./Quintal,9,245,3497.85,3549.97,3430.665714285714
Punjab,Vegetables,Onion,2024-09-02,1022.65,Metric Tonnes,3268.31,Rs./Quintal,9,246,3361.01,3238.96,3403.671428571429
Punjab,Vegetables,Onion,2024-09-03,864.81,Metric Tonnes,3577.92,Rs./Quintal,9,247,3268.31,3471.95,3407.8642857142854
Punjab,Vegetables,Onion,2024-09-04,745.85,Metric Tonnes,3421.77,Rs./Quintal,9,248,3577.92,3366.7,3423.002857142857
Punjab,Vegetables,Onion,2024-09-05,719.04,Metric Tonnes,3474.53,Rs./Quintal,9,249,3421.77,3416.77,3430.87
Punjab,Vegetables,Onion,2024-09-06,789.32,Metric Tonnes,3658.3,Rs./Quintal,9,250,3474.53,3472.46,3439.121428571428
Punjab,Vegetables,Onion,2024-09-07,530.1,Metric Tonnes,3419.92,Rs./Quintal,9,251,3658.3,3497.85,3465.6700000000005
Punjab,Vegetables,Onion,2024-09-08,36.41,Metric Tonnes,3619.12,Rs./Quintal,9,252,3419.92,3361.01,3454.537142857143
Punjab,Vegetables,Onion,2024-09-09,940.99,Metric Tonnes,3077.33,Rs./Quintal,9,253,3619.12,3268.31,3491.41
Punjab,Vegetables,Onion,2024-09-10,736.31,Metric Tonnes,3242.45,Rs./Quintal,9,254,3077.33,3577.92,3464.1271428571426
Punjab,Vegetables,Onion,2024-09-11,725.99,Metric Tonnes,3495.08,Rs./Quintal,9,255,3242.45,3421.77,3416.2028571428573
Punjab,Vegetables,Onion,2024-09-12,779.58,Metric Tonnes,3605.78,Rs./Quintal,9,256,3495.08,3474.53,3426.675714285714
Punjab,Vegetables,Onion,2024-09-13,838.7,Metric Tonnes,3499.12,Rs./Quintal,9,257,3605.78,3658.3,3445.4257142857145
Punjab,Vegetables,Onion,2024-09-14,807.78,Metric Tonnes,3514.96,Rs./Quintal,9,258,3499.12,3419.92,3422.6857142857143
Punjab,Vegetables,Onion,2024-09-15,46.63,Metric Tonnes,3617.22,Rs./Quintal,9,259,3514.96,3619.12,3436.2628571428572
Punjab,Vegetables,Onion,2024-09-16,1157.7,Metric Tonnes,3639.08,Rs./Quintal,9,260,3617.22,3077.33,3435.991428571429
Punjab,Vegetables,Onion,2024-09-17,1041.09,Metric Tonnes,3810.09,Rs./Quintal,9,261,3639.08,3242.45,3516.2414285714285
Punjab,Vegetables,Onion,2024-09-18,583.95,Metric Tonnes,3747.89,Rs./Quintal,9,262,3810.09,3495.08,3597.332857142857
Punjab,Vegetables,Onion,2024-09-19,815.09,Metric Tonnes,4039.32,Rs./Quintal,9,263,3747.89,3605.78,3633.4485714285715
Punjab,Vegetables,Onion,2024-09-20,803.46,Metric Tonnes,4206.05,Rs./Quintal,9,264,4039.32,3499.12,3695.382857142857
Punjab,Vegetables,Onion,2024-09-21,848.83,Metric Tonnes,4074.61,Rs./Quintal,9,265,4206.05,3514.96,3796.3728571428574
Punjab,Vegetables,Onion,2024-09-22,49.2,Metric Tonnes,4257.72,Rs./Quintal,9,266,4074.61,3617.22,3876.3228571428567
Punjab,Vegetables,Onion,2024-09-23,1272.32,Metric Tonnes,3812.77,Rs./Quintal,9,267,4257.72,3639.08,3967.8228571428567
Punjab,Vegetables,Onion,2024-09-24,1035.16,Metric Tonnes,3960.85,Rs./Quintal,9,268,3812.77,3810.09,3992.6357142857146
Punjab,Vegetables,Onion,2024-09-25,1063.55,Metric Tonnes,3838.35,Rs./Quintal,9,269,3960.85,3747.89,4014.172857142857
Punjab,Vegetables,Onion,2024-09-26,952.09,Metric Tonnes,4008.21,Rs./Quintal,9,270,3838.35,4039.32,4027.0957142857146
Punjab,Vegetables,Onion,2024-09-27,873.73,Metric Tonnes,4101.99,Rs./Quintal,9,271,4008.21,4206.05,4022.651428571429
Punjab,Vegetables,Onion,2024-09-28,1008.52,Metric Tonnes,3641.59,Rs./Quintal,9,272,4101.99,4074.61,4007.785714285714
Punjab,Vegetables,Onion,2024-09-29,85.75,Metric Tonnes,3204.96,Rs./Quintal,9,273,3641.59,4257.72,3945.9257142857145
Punjab,Vegetables,Onion,2024-09-30,1000.09,Metric Tonnes,3903.27,Rs./Quintal,9,274,3204.96,3812.77,3795.531428571429
Punjab,Vegetables,Onion,2024-10-01,742.44,Metric Tonnes,3952.41,Rs./Quintal,10,275,3903.27,3960.85,3808.46
Punjab,Vegetables,Onion,2024-10-02,677.3,Metric Tonnes,3980.8,Rs./Quintal,10,276,3952.41,3838.35,3807.254285714286
Punjab,Vegetables,Onion,2024-10-03,578.31,Metric Tonnes,4058.88,Rs./Quintal,10,277,3980.8,4008.21,3827.6042857142857
Punjab,Vegetables,Onion,2024-10-04,573.61,Metric Tonnes,4116.59,Rs./Quintal,10,278,4058.88,4101.99,3834.842857142857
Punjab,Vegetables,Onion,2024-10-05,495.43,Metric Tonnes,4020.53,Rs./Quintal,10,279,4116.59,3641.59,3836.9285714285716
Punjab,Vegetables,Onion,2024-10-06,63.86,Metric Tonnes,4177.28,Rs./Quintal,10,280,4020.53,3204.96,3891.062857142857
Punjab,Vegetables,Onion,2024-10-07,685.53,Metric Tonnes,4157.92,Rs./Quintal,10,281,4177.28,3903.27,4029.965714285714
Punjab,Vegetables,Onion,2024-10-08,593.87,Metric Tonnes,4225.32,Rs./Quintal,10,282,4157.92,3952.41,4066.344285714285
Punjab,Vegetables,Onion,2024-10-09,595.89,Metric Tonnes,4338.98,Rs./Quintal,10,283,4225.32,3980.8,4105.331428571429
Punjab,Vegetables,Onion,2024-10-10,704.6,Metric Tonnes,4297.83,Rs./Quintal,10,284,4338.98,4058.88,4156.5
Punjab,Vegetables,Onion,2024-10-11,621.63,Metric Tonnes,4132.16,Rs./Quintal,10,285,4297.83,4116.59,4190.635714285714
Punjab,Vegetables,Onion,2024-10-12,582.67,Metric Tonnes,4148.68,Rs./Quintal,10,286,4132.16,4020.53,4192.86
Punjab,Vegetables,Onion,2024-10-13,69.53,Metric Tonnes,4312.48,Rs./Quintal,10,287,4148.68,4177.28,4211.167142857143
Punjab,Vegetables,Onion,2024-10-14,868.33,Metric Tonnes,4046.65,Rs./Quintal,10,288,4312.48,4157.92,4230.481428571428
Punjab,Vegetables,Onion,2024-10-15,528.43,Metric Tonnes,4227.75,Rs./Quintal,10,289,4046.65,4225.32,4214.585714285714
Punjab,Vegetables,Onion,2024-10-16,567.69,Metric Tonnes,4122.47,Rs./Quintal,10,290,4227.75,4338.98,4214.932857142857
Punjab,Vegetables,Onion,2024-10-17,577.9,Metric Tonnes,4244.71,Rs./Quintal,10,291,4122.47,4297.83,4184.0028571428575
Punjab,Vegetables,Onion,2024-10-18,609.9,Metric Tonnes,4069.04,Rs./Quintal,10,292,4244.71,4132.16,4176.414285714286
Punjab,Vegetables,Onion,2024-10-19,731.29,Metric Tonnes,3762.42,Rs./Quintal,10,293,4069.04,4148.68,4167.397142857143
Punjab,Vegetables,Onion,2024-10-20,57.08,Metric Tonnes,4047.49,Rs./Quintal,10,294,3762.42,4312.48,4112.217142857143
Punjab,Vegetables,Onion,2024-10-21,830.38,Metric Tonnes,3892.82,Rs./Quintal,10,295,4047.49,4046.65,4074.3614285714284
Punjab,Vegetables,Onion,2024-10-22,787.9,Metric Tonnes,3776.15,Rs./Quintal,10,296,3892.82,4227.75,4052.3857142857137
Punjab,Vegetables,Onion,2024-10-23,629.93,Metric Tonnes,3855.15,Rs./Quintal,10,297,3776.15,4122.47,3987.871428571428
Punjab,Vegetables,Onion,2024-10-24,582.96,Metric Tonnes,3974.69,Rs./Quintal,10,298,3855.15,4244.71,3949.6828571428573
Punjab,Vegetables,Onion,2024-10-25,561.82,Metric Tonnes,3934.56,Rs./Quintal,10,299,3974.69,4069.04,3911.1085714285714
Punjab,Vegetables,Onion,2024-10-26,431.38,Metric Tonnes,3937.19,Rs./Quintal,10,300,3934.56,3762.42,3891.897142857143
Punjab,Vegetables,Onion,2024-10-27,90.52,Metric Tonnes,3970.06,Rs./Quintal,10,301,3937.19,4047.49,3916.8642857142854
Punjab,Vegetables,Onion,2024-10-28,707.7,Metric Tonnes,3993.72,Rs./Quintal,10,302,3970.06,3892.82,3905.8028571428576
Punjab,Vegetables,Onion,2024-10-29,656.04,Metric Tonnes,3948.83,Rs./Quintal,10,303,3993.72,3776.15,3920.217142857143
Punjab,Vegetables,Onion,2024-10-30,618.13,Metric Tonnes,4149.37,Rs./Quintal,10,304,3948.83,3855.15,3944.8857142857146
Punjab,Vegetables,Onion,2024-10-31,280.87,Metric Tonnes,3728.59,Rs./Quintal,10,305,4149.37,3974.69,3986.9171428571426
Punjab,Vegetables,Onion,2024-11-01,532.91,Metric Tonnes,4062.33,Rs./Quintal,11,306,3728.59,3934.56,3951.7599999999998
Punjab,Vegetables,Onion,2024-11-02,740.78,Metric Tonnes,3692.83,Rs./Quintal,11,307,4062.33,3937.19,3970.012857142857
Punjab,Vegetables,Onion,2024-11-03,24.23,Metric Tonnes,4087.45,Rs./Quintal,11,308,3692.83,3970.06,3935.1042857142857
Punjab,Vegetables,Onion,2024-11-04,431.34,Metric Tonnes,3961.88,Rs./Quintal,11,309,4087.45,3993.72,3951.8742857142856
Punjab,Vegetables,Onion,2024-11-05,575.21,Metric Tonnes,4142.18,Rs./Quintal,11,310,3961.88,3948.83,3947.325714285714
Punjab,Vegetables,Onion,2024-11-06,312.82,Metric Tonnes,3949.91,Rs./Quintal,11,311,4142.18,4149.37,3974.9471428571424
Punjab,Vegetables,Onion,2024-11-07,474.5,Metric Tonnes,4216.14,Rs./Quintal,11,312,3949.91,3728.59,3946.452857142857
Punjab,Vegetables,Onion,2024-11-08,586.14,Metric Tonnes,4205.04,Rs./Quintal,11,313,4216.14,4062.33,4016.1028571428574
Punjab,Vegetables,Onion,2024-11-09,598.05,Metric Tonnes,4246.57,Rs./Quintal,11,314,4205.04,3692.83,4036.4900000000002
Punjab,Vegetables,Onion,2024-11-10,28.88,Metric Tonnes,4812.33,Rs./Quintal,11,315,4246.57,4087.45,4115.595714285714
Punjab,Vegetables,Onion,2024-11-11,901.19,Metric Tonnes,4209.65,Rs./Quintal,11,316,4812.33,3961.88,4219.15
Punjab,Vegetables,Onion,2024-11-12,595.37,Metric Tonnes,4115.35,Rs./Quintal,11,317,4209.65,4142.18,4254.545714285714
Punjab,Vegetables,Onion,2024-11-13,449.17,Metric Tonnes,3924.09,Rs./Quintal,11,318,4115.35,3949.91,4250.712857142857
Punjab,Vegetables,Onion,2024-11-14,744.33,Metric Tonnes,3660.54,Rs./Quintal,11,319,3924.09,4216.14,4247.024285714286
Punjab,Vegetables,Onion,2024-11-15,599.32,Metric Tonnes,3450.94,Rs./Quintal,11,320,3660.54,4205.04,4167.652857142857
Punjab,Vegetables,Onion,2024-11-16,336.05,Metric Tonnes,3321.2,Rs./Quintal,11,321,3450.94,4246.57,4059.9242857142854
Punjab,Vegetables,Onion,2024-11-17,28.67,Metric Tonnes,4254.62,Rs./Quintal,11,322,3321.2,4812.33,3927.7285714285717
Punjab,Vegetables,Onion,2024-11-18,648.54,Metric Tonnes,3368.13,Rs./Quintal,11,323,4254.62,4209.65,3848.055714285714
Punjab,Vegetables,Onion,2024-11-19,714.45,Metric Tonnes,3564.99,Rs./Quintal,11,324,3368.13,4115.35,3727.8385714285714
Punjab,Vegetables,Onion,2024-11-20,737.73,Metric Tonnes,3763.91,Rs./Quintal,11,325,3564.99,3924.09,3649.215714285714
Punjab,Vegetables,Onion,2024-11-21,802.62,Metric Tonnes,3437.18,Rs./Quintal,11,326,3763.91,3660.54,3626.332857142857
Punjab,Vegetables,Onion,2024-11-22,727.47,Metric Tonnes,3491.86,Rs./Quintal,11,327,3437.18,3450.94,3594.4242857142854
Punjab,Vegetables,Onion,2024-11-23,742.12,Metric Tonnes,3272.11,Rs./Quintal,11,328,3491.86,3321.2,3600.27
Punjab,Vegetables,Onion,2024-11-24,70.48,Metric Tonnes,4071.45,Rs./Quintal,11,329,3272.11,4254.62,3593.2571428571428
Punjab,Vegetables,Onion,2024-11-25,924.31,Metric Tonnes,3276.58,Rs./Quintal,11,330,4071.45,3368.13,3567.09
Punjab,Vegetables,Onion,2024-11-26,812.78,Metric Tonnes,3130.11,Rs./Quintal,11,331,3276.58,3564.99,3554.0114285714285
Punjab,Vegetables,Onion,2024-11-27,779.63,Metric Tonnes,3244.64,Rs./Quintal,11,332,3130.11,3763.91,3491.8857142857146
Punjab,Vegetables,Onion,2024-11-28,629.21,Metric Tonnes,3318.85,Rs./Quintal,11,333,3244.64,3437.18,3417.7042857142856
Punjab,Vegetables,Onion,2024-11-29,656.65,Metric Tonnes,3293.61,Rs./Quintal,11,334,3318.85,3491.86,3400.7999999999997
Punjab,Vegetables,Onion,2024-11-30,629.03,Metric Tonnes,3318.59,Rs./Quintal,11,335,3293.61,3272.11,3372.4785714285713
Punjab,Vegetables,Onion,2024-12-01,77.45,Metric Tonnes,3290.32,Rs./Quintal,12,336,3318.59,4071.45,3379.118571428571
Punjab,Vegetables,Onion,2024-12-02,775.35,Metric Tonnes,3393.58,Rs./Quintal,12,337,3290.32,3276.58,3267.528571428571
Punjab,Vegetables,Onion,2024-12-03,613.5,Metric Tonnes,3466.32,Rs./Quintal,12,338,3393.58,3130.11,3284.2428571428572
Punjab,Vegetables,Onion,2024-12-04,441.53,Metric Tonnes,3459.16,Rs./Quintal,12,339,3466.32,3244.64,3332.272857142857
Punjab,Vegetables,Onion,2024-12-05,368.67,Metric Tonnes,3490.71,Rs./Quintal,12,340,3459.16,3318.85,3362.9185714285713
Punjab,Vegetables,Onion,2024-12-06,565.69,Metric Tonnes,3550.57,Rs./Quintal,12,341,3490.71,3293.61,3387.4700000000003
Punjab,Vegetables,Onion,2024-12-07,542.18,Metric Tonnes,3455.17,Rs./Quintal,12,342,3550.57,3318.59,3424.1785714285716
Punjab,Vegetables,Onion,2024-12-08,34.61,Metric Tonnes,3852.67,Rs./Quintal,12,343,3455.17,3290.32,3443.69
Punjab,Vegetables,Onion,2024-12-09,856.01,Metric Tonnes,3070.43,Rs./Quintal,12,344,3852.67,3393.58,3524.0257142857145
Punjab,Vegetables,Onion,2024-12-10,728.75,Metric Tonnes,3288.21,Rs./Quintal,12,345,3070.43,3466.32,3477.8614285714284
Punjab,Vegetables,Onion,2024-12-11,576.37,Metric Tonnes,3336.27,Rs./Quintal,12,346,3288.21,3459.16,3452.417142857143
Punjab,Vegetables,Onion,2024-12-12,635.82,Metric Tonnes,3293.12,Rs./Quintal,12,347,3336.27,3490.71,3434.8614285714284
Punjab,Vegetables,Onion,2024-12-13,970.66,Metric Tonnes,3102.81,Rs./Quintal,12,348,3293.12,3550.57,3406.634285714286
Punjab,Vegetables,Onion,2024-12-14,678.53,Metric Tonnes,3327.42,Rs./Quintal,12,349,3102.81,3455.17,3342.6685714285713
Punjab,Vegetables,Onion,2024-12-15,42.4,Metric Tonnes,3806.25,Rs./Quintal,12,350,3327.42,3852.67,3324.4185714285713
Punjab,Vegetables,Onion,2024-12-16,1077.58,Metric Tonnes,3112.94,Rs./Quintal,12,351,3806.25,3070.43,3317.787142857143
Punjab,Vegetables,Onion,2024-12-17,859.04,Metric Tonnes,3105.34,Rs./Quintal,12,352,3112.94,3288.21,3323.86
Punjab,Vegetables,Onion,2024-12-18,972.8,Metric Tonnes,2773.97,Rs./Quintal,12,353,3105.34,3336.27,3297.735714285714
Punjab,Vegetables,Onion,2024-12-19,973.13,Metric Tonnes,2592.96,Rs./Quintal,12,354,2773.97,3293.12,3217.407142857143
Punjab,Vegetables,Onion,2024-12-20,959.35,Metric Tonnes,2304.86,Rs./Quintal,12,355,2592.96,3102.81,3117.3842857142854
Punjab,Vegetables,Onion,2024-12-21,856.69,Metric Tonnes,2102.39,Rs./Quintal,12,356,2304.86,3327.42,3003.3914285714286
Punjab,Vegetables,Onion,2024-12-22,82.95,Metric Tonnes,3049.67,Rs./Quintal,12,357,2102.39,3806.25,2828.387142857143
Punjab,Vegetables,Onion,2024-12-23,974.96,Metric Tonnes,1757.58,Rs./Quintal,12,358,3049.67,3112.94,2720.304285714286
Punjab,Vegetables,Onion,2024-12-24,805.61,Metric Tonnes,1948.71,Rs./Quintal,12,359,1757.58,3105.34,2526.6814285714286
Punjab,Vegetables,Onion,2024-12-25,822.75,Metric Tonnes,1801.34,Rs./Quintal,12,360,1948.71,2773.97,2361.4485714285715
Punjab,Vegetables,Onion,2024-12-26,825.67,Metric Tonnes,1800.29,Rs./Quintal,12,361,1801.34,2592.96,2222.5014285714287
Punjab,Vegetables,Onion,2024-12-27,648.2,Metric Tonnes,1756.89,Rs./Quintal,12,362,1800.29,2304.86,2109.2628571428572
Punjab,Vegetables,Onion,2024-12-28,286.77,Metric Tonnes,1745.83,Rs./Quintal,12,363,1756.89,2102.39,2030.9814285714285
Punjab,Vegetables,Onion,2024-12-29,22.43,Metric Tonnes,2458.98,Rs./Quintal,12,364,1745.83,3049.67,1980.044285714286
Punjab,Vegetables,Onion,2024-12-30,265.02,Metric Tonnes,1853.12,Rs./Quintal,12,365,2458.98,1757.58,1895.66
Punjab,Vegetables,Onion,2024-12-31,898.8,Metric Tonnes,2095.0,Rs./Quintal,12,366,1853.12,1948.71,1909.3085714285714
Punjab,Vegetables,Onion,2025-01-01,553.88,Metric Tonnes,2215.43,Rs./Quintal,1,1,2095.0,1801.34,1930.2071428571428
Punjab,Vegetables,Onion,2025-01-02,415.57,Metric Tonnes,2301.04,Rs./Quintal,1,2,2215.43,1800.29,1989.362857142857
Punjab,Vegetables,Onion,2025-01-03,710.18,Metric Tonnes,2177.82,Rs./Quintal,1,3,2301.04,1756.89,2060.8985714285714
Punjab,Vegetables,Onion,2025-01-04,316.3,Metric Tonnes,2285.42,Rs./Quintal,1,4,2177.82,1745.83,2121.031428571429
Punjab,Vegetables,Onion,2025-01-05,27.85,Metric Tonnes,2617.59,Rs./Quintal,1,5,2285.42,2458.98,2198.115714285714
Punjab,Vegetables,Onion,2025-01-06,1123.93,Metric Tonnes,1993.44,Rs./Quintal,1,6,2617.59,1853.12,2220.7742857142857
Punjab,Vegetables,Onion,2025-01-07,922.45,Metric Tonnes,2108.94,Rs./Quintal,1,7,1993.44,2095.0,2240.82
Punjab,Vegetables,Onion,2025-01-08,598.35,Metric Tonnes,2204.63,Rs./Quintal,1,8,2108.94,2215.43,2242.8114285714287
Punjab,Vegetables,Onion,2025-01-09,1032.06,Metric Tonnes,1942.25,Rs./Quintal,1,9,2204.63,2301.04,2241.2685714285717
Punjab,Vegetables,Onion,2025-01-10,785.87,Metric Tonnes,2082.11,Rs./Quintal,1,10,1942.25,2177.82,2190.0128571428572
Punjab,Vegetables,Onion,2025-01-11,475.17,Metric Tonnes,2056.1,Rs./Quintal,1,11,2082.11,2285.42,2176.34
Punjab,Vegetables,Onion,2025-01-12,90.35,Metric Tonnes,2557.78,Rs./Quintal,1,12,2056.1,2617.59,2143.58
Punjab,Vegetables,Onion,2025-01-13,638.04,Metric Tonnes,2049.9,Rs./Quintal,1,13,2557.78,1993.44,2135.035714285714
Punjab,Vegetables,Onion,2025-01-14,780.83,Metric Tonnes,2075.7,Rs./Quintal,1,14,2049.9,2108.94,2143.1014285714286
Punjab,Vegetables,Onion,2025-01-15,850.12,Metric Tonnes,2060.08,Rs./Quintal,1,15,2075.7,2204.63,2138.3528571428574
Punjab,Vegetables,Onion,2025-01-16,851.63,Metric Tonnes,1855.63,Rs./Quintal,1,16,2060.08,1942.25,2117.7028571428573
Punjab,Vegetables,Onion,2025-01-17,416.54,Metric Tonnes,1955.29,Rs./Quintal,1,17,1855.63,2082.11,2105.328571428571
Punjab,Vegetables,Onion,2025-01-18,719.01,Metric Tonnes,1973.49,Rs./Quintal,1,18,1955.29,2056.1,2087.2114285714283
Punjab,Vegetables,Onion,2025-01-19,59.35,Metric Tonnes,2362.72,Rs./Quintal,1,19,1973.49,2557.78,2075.4100000000003
Punjab,Vegetables,Onion,2025-01-20,1062.43,Metric Tonnes,1837.42,Rs./Quintal,1,20,2362.72,2049.9,2047.5442857142857
Punjab,Vegetables,Onion,2025-01-21,841.97,Metric Tonnes,2001.38,Rs./Quintal,1,21,1837.42,2075.7,2017.19
Punjab,Vegetables,Onion,2025-01-22,675.43,Metric Tonnes,2149.53,Rs./Quintal,1,22,2001.38,2060.08,2006.572857142857
Punjab,Vegetables,Onion,2025-01-23,760.62,Metric Tonnes,2097.52,Rs./Quintal,1,23,2149.53,1855.63,2019.3514285714284
Punjab,Vegetables,Onion,2025-01-24,493.34,Metric Tonnes,1953.65,Rs./Quintal,1,24,2097.52,1955.29,2053.907142857143
Punjab,Vegetables,Onion,2025-01-25,599.2,Metric Tonnes,1846.13,Rs./Quintal,1,25,1953.65,1973.49,2053.672857142857
Punjab,Vegetables,Onion,2025-01-26,29.7,Metric Tonnes,2289.02,Rs./Quintal,1,26,1846.13,2362.72,2035.4785714285715
Punjab,Vegetables,Onion,2025-01-27,843.95,Metric Tonnes,2014.14,Rs./Quintal,1,27,2289.02,1837.42,2024.9500000000003
Punjab,Vegetables,Onion,2025-01-28,798.5,Metric Tonnes,2015.04,Rs./Quintal,1,28,2014.14,2001.38,2050.1957142857145
Punjab,Vegetables,Onion,2025-01-29,658.45,Metric Tonnes,2106.95,Rs./Quintal,1,29,2015.04,2149.53,2052.147142857143
Punjab,Vegetables,Onion,2025-01-30,706.41,Metric Tonnes,2035.81,Rs./Quintal,1,30,2106.95,2097.52,2046.064285714286
Punjab,Vegetables,Onion,2025-01-31,677.25,Metric Tonnes,1941.64,Rs./Quintal,1,31,2035.81,1953.65,2037.2485714285715
Punjab,Vegetables,Onion,2025-02-01,448.09,Metric Tonnes,1994.52,Rs./Quintal,2,32,1941.64,1846.13,2035.5328571428574
Punjab,Vegetables,Onion,2025-02-02,30.05,Metric Tonnes,2342.26,Rs./Quintal,2,33,1994.52,2289.02,2056.7314285714283
Punjab,Vegetables,Onion,2025-02-03,1771.1,Metric Tonnes,1587.59,Rs./Quintal,2,34,2342.26,2014.14,2064.337142857143
Punjab,Vegetables,Onion,2025-02-04,757.67,Metric Tonnes,2077.7,Rs./Quintal,2,35,1587.59,2015.04,2003.4014285714286
Punjab,Vegetables,Onion,2025-02-05,576.82,Metric Tonnes,2155.66,Rs./Quintal,2,36,2077.7,2106.95,2012.3528571428574
Punjab,Vegetables,Onion,2025-02-06,755.66,Metric Tonnes,2144.3,Rs./Quintal,2,37,2155.66,2035.81,2019.3114285714287
Punjab,Vegetables,Onion,2025-02-07,741.06,Metric Tonnes,1982.38,Rs./Quintal,2,38,2144.3,1941.64,2034.8100000000002
Punjab,Vegetables,Onion,2025-02-08,709.54,Metric Tonnes,2017.46,Rs./Quintal,2,39,1982.38,1994.52,2040.6299999999999
Punjab,Vegetables,Onion,2025-02-09,54.25,Metric Tonnes,2230.12,Rs./Quintal,2,40,2017.46,2342.26,2043.907142857143
Punjab,Vegetables,Onion,2025-02-10,879.41,Metric Tonnes,1999.62,Rs./Quintal,2,41,2230.12,1587.59,2027.8871428571426
Punjab,Vegetables,Onion,2025-02-11,666.7,Metric Tonnes,2107.74,Rs./Quintal,2,42,1999.62,2077.7,2086.7485714285717
Punjab,Vegetables,Onion,2025-02-12,441.24,Metric Tonnes,1912.61,Rs./Quintal,2,43,2107.74,2155.66,2091.04
Punjab,Vegetables,Onion,2025-02-13,749.4,Metric Tonnes,2229.39,Rs./Quintal,2,44,1912.61,2144.3,2056.3185714285714
Punjab,Vegetables,Onion,2025-02-14,789.38,Metric Tonnes,2236.48,Rs./Quintal,2,45,2229.39,1982.38,2068.4742857142855
Punjab,Vegetables,Onion,2025-02-15,598.43,Metric Tonnes,2459.83,Rs./Quintal,2,46,2236.48,2017.46,2104.7742857142857
Punjab,Vegetables,Onion,2025-02-16,35.85,Metric Tonnes,2393.67,Rs./Quintal,2,47,2459.83,2230.12,2167.97
Punjab,Vegetables,Onion,2025-02-17,1119.68,Metric Tonnes,2384.7,Rs./Quintal,2,48,2393.67,1999.62,2191.3342857142857
Punjab,Vegetables,Onion,2025-02-18,905.44,Metric Tonnes,2538.62,Rs./Quintal,2,49,2384.7,2107.74,2246.345714285714
Punjab,Vegetables,Onion,2025-02-19,856.87,Metric Tonnes,2205.36,Rs./Quintal,2,50,2538.62,1912.61,2307.9
Punjab,Vegetables,Onion,2025-02-20,663.12,Metric Tonnes,2296.47,Rs./Quintal,2,51,2205.36,2229.39,2349.7214285714285
Punjab,Vegetables,Onion,2025-02-21,1096.34,Metric Tonnes,2121.1,Rs./Quintal,2,52,2296.47,2236.48,2359.304285714286
Punjab,Vegetables,Onion,2025-02-22,484.83,Metric Tonnes,2186.92,Rs./Quintal,2,53,2121.1,2459.83,2342.8214285714284
Punjab,Vegetables,Onion,2025-02-23,59.3,Metric Tonnes,2584.49,Rs./Quintal,2,54,2186.92,2393.67,2303.8342857142857
Punjab,Vegetables,Onion,2025-02-24,1026.25,Metric Tonnes,2265.36,Rs./Quintal,2,55,2584.49,2384.7,2331.094285714286
Punjab,Vegetables,Onion,2025-02-25,826.57,Metric Tonnes,2318.25,Rs./Quintal,2,56,2265.36,2538.62,2314.0457142857144
Punjab,Vegetables,Onion,2025-02-26,718.91,Metric Tonnes,2205.16,Rs./Quintal,2,57,2318.25,2205.36,2282.5642857142857
Punjab,Vegetables,Onion,2025-02-27,949.53,Metric Tonnes,2172.31,Rs./Quintal,2,58,2205.16,2296.47,2282.535714285714
Punjab,Vegetables,Onion,2025-02-28,870.88,Metric Tonnes,2252.99,Rs./Quintal,2,59,2172.31,2121.1,2264.7985714285714
Punjab,Vegetables,Onion,2025-03-01,807.26,Metric Tonnes,2273.37,Rs./Quintal,3,60,2252.99,2186.92,2283.64
Punjab,Vegetables,Onion,2025-03-02,41.95,Metric Tonnes,2510.61,Rs./Quintal,3,61,2273.37,2584.49,2295.99
Punjab,Vegetables,Onion,2025-03-03,1099.25,Metric Tonnes,2152.81,Rs./Quintal,3,62,2510.61,2265.36,2285.4357142857143
Punjab,Vegetables,Onion,2025-03-04,813.01,Metric Tonnes,2010.07,Rs./Quintal,3,63,2152.81,2318.25,2269.3571428571427
Punjab,Vegetables,Onion,2025-03-05,328.03,Metric Tonnes,2309.05,Rs./Quintal,3,64,2010.07,2205.16,2225.3314285714287
Punjab,Vegetables,Onion,2025-03-06,671.54,Metric Tonnes,2228.16,Rs./Quintal,3,65,2309.05,2172.31,2240.172857142857
Punjab,Vegetables,Onion,2025-03-07,1307.31,Metric Tonnes,2031.97,Rs./Quintal,3,66,2228.16,2252.99,2248.1514285714284
Punjab,Vegetables,Onion,2025-03-08,733.14,Metric Tonnes,1861.92,Rs./Quintal,3,67,2031.97,2273.37,2216.577142857143
Punjab,Vegetables,Onion,2025-03-09,42.9,Metric Tonnes,2257.93,Rs./Quintal,3,68,1861.92,2510.61,2157.7985714285714
Punjab,Vegetables,Onion,2025-03-10,1561.42,Metric Tonnes,1954.19,Rs./Quintal,3,69,2257.93,2152.81,2121.7014285714286
Punjab,Vegetables,Onion,2025-03-11,1164.46,Metric Tonnes,2019.31,Rs./Quintal,3,70,1954.19,2010.07,2093.327142857143
Punjab,Vegetables,Onion,2025-03-12,934.84,Metric Tonnes,1857.22,Rs./Quintal,3,71,2019.31,2309.05,2094.6471428571426
Punjab,Vegetables,Onion,2025-03-13,1109.21,Metric Tonnes,1871.63,Rs./Quintal,3,72,1857.22,2228.16,2030.1000000000001
Punjab,Vegetables,Onion,2025-03-14,891.23,Metric Tonnes,1767.5,Rs./Quintal,3,73,1871.63,2031.97,1979.1671428571428
Punjab,Vegetables,Onion,2025-03-15,898.63,Metric Tonnes,1776.58,Rs./Quintal,3,74,1767.5,1861.92,1941.3857142857141
Punjab,Vegetables,Onion,2025-03-16,44.4,Metric Tonnes,2240.54,Rs./Quintal,3,75,1776.58,2257.93,1929.1942857142856
Punjab,Vegetables,Onion,2025-03-17,984.03,Metric Tonnes,1805.85,Rs./Quintal,3,76,2240.54,1954.19,1926.7100000000003
Punjab,Vegetables,Onion,2025-03-18,1188.28,Metric Tonnes,1761.52,Rs./Quintal,3,77,1805.85,2019.31,1905.5185714285715
Punjab,Vegetables,Onion,2025-03-19,1033.67,Metric Tonnes,1743.47,Rs./Quintal,3,78,1761.52,1857.22,1868.6914285714286
Punjab,Vegetables,Onion,2025-03-20,970.68,Metric Tonnes,1568.24,Rs./Quintal,3,79,1743.47,1871.63,1852.4414285714286
Punjab,Vegetables,Onion,2025-03-21,1099.31,Metric Tonnes,1531.44,Rs./Quintal,3,80,1568.24,1767.5,1809.1000000000001
Punjab,Vegetables,Onion,2025-03-22,1041.11,Metric Tonnes,1588.84,Rs./Quintal,3,81,1531.44,1776.58,1775.377142857143
Punjab,Vegetables,Onion,2025-03-23,48.75,Metric Tonnes,2116.0,Rs./Quintal,3,82,1588.84,2240.54,1748.5571428571432
Punjab,Vegetables,Onion,2025-03-24,1361.37,Metric Tonnes,1643.95,Rs./Quintal,3,83,2116.0,1805.85,1730.7657142857145
Punjab,Vegetables,Onion,2025-03-25,1158.26,Metric Tonnes,1516.64,Rs./Quintal,3,84,1643.95,1761.52,1707.6371428571426
Punjab,Vegetables,Onion,2025-03-26,1146.1,Metric Tonnes,1520.41,Rs./Quintal,3,85,1516.64,1743.47,1672.6542857142854
Punjab,Vegetables,Onion,2025-03-27,1209.32,Metric Tonnes,1394.58,Rs./Quintal,3,86,1520.41,1568.24,1640.7885714285715
Punjab,Vegetables,Onion,2025-03-28,1121.59,Metric Tonnes,1351.69,Rs./Quintal,3,87,1394.58,1531.44,1615.98
Punjab,Vegetables,Onion,2025-03-29,218.29,Metric Tonnes,1703.7,Rs./Quintal,3,88,1351.69,1588.84,1590.3014285714285
Punjab,Vegetables,Onion,2025-03-30,19.25,Metric Tonnes,1957.01,Rs./Quintal,3,89,1703.7,2116.0,1606.7099999999998
Punjab,Vegetables,Onion,2025-03-31,496.98,Metric Tonnes,1699.01,Rs./Quintal,3,90,1957.01,1643.95,1583.997142857143
Punjab,Vegetables,Onion,2025-04-01,939.69,Metric Tonnes,1432.31,Rs./Quintal,4,91,1699.01,1516.64,1591.8628571428574
Punjab,Vegetables,Onion,2025-04-02,636.66,Metric Tonnes,1532.72,Rs./Quintal,4,92,1432.31,1520.41,1579.8157142857144
Punjab,Vegetables,Onion,2025-04-03,855.89,Metric Tonnes,1344.52,Rs./Quintal,4,93,1532.72,1394.58,1581.5742857142855
Punjab,Vegetables,Onion,2025-04-04,1280.78,Metric Tonnes,1382.34,Rs./Quintal,4,94,1344.52,1351.69,1574.422857142857
Punjab,Vegetables,Onion,2025-04-05,938.9,Metric Tonnes,1384.8,Rs./Quintal,4,95,1382.34,1703.7,1578.8014285714287
Punjab,Vegetables,Onion,2025-04-06,50.0,Metric Tonnes,1719.4,Rs./Quintal,4,96,1384.8,1957.01,1533.2442857142855
Punjab,Vegetables,Onion,2025-04-07,1408.76,Metric Tonnes,1255.63,Rs./Quintal,4,97,1719.4,1699.01,1499.3
Punjab,Vegetables,Onion,2025-04-08,1240.2,Metric Tonnes,1359.84,Rs./Quintal,4,98,1255.63,1432.31,1435.9599999999998
Punjab,Vegetables,Onion,2025-04-09,747.38,Metric Tonnes,1414.61,Rs./Quintal,4,99,1359.84,1532.72,1425.607142857143
Punjab,Vegetables,Onion,2025-04-10,2088.18,Metric Tonnes,1239.64,Rs./Quintal,4,100,1414.61,1344.52,1408.734285714286
Punjab,Vegetables,Onion,2025-04-11,1287.53,Metric Tonnes,1288.1,Rs./Quintal,4,101,1239.64,1382.34,1393.7514285714285
Punjab,Vegetables,Onion,2025-04-12,867.48,Metric Tonnes,1234.81,Rs./Quintal,4,102,1288.1,1384.8,1380.2885714285715
Punjab,Vegetables,Onion,2025-04-13,48.11,Metric Tonnes,2017.83,Rs./Quintal,4,103,1234.81,1719.4,1358.8614285714286
Punjab,Vegetables,Onion,2025-04-14,1526.73,Metric Tonnes,1221.75,Rs./Quintal,4,104,2017.83,1255.63,1401.4942857142855
Punjab,Vegetables,Onion,2025-04-15,1641.02,Metric Tonnes,1233.93,Rs./Quintal,4,105,1221.75,1359.84,1396.6542857142854
Punjab,Vegetables,Onion,2025-04-16,1188.97,Metric Tonnes,1140.97,Rs./Quintal,4,106,1233.93,1414.61,1378.6671428571426
Punjab,Vegetables,Onion,2025-04-17,1016.99,Metric Tonnes,1104.42,Rs./Quintal,4,107,1140.97,1239.64,1339.5757142857144
Punjab,Vegetables,Onion,2025-04-18,1154.45,Metric Tonnes,1129.33,Rs./Quintal,4,108,1104.42,1288.1,1320.2585714285713
Punjab,Vegetables,Onion,2025-04-19,1019.65,Metric Tonnes,1154.56,Rs./Quintal,4,109,1129.33,1234.81,1297.5771428571427
Punjab,Vegetables,Onion,2025-04-20,49.85,Metric Tonnes,1486.36,Rs./Quintal,4,110,1154.56,2017.83,1286.1128571428574
Punjab,Vegetables,Onion,2025-04-21,1813.58,Metric Tonnes,1090.06,Rs./Quintal,4,111,1486.36,1221.75,1210.1885714285713
Punjab,Vegetables,Onion,2025-04-22,1563.67,Metric Tonnes,1071.55,Rs./Quintal,4,112,1090.06,1233.93,1191.3757142857141
Punjab,Vegetables,Onion,2025-04-23,1636.39,Metric Tonnes,1022.0,Rs./Quintal,4,113,1071.55,1140.97,1168.1785714285713
Punjab,Vegetables,Onion,2025-04-24,1219.29,Metric Tonnes,1109.55,Rs./Quintal,4,114,1022.0,1104.42,1151.1828571428573
Punjab,Vegetables,Onion,2025-04-25,1487.15,Metric Tonnes,1078.04,Rs./Quintal,4,115,1109.55,1129.33,1151.9157142857143
Punjab,Vegetables,Onion,2025-04-26,1642.77,Metric Tonnes,1034.42,Rs./Quintal,4,116,1078.04,1154.56,1144.5885714285714
Punjab,Vegetables,Onion,2025-04-27,88.95,Metric Tonnes,1344.58,Rs./Quintal,4,117,1034.42,1486.36,1127.4257142857143
Punjab,Vegetables,Onion,2025-04-28,1660.62,Metric Tonnes,1030.18,Rs./Quintal,4,118,1344.58,1090.06,1107.1714285714286
Punjab,Vegetables,Onion,2025-04-29,1266.43,Metric Tonnes,971.46,Rs./Quintal,4,119,1030.18,1071.55,1098.6171428571429
Punjab,Vegetables,Onion,2025-04-30,1247.34,Metric Tonnes,1002.04,Rs./Quintal,4,120,971.46,1022.0,1084.3185714285714
Punjab,Vegetables,Onion,2025-05-01,1768.72,Metric Tonnes,1004.89,Rs./Quintal,5,121,1002.04,1109.55,1081.4671428571428
Punjab,Vegetables,Onion,2025-05-02,1100.24,Metric Tonnes,1069.25,Rs./Quintal,5,122,1004.89,1078.04,1066.5157142857145
Punjab,Vegetables,Onion,2025-05-03,868.99,Metric Tonnes,1018.04,Rs./Quintal,5,123,1069.25,1034.42,1065.26
Punjab,Vegetables,Onion,2025-05-04,54.48,Metric Tonnes,1312.63,Rs./Quintal,5,124,1018.04,1344.58,1062.92
Punjab,Vegetables,Onion,2025-05-05,1846.95,Metric Tonnes,912.04,Rs./Quintal,5,125,1312.63,1030.18,1058.3557142857142
Punjab,Vegetables,Onion,2025-05-06,1674.02,Metric Tonnes,1059.09,Rs./Quintal,5,126,912.04,971.46,1041.4785714285715
Punjab,Vegetables,Onion,2025-05-07,994.47,Metric Tonnes,1162.64,Rs./Quintal,5,127,1059.09,1002.04,1053.9971428571428
Punjab,Vegetables,Onion,2025-05-08,1202.39,Metric Tonnes,1148.27,Rs./Quintal,5,128,1162.64,1004.89,1076.94
Punjab,Vegetables,Onion,2025-05-09,1860.1,Metric Tonnes,1133.77,Rs./Quintal,5,129,1148.27,1069.25,1097.422857142857
Punjab,Vegetables,Onion,2025-05-10,2071.56,Metric Tonnes,1163.69,Rs./Quintal,5,130,1133.77,1018.04,1106.6399999999999
Punjab,Vegetables,Onion,2025-05-11,50.36,Metric Tonnes,1325.87,Rs./Quintal,5,131,1163.69,1312.63,1127.447142857143
Punjab,Vegetables,Onion,2025-05-12,3110.23,Metric Tonnes,1120.61,Rs./Quintal,5,132,1325.87,912.04,1129.3385714285712
Punjab,Vegetables,Onion,2025-05-13,1931.79,Metric Tonnes,1113.05,Rs./Quintal,5,133,1120.61,1059.09,1159.1342857142859
Punjab,Vegetables,Onion,2025-05-14,1219.8,Metric Tonnes,1080.2,Rs./Quintal,5,134,1113.05,1162.64,1166.8428571428572
Punjab,Vegetables,Onion,2025-05-15,1407.08,Metric Tonnes,1114.33,Rs./Quintal,5,135,1080.2,1148.27,1155.0657142857142
Punjab,Vegetables,Onion,2025-05-16,1492.82,Metric Tonnes,1063.11,Rs./Quintal,5,136,1114.33,1133.77,1150.217142857143
Punjab,Vegetables,Onion,2025-05-17,735.96,Metric Tonnes,1099.76,Rs./Quintal,5,137,1063.11,1163.69,1140.1228571428571
Punjab,Vegetables,Onion,2025-05-18,49.95,Metric Tonnes,1327.13,Rs./Quintal,5,138,1099.76,1325.87,1130.99
Punjab,Vegetables,Onion,2025-05-19,1134.64,Metric Tonnes,1074.3,Rs./Quintal,5,139,1327.13,1120.61,1131.1699999999998
Punjab,Vegetables,Onion,2025-05-20,1752.18,Metric Tonnes,1085.9,Rs./Quintal,5,140,1074.3,1113.05,1124.5542857142857
Punjab,Vegetables,Onion,2025-05-21,1418.3,Metric Tonnes,1026.02,Rs./Quintal,5,141,1085.9,1080.2,1120.6757142857143
Punjab,Vegetables,Onion,2025-05-22,1565.56,Metric Tonnes,996.53,Rs./Quintal,5,142,1026.02,1114.33,1112.935714285714
Punjab,Vegetables,Onion,2025-05-23,849.71,Metric Tonnes,1142.93,Rs./Quintal,5,143,996.53,1063.11,1096.107142857143
Punjab,Vegetables,Onion,2025-05-24,665.88,Metric Tonnes,1102.24,Rs./Quintal,5,144,1142.93,1099.76,1107.51
Punjab,Vegetables,Onion,2025-05-25,78.5,Metric Tonnes,1241.46,Rs./Quintal,5,145,1102.24,1327.13,1107.8642857142856
Punjab,Vegetables,Onion,2025-05-26,2598.57,Metric Tonnes,981.99,Rs./Quintal,5,146,1241.46,1074.3,1095.6257142857144
Punjab,Vegetables,Onion,2025-05-27,811.12,Metric Tonnes,1028.97,Rs./Quintal,5,147,981.99,1085.9,1082.4385714285713
Punjab,Vegetables,Onion,2025-05-28,923.27,Metric Tonnes,998.75,Rs./Quintal,5,148,1028.97,1026.02,1074.3057142857144
Punjab,Vegetables,Onion,2025-05-29,912.67,Metric Tonnes,1091.11,Rs./Quintal,5,149,998.75,996.53,1070.41
Punjab,Vegetables,Onion,2025-05-30,594.39,Metric Tonnes,1087.0,Rs./Quintal,5,150,1091.11,1142.93,1083.9214285714286
Punjab,Vegetables,Onion,2025-05-31,845.62,Metric Tonnes,1045.41,Rs./Quintal,5,151,1087.0,1102.24,1075.9314285714286
Punjab,Vegetables,Onion,2025-06-01,38.89,Metric Tonnes,1249.45,Rs./Quintal,6,152,1045.41,1241.46,1067.8128571428572
Punjab,Vegetables,Onion,2025-06-02,1712.65,Metric Tonnes,951.74,Rs./Quintal,6,153,1249.45,981.99,1068.9542857142858
Punjab,Vegetables,Onion,2025-06-03,1415.53,Metric Tonnes,1019.93,Rs./Quintal,6,154,951.74,1028.97,1064.6328571428571
Punjab,Vegetables,Onion,2025-06-04,1154.04,Metric Tonnes,1053.6,Rs./Quintal,6,155,1019.93,998.75,1063.3414285714284
Punjab,Vegetables,Onion,2025-06-05,1172.67,Metric Tonnes,1077.93,Rs./Quintal,6,156,1053.6,1091.11,1071.1771428571428
Punjab,Vegetables,Onion,2025-06-06,875.91,Metric Tonnes,1089.86,Rs./Quintal,6,157,1077.93,1087.0,1069.2942857142857
Punjab,Vegetables,Onion,2025-06-07,897.66,Metric Tonnes,1071.31,Rs./Quintal,6,158,1089.86,1045.41,1069.702857142857
Punjab,Vegetables,Onion,2025-06-08,45.8,Metric Tonnes,1045.2,Rs./Quintal,6,159,1071.31,1249.45,1073.402857142857
Punjab,Vegetables,Onion,2025-06-09,1156.06,Metric Tonnes,1024.8,Rs./Quintal,6,160,1045.2,951.74,1044.2242857142858
Punjab,Vegetables,Onion,2025-06-10,793.95,Metric Tonnes,1090.88,Rs./Quintal,6,161,1024.8,1019.93,1054.6614285714284
Punjab,Vegetables,Onion,2025-06-11,1073.8,Metric Tonnes,1075.32,Rs./Quintal,6,162,1090.88,1053.6,1064.797142857143
Punjab,Vegetables,Onion,2025-06-12,1113.05,Metric Tonnes,986.36,Rs./Quintal,6,163,1075.32,1077.93,1067.9
Punjab,Vegetables,Onion,2025-06-13,1105.84,Metric Tonnes,1036.23,Rs./Quintal,6,164,986.36,1089.86,1054.8185714285714
Punjab,Vegetables,Onion,2025-06-14,540.93,Metric Tonnes,1119.51,Rs./Quintal,6,165,1036.23,1071.31,1047.1571428571428
Punjab,Vegetables,Onion,2025-06-15,41.0,Metric Tonnes,1256.83,Rs./Quintal,6,166,1119.51,1045.2,1054.0428571428572
Punjab,Vegetables,Onion,2025-06-16,1497.11,Metric Tonnes,1074.56,Rs./Quintal,6,167,1256.83,1024.8,1084.2757142857142
Punjab,Vegetables,Onion,2025-06-17,1103.74,Metric Tonnes,1105.92,Rs./Quintal,6,168,1074.56,1090.88,1091.3842857142856
Punjab,Vegetables,Onion,2025-06-18,915.53,Metric Tonnes,1131.52,Rs./Quintal,6,169,1105.92,1075.32,1093.532857142857
Punjab,Vegetables,Onion,2025-06-19,984.08,Metric Tonnes,1143.47,Rs./Quintal,6,170,1131.52,986.36,1101.5614285714285
Punjab,Vegetables,Onion,2025-06-20,1254.34,Metric Tonnes,1056.68,Rs./Quintal,6,171,1143.47,1036.23,1124.0057142857142
Punjab,Vegetables,Onion,2025-06-21,963.12,Metric Tonnes,1210.69,Rs./Quintal,6,172,1056.68,1119.51,1126.9271428571428
Punjab,Vegetables,Onion,2025-06-22,69.64,Metric Tonnes,1156.55,Rs./Quintal,6,173,1210.69,1256.83,1139.952857142857
Punjab,Vegetables,Onion,2025-06-23,1082.87,Metric Tonnes,1170.52,Rs./Quintal,6,174,1156.55,1074.56,1125.6271428571429
Punjab,Vegetables,Onion,2025-06-24,756.27,Metric Tonnes,1186.13,Rs./Quintal,6,175,1170.52,1105.92,1139.3357142857144
Punjab,Vegetables,Onion,2025-06-25,886.62,Metric Tonnes,1265.8,Rs./Quintal,6,176,1186.13,1131.52,1150.7942857142857
Punjab,Vegetables,Onion,2025-06-26,815.7,Metric Tonnes,1241.15,Rs./Quintal,6,177,1265.8,1143.47,1169.9771428571428
Punjab,Vegetables,Onion,2025-06-27,996.68,Metric Tonnes,1262.5,Rs./Quintal,6,178,1241.15,1056.68,1183.9314285714286
Punjab,Vegetables,Onion,2025-06-28,596.95,Metric Tonnes,1260.5,Rs./Quintal,6,179,1262.5,1210.69,1213.3342857142857
Punjab,Vegetables,Onion,2025-06-29,49.9,Metric Tonnes,1582.97,Rs./Quintal,6,180,1260.5,1156.55,1220.45
Punjab,Vegetables,Onion,2025-06-30,1184.17,Metric Tonnes,1363.84,Rs./Quintal,6,181,1582.97,1170.52,1281.3671428571429
Punjab,Vegetables,Onion,2025-07-01,906.28,Metric Tonnes,1364.69,Rs./Quintal,7,182,1363.84,1186.13,1308.9842857142855
Punjab,Vegetables,Onion,2025-07-02,785.34,Metric Tonnes,1388.69,Rs./Quintal,7,183,1364.69,1265.8,1334.4928571428572
Punjab,Vegetables,Onion,2025-07-03,621.71,Metric Tonnes,1478.21,Rs./Quintal,7,184,1388.69,1241.15,1352.0485714285714
Punjab,Vegetables,Onion,2025-07-04,1040.06,Metric Tonnes,1380.74,Rs./Quintal,7,185,1478.21,1262.5,1385.9142857142858
Punjab,Vegetables,Onion,2025-07-05,308.62,Metric Tonnes,1440.69,Rs./Quintal,7,186,1380.74,1260.5,1402.8057142857144
Punjab,Vegetables,Onion,2025-07-06,36.5,Metric Tonnes,1409.86,Rs./Quintal,7,187,1440.69,1582.97,1428.5471428571432
Punjab,Vegetables,Onion,2025-07-07,769.6,Metric Tonnes,1307.39,Rs./Quintal,7,188,1409.86,1363.84,1403.8171428571427
Punjab,Vegetables,Onion,2025-07-08,795.28,Metric Tonnes,1334.52,Rs./Quintal,7,189,1307.39,1364.69,1395.7528571428572
Punjab,Vegetables,Onion,2025-07-09,732.66,Metric Tonnes,1422.46,Rs./Quintal,7,190,1334.52,1388.69,1391.4428571428573
Punjab,Vegetables,Onion,2025-07-10,808.92,Metric Tonnes,1347.5,Rs./Quintal,7,191,1422.46,1478.21,1396.267142857143
Punjab,Vegetables,Onion,2025-07-11,571.88,Metric Tonnes,1391.09,Rs./Quintal,7,192,1347.5,1380.74,1377.5942857142857
Punjab,Vegetables,Onion,2025-07-12,897.96,Metric Tonnes,1225.16,Rs./Quintal,7,193,1391.09,1440.69,1379.0728571428572
Punjab,Vegetables,Onion,2025-07-13,39.7,Metric Tonnes,1658.44,Rs./Quintal,7,194,1225.16,1409.86,1348.282857142857
Punjab,Vegetables,Onion,2025-07-14,968.15,Metric Tonnes,1385.34,Rs./Quintal,7,195,1658.44,1307.39,1383.794285714286
Punjab,Vegetables,Onion,2025-07-15,815.02,Metric Tonnes,1332.62,Rs./Quintal,7,196,1385.34,1334.52,1394.93
Punjab,Vegetables,Onion,2025-07-16,751.91,Metric Tonnes,1455.27,Rs./Quintal,7,197,1332.62,1422.46,1394.6585714285716
Punjab,Vegetables,Onion,2025-07-17,806.83,Metric Tonnes,1531.24,Rs./Quintal,7,198,1455.27,1347.5,1399.3457142857144
Punjab,Vegetables,Onion,2025-07-18,1036.23,Metric Tonnes,1449.95,Rs./Quintal,7,199,1531.24,1391.09,1425.5942857142857
Punjab,Vegetables,Onion,2025-07-19,572.83,Metric Tonnes,1451.7,Rs./Quintal,7,200,1449.95,1225.16,1434.002857142857
Punjab,Vegetables,Onion,2025-07-20,47.8,Metric Tonnes,1701.46,Rs./Quintal,7,201,1451.7,1658.44,1466.3657142857141
Punjab,Vegetables,Onion,2025-07-21,1057.31,Metric Tonnes,1299.8,Rs./Quintal,7,202,1701.46,1385.34,1472.5114285714283
Punjab,Vegetables,Onion,2025-07-22,1032.58,Metric Tonnes,1354.92,Rs./Quintal,7,203,1299.8,1332.62,1460.2914285714287
Punjab,Vegetables,Onion,2025-07-23,659.04,Metric Tonnes,1574.31,Rs./Quintal,7,204,1354.92,1455.27,1463.4771428571428
Punjab,Vegetables,Onion,2025-07-24,873.43,Metric Tonnes,1409.66,Rs./Quintal,7,205,1574.31,1531.24,1480.482857142857
Punjab,Vegetables,Onion,2025-07-25,818.32,Metric Tonnes,1454.34,Rs./Quintal,7,206,1409.66,1449.95,1463.1142857142856
Punjab,Vegetables,Onion,2025-07-26,821.64,Metric Tonnes,1408.53,Rs./Quintal,7,207,1454.34,1451.7,1463.7414285714287
Punjab,Vegetables,Onion,2025-07-27,29.5,Metric Tonnes,1642.37,Rs./Quintal,7,208,1408.53,1701.46,1457.5742857142857
Punjab,Vegetables,Onion,2025-07-28,1201.7,Metric Tonnes,1359.32,Rs./Quintal,7,209,1642.37,1299.8,1449.1328571428571
Punjab,Vegetables,Onion,2025-07-29,850.04,Metric Tonnes,1393.99,Rs./Quintal,7,210,1359.32,1354.92,1457.6357142857141
Punjab,Vegetables,Onion,2025-07-30,878.35,Metric Tonnes,1401.76,Rs./Quintal,7,211,1393.99,1574.31,1463.217142857143
Punjab,Vegetables,Onion,2025-07-31,518.62,Metric Tonnes,1256.75,Rs./Quintal,7,212,1401.76,1409.66,1438.5671428571427
Punjab,Vegetables,Onion,2025-08-01,577.47,Metric Tonnes,1341.48,Rs./Quintal,8,213,1256.75,1454.34,1416.722857142857
Punjab,Vegetables,Onion,2025-08-02,653.89,Metric Tonnes,1329.94,Rs./Quintal,8,214,1341.48,1408.53,1400.6000000000001
Punjab,Vegetables,Onion,2025-08-03,31.7,Metric Tonnes,1517.35,Rs./Quintal,8,215,1329.94,1642.37,1389.372857142857
Punjab,Vegetables,Onion,2025-08-04,1135.85,Metric Tonnes,1165.93,Rs./Quintal,8,216,1517.35,1359.32,1371.5128571428572
Punjab,Vegetables,Onion,2025-08-05,1108.74,Metric Tonnes,1150.2,Rs./Quintal,8,217,1165.93,1393.99,1343.8857142857144
Punjab,Vegetables,Onion,2025-08-06,764.96,Metric Tonnes,1316.91,Rs./Quintal,8,218,1150.2,1401.76,1309.0585714285714
Punjab,Vegetables,Onion,2025-08-07,585.52,Metric Tonnes,1295.96,Rs./Quintal,8,219,1316.91,1256.75,1296.9371428571428
Punjab,Vegetables,Onion,2025-08-08,932.18,Metric Tonnes,1296.88,Rs./Quintal,8,220,1295.96,1341.48,1302.5385714285715
Punjab,Vegetables,Onion,2025-08-09,754.71,Metric Tonnes,1283.72,Rs./Quintal,8,221,1296.88,1329.94,1296.1671428571428
Punjab,Vegetables,Onion,2025-08-10,57.05,Metric Tonnes,1574.16,Rs./Quintal,8,222,1283.72,1517.35,1289.564285714286
Punjab,Vegetables,Onion,2025-08-11,1027.13,Metric Tonnes,1226.77,Rs./Quintal,8,223,1574.16,1165.93,1297.68
Punjab,Vegetables,Onion,2025-08-12,908.49,Metric Tonnes,1364.05,Rs./Quintal,8,224,1226.77,1150.2,1306.3714285714286
Punjab,Vegetables,Onion,2025-08-13,694.62,Metric Tonnes,1462.35,Rs./Quintal,8,225,1364.05,1316.91,1336.9214285714286
Punjab,Vegetables,Onion,2025-08-14,757.88,Metric Tonnes,1401.47,Rs./Quintal,8,226,1462.35,1295.96,1357.6985714285715
Punjab,Vegetables,Onion,2025-08-15,850.82,Metric Tonnes,1404.78,Rs./Quintal,8,227,1401.47,1296.88,1372.7714285714285
Punjab,Vegetables,Onion,2025-08-16,593.54,Metric Tonnes,1271.7,Rs./Quintal,8,228,1404.78,1283.72,1388.1857142857145
Punjab,Vegetables,Onion,2025-08-17,63.7,Metric Tonnes,1637.6,Rs./Quintal,8,229,1271.7,1574.16,1386.4685714285713
Punjab,Vegetables,Onion,2025-08-18,923.63,Metric Tonnes,1362.14,Rs./Quintal,8,230,1637.6,1226.77,1395.5314285714285
Punjab,Vegetables,Onion,2025-08-19,1044.64,Metric Tonnes,1467.8,Rs./Quintal,8,231,1362.14,1364.05,1414.8700000000001
Punjab,Vegetables,Onion,2025-08-20,778.0,Metric Tonnes,1475.33,Rs./Quintal,8,232,1467.8,1462.35,1429.6914285714286
Punjab,Vegetables,Onion,2025-08-21,735.14,Metric Tonnes,1411.6,Rs./Quintal,8,233,1475.33,1401.47,1431.5457142857142
Punjab,Vegetables,Onion,2025-08-22,833.33,Metric Tonnes,1321.32,Rs./Quintal,8,234,1411.6,1404.78,1432.9928571428572
Punjab,Vegetables,Onion,2025-08-23,843.9,Metric Tonnes,1312.62,Rs./Quintal,8,235,1321.32,1271.7,1421.07
Punjab,Vegetables,Onion,2025-08-24,48.8,Metric Tonnes,1667.83,Rs./Quintal,8,236,1312.62,1637.6,1426.9157142857143
Punjab,Vegetables,Onion,2025-08-25,748.09,Metric Tonnes,1366.89,Rs./Quintal,8,237,1667.83,1362.14,1431.2342857142855
Punjab,Vegetables,Onion,2025-08-26,1024.91,Metric Tonnes,1430.54,Rs./Quintal,8,238,1366.89,1467.8,1431.912857142857
Punjab,Vegetables,Onion,2025-08-27,541.51,Metric Tonnes,1538.17,Rs./Quintal,8,239,1430.54,1475.33,1426.59
Punjab,Vegetables,Onion,2025-08-28,903.45,Metric Tonnes,1331.55,Rs./Quintal,8,240,1538.17,1411.6,1435.5671428571427
Punjab,Vegetables,Onion,2025-08-29,969.78,Metric Tonnes,1404.36,Rs./Quintal,8,241,1331.55,1321.32,1424.1314285714284
Punjab,Vegetables,Onion,2025-08-30,709.35,Metric Tonnes,1401.83,Rs./Quintal,8,242,1404.36,1312.62,1435.9942857142855
Punjab,Vegetables,Onion,2025-08-31,26.8,Metric Tonnes,1648.88,Rs./Quintal,8,243,1401.83,1667.83,1448.7385714285715
Punjab,Vegetables,Onion,2025-09-01,1473.61,Metric Tonnes,1250.69,Rs./Quintal,9,244,1648.88,1366.89,1446.0314285714287
Punjab,Vegetables,Onion,2025-09-02,849.95,Metric Tonnes,1408.27,Rs./Quintal,9,245,1250.69,1430.54,1429.4314285714286
Punjab,Vegetables,Onion,2025-09-03,703.14,Metric Tonnes,1471.64,Rs./Quintal,9,246,1408.27,1538.17,1426.25
Punjab,Vegetables,Onion,2025-09-04,948.79,Metric Tonnes,1384.36,Rs./Quintal,9,247,1471.64,1331.55,1416.7457142857143
Punjab,Vegetables,Onion,2025-09-05,1008.61,Metric Tonnes,1401.37,Rs./Quintal,9,248,1384.36,1404.36,1424.2900000000002
Punjab,Vegetables,Onion,2025-09-06,1017.92,Metric Tonnes,1350.18,Rs./Quintal,9,249,1401.37,1401.83,1423.8628571428574
Punjab,Vegetables,Onion,2025-09-07,41.2,Metric Tonnes,1634.59,Rs./Quintal,9,250,1350.18,1648.88,1416.4842857142855
Punjab,Vegetables,Onion,2025-09-08,1166.82,Metric Tonnes,1390.08,Rs./Quintal,9,251,1634.59,1250.69,1414.4428571428568
Punjab,Vegetables,Onion,2025-09-09,1498.73,Metric Tonnes,1362.79,Rs./Quintal,9,252,1390.08,1408.27,1434.3557142857142
Punjab,Vegetables,Onion,2025-09-10,974.94,Metric Tonnes,1282.13,Rs./Quintal,9,253,1362.79,1471.64,1427.8585714285714
Punjab,Vegetables,Onion,2025-09-11,816.55,Metric Tonnes,1394.85,Rs./Quintal,9,254,1282.13,1384.36,1400.7857142857142
Punjab,Vegetables,Onion,2025-09-12,1311.58,Metric Tonnes,1365.31,Rs./Quintal,9,255,1394.85,1401.37,1402.2842857142857
Punjab,Vegetables,Onion,2025-09-13,1163.7,Metric Tonnes,1314.01,Rs./Quintal,9,256,1365.31,1350.18,1397.132857142857
Punjab,Vegetables,Onion,2025-09-14,27.4,Metric Tonnes,1659.85,Rs./Quintal,9,257,1314.01,1634.59,1391.9657142857143
Punjab,Vegetables,Onion,2025-09-15,856.23,Metric Tonnes,1330.17,Rs./Quintal,9,258,1659.85,1390.08,1395.5742857142857
Punjab,Vegetables,Onion,2025-09-16,954.47,Metric Tonnes,1230.87,Rs./Quintal,9,259,1330.17,1362.79,1387.0157142857145
Punjab,Vegetables,Onion,2025-09-17,1069.79,Metric Tonnes,1249.93,Rs./Quintal,9,260,1230.87,1282.13,1368.1699999999998
Punjab,Vegetables,Onion,2025-09-18,852.5,Metric Tonnes,1239.9,Rs./Quintal,9,261,1249.93,1394.85,1363.57
Punjab,Vegetables,Onion,2025-09-19,992.59,Metric Tonnes,1284.79,Rs./Quintal,9,262,1239.9,1365.31,1341.4342857142858
Punjab,Vegetables,Onion,2025-09-20,262.46,Metric Tonnes,1321.21,Rs./Quintal,9,263,1284.79,1314.01,1329.9314285714286
Punjab,Vegetables,Onion,2025-09-21,106.3,Metric Tonnes,1677.42,Rs./Quintal,9,264,1321.21,1659.85,1330.9600000000003
Punjab,Vegetables,Onion,2025-09-22,1843.44,Metric Tonnes,1094.77,Rs./Quintal,9,265,1677.42,1330.17,1333.47
Punjab,Vegetables,Onion,2025-09-23,1111.82,Metric Tonnes,1240.38,Rs./Quintal,9,266,1094.77,1230.87,1299.8414285714284
Punjab,Vegetables,Onion,2025-09-24,926.18,Metric Tonnes,1244.94,Rs./Quintal,9,267,1240.38,1249.93,1301.2
Punjab,Vegetables,Onion,2025-09-25,830.62,Metric Tonnes,1176.96,Rs./Quintal,9,268,1244.94,1239.9,1300.4871428571428
Punjab,Vegetables,Onion,2025-09-26,874.81,Metric Tonnes,1191.88,Rs./Quintal,9,269,1176.96,1284.79,1291.4957142857145
Punjab,Vegetables,Onion,2025-09-27,597.07,Metric Tonnes,1207.09,Rs./Quintal,9,270,1191.88,1321.21,1278.2228571428573
Punjab,Vegetables,Onion,2025-09-28,83.4,Metric Tonnes,1559.23,Rs./Quintal,9,271,1207.09,1677.42,1261.92
Punjab,Vegetables,Onion,2025-09-29,2744.46,Metric Tonnes,1019.4,Rs./Quintal,9,272,1559.23,1094.77,1245.0357142857142
Punjab,Vegetables,Onion,2025-09-30,1086.25,Metric Tonnes,1115.42,Rs./Quintal,9,273,1019.4,1240.38,1234.2685714285712
Punjab,Vegetables,Onion,2025-10-01,720.91,Metric Tonnes,1198.13,Rs./Quintal,10,274,1115.42,1244.94,1216.4171428571428
Punjab,Vegetables,Onion,2025-10-02,927.27,Metric Tonnes,1219.86,Rs./Quintal,10,275,1198.13,1176.96,1209.73
Punjab,Vegetables,Onion,2025-10-03,702.0,Metric Tonnes,1170.02,Rs./Quintal,10,276,1219.86,1191.88,1215.8585714285714
Punjab,Vegetables,Onion,2025-10-04,863.12,Metric Tonnes,1207.47,Rs./Quintal,10,277,1170.02,1207.09,1212.7357142857143
Punjab,Vegetables,Onion,2025-10-05,36.16,Metric Tonnes,1625.3,Rs./Quintal,10,278,1207.47,1559.23,1212.7899999999997
Punjab,Vegetables,Onion,2025-10-06,1074.34,Metric Tonnes,1097.43,Rs./Quintal,10,279,1625.3,1019.4,1222.2285714285715
Punjab,Vegetables,Onion,2025-10-07,526.08,Metric Tonnes,1284.99,Rs./Quintal,10,280,1097.43,1115.42,1233.3757142857141
Punjab,Vegetables,Onion,2025-10-08,892.25,Metric Tonnes,1302.12,Rs./Quintal,10,281,1284.99,1198.13,1257.6
Punjab,Vegetables,Onion,2025-10-09,683.59,Metric Tonnes,1256.32,Rs./Quintal,10,282,1302.12,1219.86,1272.4557142857143
Punjab,Vegetables,Onion,2025-10-10,732.52,Metric Tonnes,1224.46,Rs./Quintal,10,283,1256.32,1170.02,1277.6642857142856
Punjab,Vegetables,Onion,2025-10-11,787.69,Metric Tonnes,1151.34,Rs./Quintal,10,284,1224.46,1207.47,1285.4414285714286
Punjab,Vegetables,Onion,2025-10-12,46.0,Metric Tonnes,1584.02,Rs./Quintal,10,285,1151.34,1625.3,1277.422857142857
Punjab,Vegetables,Onion,2025-10-13,1039.93,Metric Tonnes,1120.65,Rs./Quintal,10,286,1584.02,1097.43,1271.5257142857142
Punjab,Vegetables,Onion,2025-10-14,1501.73,Metric Tonnes,1085.69,Rs./Quintal,10,287,1120.65,1284.99,1274.8428571428572
Punjab,Vegetables,Onion,2025-10-15,831.34,Metric Tonnes,1232.08,Rs./Quintal,10,288,1085.69,1302.12,1246.3714285714286
Punjab,Vegetables,Onion,2025-10-16,1241.24,Metric Tonnes,1182.0,Rs./Quintal,10,289,1232.08,1256.32,1236.3657142857141
Punjab,Vegetables,Onion,2025-10-17,5041.26,Metric Tonnes,949.08,Rs./Quintal,10,290,1182.0,1224.46,1225.7485714285715
Punjab,Vegetables,Onion,2025-10-18,1532.86,Metric Tonnes,1058.19,Rs./Quintal,10,291,949.08,1151.34,1186.4085714285716
Punjab,Vegetables,Onion,2025-10-19,63.53,Metric Tonnes,1554.55,Rs./Quintal,10,292,1058.19,1584.02,1173.1014285714284
Punjab,Vegetables,Onion,2025-10-20,2111.23,Metric Tonnes,989.6,Rs./Quintal,10,293,1554.55,1120.65,1168.8914285714286
Punjab,Vegetables,Onion,2025-10-21,617.36,Metric Tonnes,1102.69,Rs./Quintal,10,294,989.6,1085.69,1150.1699999999998
Punjab,Vegetables,Onion,2025-10-22,710.63,Metric Tonnes,1284.39,Rs./Quintal,10,295,1102.69,1232.08,1152.5985714285714
Punjab,Vegetables,Onion,2025-10-23,1097.67,Metric Tonnes,1143.89,Rs./Quintal,10,296,1284.39,1182.0,1160.0714285714287
Punjab,Vegetables,Onion,2025-10-24,886.61,Metric Tonnes,1163.24,Rs./Quintal,10,297,1143.89,949.08,1154.627142857143
Punjab,Vegetables,Onion,2025-10-25,720.15,Metric Tonnes,1168.65,Rs./Quintal,10,298,1163.24,1058.19,1185.2214285714288
Punjab,Vegetables,Onion,2025-10-26,36.1,Metric Tonnes,1545.71,Rs./Quintal,10,299,1168.65,1554.55,1201.0014285714285
Punjab,Vegetables,Onion,2025-10-27,1163.78,Metric Tonnes,1084.51,Rs./Quintal,10,300,1545.71,989.6,1199.7385714285715
Punjab,Vegetables,Onion,2025-10-28,909.43,Metric Tonnes,1137.62,Rs./Quintal,10,301,1084.51,1102.69,1213.2971428571432
Punjab,Vegetables,Onion,2025-10-29,616.64,Metric Tonnes,1222.72,Rs./Quintal,10,302,1137.62,1284.39,1218.287142857143
Punjab,Vegetables,Onion,2025-10-30,698.58,Metric Tonnes,1112.84,Rs./Quintal,10,303,1222.72,1143.89,1209.4771428571428
Punjab,Vegetables,Onion,2025-10-31,1908.74,Metric Tonnes,1173.83,Rs./Quintal,10,304,1112.84,1163.24,1205.0414285714287
Punjab,Vegetables,Onion,2025-11-01,1077.92,Metric Tonnes,1182.71,Rs./Quintal,11,305,1173.83,1168.65,1206.5542857142857
Punjab,Vegetables,Onion,2025-11-02,43.02,Metric Tonnes,1495.26,Rs./Quintal,11,306,1182.71,1545.71,1208.5628571428572
Punjab,Vegetables,Onion,2025-11-03,889.34,Metric Tonnes,1134.41,Rs./Quintal,11,307,1495.26,1084.51,1201.3557142857142
Punjab,Vegetables,Onion,2025-11-04,590.52,Metric Tonnes,1242.83,Rs./Quintal,11,308,1134.41,1137.62,1208.4842857142855
Punjab,Vegetables,Onion,2025-11-05,524.66,Metric Tonnes,1012.42,Rs./Quintal,11,309,1242.83,1222.72,1223.5142857142857
Punjab,Vegetables,Onion,2025-11-06,517.05,Metric Tonnes,940.69,Rs./Quintal,11,310,1012.42,1112.84,1193.4714285714285
Punjab,Vegetables,Onion,2025-11-07,335.4,Metric Tonnes,1190.38,Rs./Quintal,11,311,940.69,1173.83,1168.8785714285714
Punjab,Vegetables,Onion,2025-11-08,344.75,Metric Tonnes,1149.52,Rs./Quintal,11,312,1190.38,1182.71,1171.2428571428572
Punjab,Vegetables,Onion,2025-11-09,153.55,Metric Tonnes,1267.28,Rs./Quintal,11,313,1149.52,1495.26,1166.5014285714285
Punjab,Vegetables,Onion,2025-11-10,1549.95,Metric Tonnes,1386.88,Rs./Quintal,11,314,1267.28,1134.41,1133.9328571428573
Punjab,Vegetables,Onion,2025-11-11,886.36,Metric Tonnes,1089.96,Rs./Quintal,11,315,1386.88,1242.83,1170.0000000000002
Punjab,Vegetables,Onion,2025-11-12,451.45,Metric Tonnes,1041.01,Rs./Quintal,11,316,1089.96,1012.42,1148.1614285714286
Punjab,Vegetables,Onion,2025-11-13,614.76,Metric Tonnes,1155.28,Rs./Quintal,11,317,1041.01,940.69,1152.2457142857145
Punjab,Vegetables,Onion,2025-11-14,398.1,Metric Tonnes,983.9,Rs./Quintal,11,318,1155.28,1190.38,1182.9014285714286
Punjab,Vegetables,Onion,2025-11-15,260.34,Metric Tonnes,1058.37,Rs./Quintal,11,319,983.9,1149.52,1153.4042857142856
Punjab,Vegetables,Onion,2025-11-16,79.41,Metric Tonnes,1580.58,Rs./Quintal,11,320,1058.37,1267.28,1140.3828571428571
Punjab,Vegetables,Onion,2025-11-17,706.89,Metric Tonnes,1023.2,Rs./Quintal,11,321,1580.58,1386.88,1185.1399999999999
Punjab,Vegetables,Onion,2025-11-18,717.64,Metric Tonnes,1085.04,Rs./Quintal,11,322,1023.2,1089.96,1133.185714285714
Punjab,Vegetables,Onion,2025-11-19,658.14,Metric Tonnes,1234.69,Rs./Quintal,11,323,1085.04,1041.01,1132.482857142857
Punjab,Vegetables,Onion,2025-11-20,547.61,Metric Tonnes,1191.22,Rs./Quintal,11,324,1234.69,1155.28,1160.1514285714286
Punjab,Vegetables,Onion,2025-11-21,595.53,Metric Tonnes,1096.32,Rs./Quintal,11,325,1191.22,983.9,1165.2857142857142
Punjab,Vegetables,Onion,2025-11-22,407.48,Metric Tonnes,1041.51,Rs./Quintal,11,326,1096.32,1058.37,1181.3457142857144
Punjab,Vegetables,Onion,2025-11-23,70.5,Metric Tonnes,1664.6,Rs./Quintal,11,327,1041.51,1580.58,1178.9371428571428
Punjab,Vegetables,Onion,2025-11-24,633.82,Metric Tonnes,1057.07,Rs./Quintal,11,328,1664.6,1023.2,1190.94
Punjab,Vegetables,Onion,2025-11-25,644.91,Metric Tonnes,1087.04,Rs./Quintal,11,329,1057.07,1085.04,1195.7785714285715
Punjab,Vegetables,Onion,2025-11-26,887.2,Metric Tonnes,1119.27,Rs./Quintal,11,330,1087.04,1234.69,1196.064285714286
Punjab,Vegetables,Onion,2025-11-27,554.0,Metric Tonnes,1121.52,Rs./Quintal,11,331,1119.27,1191.22,1179.5757142857142
Punjab,Vegetables,Onion,2025-11-28,674.97,Metric Tonnes,980.67,Rs./Quintal,11,332,1121.52,1096.32,1169.6185714285714
Punjab,Vegetables,Onion,2025-11-29,360.72,Metric Tonnes,1239.89,Rs./Quintal,11,333,980.67,1041.51,1153.0971428571427
Punjab,Vegetables,Onion,2025-11-30,31.99,Metric Tonnes,1444.83,Rs./Quintal,11,334,1239.89,1664.6,1181.437142857143
Punjab,Vegetables,Onion,2025-12-01,930.28,Metric Tonnes,1035.2,Rs./Quintal,12,335,1444.83,1057.07,1150.0414285714285
Punjab,Vegetables,Onion,2025-12-02,1416.7,Metric Tonnes,1294.98,Rs./Quintal,12,336,1035.2,1087.04,1146.9171428571428
Punjab,Vegetables,Onion,2025-12-03,1262.72,Metric Tonnes,1321.93,Rs./Quintal,12,337,1294.98,1119.27,1176.6228571428571
Punjab,Vegetables,Onion,2025-12-04,1136.95,Metric Tonnes,1293.98,Rs./Quintal,12,338,1321.93,1121.52,1205.5742857142857
Punjab,Vegetables,Onion,2025-12-05,925.57,Metric Tonnes,1350.98,Rs./Quintal,12,339,1293.98,980.67,1230.2114285714285
Punjab,Vegetables,Onion,2025-12-06,682.8,Metric Tonnes,1469.74,Rs./Quintal,12,340,1350.98,1239.89,1283.1128571428574
Punjab,Vegetables,Onion,2025-12-07,435.0,Metric Tonnes,1786.79,Rs./Quintal,12,341,1469.74,1444.83,1315.9485714285713
Punjab,Vegetables,Onion,2025-12-08,1637.26,Metric Tonnes,1229.23,Rs./Quintal,12,342,1786.79,1035.2,1364.8
Punjab,Vegetables,Onion,2025-12-09,1260.87,Metric Tonnes,1388.22,Rs./Quintal,12,343,1229.23,1294.98,1392.5185714285712
Punjab,Vegetables,Onion,2025-12-10,1038.96,Metric Tonnes,1520.9,Rs./Quintal,12,344,1388.22,1321.93,1405.8385714285712
Punjab,Vegetables,Onion,2025-12-11,436.72,Metric Tonnes,1432.33,Rs./Quintal,12,345,1520.9,1293.98,1434.2628571428572
Punjab,Vegetables,Onion,2025-12-12,924.76,Metric Tonnes,1535.65,Rs./Quintal,12,346,1432.33,1350.98,1454.027142857143
Punjab,Vegetables,Onion,2025-12-13,426.63,Metric Tonnes,1382.21,Rs./Quintal,12,347,1535.65,1469.74,1480.4085714285716
Punjab,Vegetables,Onion,2025-12-14,428.67,Metric Tonnes,1504.32,Rs./Quintal,12,348,1382.21,1786.79,1467.904285714286
Punjab,Vegetables,Onion,2025-12-15,1132.26,Metric Tonnes,1469.1,Rs./Quintal,12,349,1504.32,1229.23,1427.5514285714287
Punjab,Vegetables,Onion,2025-12-16,1310.43,Metric Tonnes,1746.42,Rs./Quintal,12,350,1469.1,1388.22,1461.8185714285714
Punjab,Vegetables,Onion,2025-12-17,926.23,Metric Tonnes,1693.29,Rs./Quintal,12,351,1746.42,1520.9,1512.9899999999998
Punjab,Vegetables,Onion,2025-12-18,943.87,Metric Tonnes,1775.4,Rs./Quintal,12,352,1693.29,1432.33,1537.6171428571429
Punjab,Vegetables,Onion,2025-12-19,924.94,Metric Tonnes,1794.77,Rs./Quintal,12,353,1775.4,1535.65,1586.6271428571429
Punjab,Vegetables,Onion,2025-12-20,643.79,Metric Tonnes,1765.14,Rs./Quintal,12,354,1794.77,1382.21,1623.6442857142858
Punjab,Vegetables,Onion,2025-12-21,43.13,Metric Tonnes,1704.87,Rs./Quintal,12,355,1765.14,1504.32,1678.3485714285712
Punjab,Vegetables,Onion,2025-12-22,1106.3,Metric Tonnes,1690.55,Rs./Quintal,12,356,1704.87,1469.1,1706.9985714285715
Punjab,Vegetables,Onion,2025-12-23,1102.74,Metric Tonnes,1771.88,Rs./Quintal,12,357,1690.55,1746.42,1738.6342857142859
Punjab,Vegetables,Onion,2025-12-24,819.12,Metric Tonnes,1772.11,Rs./Quintal,12,358,1771.88,1693.29,1742.2714285714287
Punjab,Vegetables,Onion,2025-12-25,917.94,Metric Tonnes,1680.68,Rs./Quintal,12,359,1772.11,1775.4,1753.5314285714285
Punjab,Vegetables,Onion,2025-12-26,1127.27,Metric Tonnes,1645.45,Rs./Quintal,12,360,1680.68,1794.77,1740.0
Punjab,Vegetables,Onion,2025-12-27,676.68,Metric Tonnes,1812.91,Rs./Quintal,12,361,1645.45,1765.14,1718.6685714285716
Punjab,Vegetables,Onion,2025-12-28,95.7,Metric Tonnes,1726.96,Rs./Quintal,12,362,1812.91,1704.87,1725.4928571428572
Punjab,Vegetables,Onion,2025-12-29,666.65,Metric Tonnes,1824.06,Rs./Quintal,12,363,1726.96,1690.55,1728.6485714285714
Punjab,Vegetables,Onion,2025-12-30,921.38,Metric Tonnes,1916.42,Rs./Quintal,12,364,1824.06,1771.88,1747.7214285714288
Punjab,Vegetables,Onion,2025-12-31,1010.08,Metric Tonnes,1908.36,Rs./Quintal,12,365,1916.42,1772.11,1768.3700000000001
Punjab,Vegetables,Onion,2026-01-01,639.46,Metric Tonnes,1694.72,Rs./Quintal,1,1,1908.36,1680.68,1787.8342857142857
Punjab,Vegetables,Onion,2026-01-02,883.47,Metric Tonnes,1895.73,Rs./Quintal,1,2,1694.72,1645.45,1789.8400000000001
Punjab,Vegetables,Onion,2026-01-03,881.92,Metric Tonnes,1952.68,Rs./Quintal,1,3,1895.73,1812.91,1825.5942857142857
Punjab,Vegetables,Onion,2026-01-04,45.33,Metric Tonnes,1699.21,Rs./Quintal,1,4,1952.68,1726.96,1845.5614285714287
Punjab,Vegetables,Onion,2026-01-05,1126.39,Metric Tonnes,1942.18,Rs./Quintal,1,5,1699.21,1824.06,1841.597142857143
Punjab,Vegetables,Onion,2026-01-06,1346.25,Metric Tonnes,1816.47,Rs./Quintal,1,6,1942.18,1916.42,1858.4714285714285
Punjab,Vegetables,Onion,2026-01-07,1057.26,Metric Tonnes,1845.61,Rs./Quintal,1,7,1816.47,1908.36,1844.1928571428568
Punjab,Vegetables,Onion,2026-01-08,936.45,Metric Tonnes,1867.62,Rs./Quintal,1,8,1845.61,1694.72,1835.2285714285715
Punjab,Vegetables,Onion,2026-01-09,943.37,Metric Tonnes,1857.81,Rs./Quintal,1,9,1867.62,1895.73,1859.9285714285713
Punjab,Vegetables,Onion,2026-01-10,829.07,Metric Tonnes,1832.35,Rs./Quintal,1,10,1857.81,1952.68,1854.5114285714285
Punjab,Vegetables,Onion,2026-01-11,30.36,Metric Tonnes,1849.19,Rs./Quintal,1,11,1832.35,1699.21,1837.3214285714287
Punjab,Vegetables,Onion,2026-01-12,1234.15,Metric Tonnes,1753.95,Rs./Quintal,1,12,1849.19,1942.18,1858.7471428571428
Punjab,Vegetables,Onion,2026-01-13,1295.84,Metric Tonnes,1762.73,Rs./Quintal,1,13,1753.95,1816.47,1831.857142857143
Punjab,Vegetables,Onion,2026-01-14,980.1,Metric Tonnes,1919.47,Rs./Quintal,1,14,1762.73,1845.61,1824.1799999999998
Punjab,Vegetables,Onion,2026-01-15,1110.08,Metric Tonnes,1790.64,Rs./Quintal,1,15,1919.47,1867.62,1834.7314285714288
Punjab,Vegetables,Onion,2026-01-16,982.4,Metric Tonnes,1811.12,Rs./Quintal,1,16,1790.64,1857.81,1823.7342857142855
Punjab,Vegetables,Onion,2026-01-17,726.83,Metric Tonnes,1916.27,Rs./Quintal,1,17,1811.12,1832.35,1817.064285714286
Punjab,Vegetables,Onion,2026-01-18,49.2,Metric Tonnes,1709.63,Rs./Quintal,1,18,1916.27,1849.19,1829.052857142857
Punjab,Vegetables,Onion,2026-01-19,1054.64,Metric Tonnes,1715.22,Rs./Quintal,1,19,1709.63,1753.95,1809.1157142857144
Punjab,Vegetables,Onion,2026-01-20,1260.6,Metric Tonnes,1678.0,Rs./Quintal,1,20,1715.22,1762.73,1803.5828571428572
Punjab,Vegetables,Onion,2026-01-21,900.42,Metric Tonnes,1859.64,Rs./Quintal,1,21,1678.0,1919.47,1791.4785714285715
Punjab,Vegetables,Onion,2026-01-22,1062.26,Metric Tonnes,1848.28,Rs./Quintal,1,22,1859.64,1790.64,1782.9314285714286
Punjab,Vegetables,Onion,2026-01-23,739.59,Metric Tonnes,1787.03,Rs./Quintal,1,23,1848.28,1811.12,1791.1657142857143
Punjab,Vegetables,Onion,2026-01-24,855.79,Metric Tonnes,1863.33,Rs./Quintal,1,24,1787.03,1916.27,1787.724285714286
Punjab,Vegetables,Onion,2026-01-25,24.5,Metric Tonnes,1844.29,Rs./Quintal,1,25,1863.33,1709.63,1780.1614285714288
Punjab,Vegetables,Onion,2026-01-26,1121.91,Metric Tonnes,1717.36,Rs./Quintal,1,26,1844.29,1715.22,1799.3985714285714
Punjab,Vegetables,Onion,2026-01-27,1123.16,Metric Tonnes,1876.67,Rs./Quintal,1,27,1717.36,1678.0,1799.7042857142858
Punjab,Vegetables,Onion,2026-01-28,866.66,Metric Tonnes,1662.01,Rs./Quintal,1,28,1876.67,1859.64,1828.0857142857144
Punjab,Vegetables,Onion,2026-01-29,813.33,Metric Tonnes,1750.87,Rs./Quintal,1,29,1662.01,1848.28,1799.8528571428571
Punjab,Vegetables,Onion,2026-01-30,1104.8,Metric Tonnes,1825.8,Rs./Quintal,1,30,1750.87,1787.03,1785.9371428571428
Punjab,Vegetables,Onion,2026-01-31,880.44,Metric Tonnes,1924.71,Rs./Quintal,1,31,1825.8,1863.33,1791.4757142857143
Punjab,Vegetables,Onion,2026-02-01,22.21,Metric Tonnes,1722.92,Rs./Quintal,2,32,1924.71,1844.29,1800.2442857142855
Punjab,Vegetables,Onion,2026-02-02,1262.75,Metric Tonnes,1863.93,Rs./Quintal,2,33,1722.92,1717.36,1782.9057142857143
Punjab,Vegetables,Onion,2026-02-03,1087.62,Metric Tonnes,1755.46,Rs./Quintal,2,34,1863.93,1876.67,1803.8442857142857
Punjab,Vegetables,Onion,2026-02-04,1460.28,Metric Tonnes,1722.93,Rs./Quintal,2,35,1755.46,1662.01,1786.5285714285715
Punjab,Vegetables,Onion,2026-02-05,1054.12,Metric Tonnes,1655.38,Rs./Quintal,2,36,1722.93,1750.87,1795.2314285714285
Punjab,Vegetables,Onion,2026-02-06,1199.73,Metric Tonnes,1670.39,Rs./Quintal,2,37,1655.38,1825.8,1781.5900000000001
Punjab,Vegetables,Onion,2026-02-07,788.17,Metric Tonnes,1818.74,Rs./Quintal,2,38,1670.39,1924.71,1759.3885714285714
Punjab,Vegetables,Onion,2026-02-08,46.67,Metric Tonnes,1813.16,Rs./Quintal,2,39,1818.74,1722.92,1744.25
Punjab,Vegetables,Onion,2026-02-09,1361.02,Metric Tonnes,1542.17,Rs./Quintal,2,40,1813.16,1863.93,1757.1414285714288
Punjab,Vegetables,Onion,2026-02-10,1509.07,Metric Tonnes,1581.14,Rs./Quintal,2,41,1542.17,1755.46,1711.1757142857143
Punjab,Vegetables,Onion,2026-02-11,1072.93,Metric Tonnes,1654.92,Rs./Quintal,2,42,1581.14,1722.93,1686.2728571428574
Punjab,Vegetables,Onion,2026-02-12,746.27,Metric Tonnes,1437.86,Rs./Quintal,2,43,1654.92,1655.38,1676.5571428571432
Punjab,Vegetables,Onion,2026-02-13,5445.77,Metric Tonnes,803.42,Rs./Quintal,2,44,1437.86,1670.39,1645.4828571428573
Punjab,Vegetables,Onion,2026-02-14,785.71,Metric Tonnes,1704.7,Rs./Quintal,2,45,803.42,1818.74,1521.6299999999999
Punjab,Vegetables,Onion,2026-02-15,33.38,Metric Tonnes,1680.05,Rs./Quintal,2,46,1704.7,1813.16,1505.3385714285716
Punjab,Vegetables,Onion,2026-02-16,1138.9,Metric Tonnes,1725.01,Rs./Quintal,2,47,1680.05,1542.17,1486.322857142857
Punjab,Vegetables,Onion,2026-02-17,1201.82,Metric Tonnes,1624.35,Rs./Quintal,2,48,1725.01,1581.14,1512.4428571428573
Punjab,Vegetables,Onion,2026-02-18,1333.37,Metric Tonnes,1666.44,Rs./Quintal,2,49,1624.35,1654.92,1518.6157142857141
Punjab,Vegetables,Onion,2026-02-19,1188.08,Metric Tonnes,1636.32,Rs./Quintal,2,50,1666.44,1437.86,1520.2614285714285
Punjab,Vegetables,Onion,2026-02-20,1229.26,Metric Tonnes,1682.48,Rs./Quintal,2,51,1636.32,803.42,1548.6128571428574
Punjab,Vegetables,Onion,2026-02-21,1115.47,Metric Tonnes,1715.9,Rs./Quintal,2,52,1682.48,1704.7,1674.1928571428573
Punjab,Vegetables,Onion,2026-02-22,30.33,Metric Tonnes,1694.2,Rs./Quintal,2,53,1715.9,1680.05,1675.792857142857
Punjab,Vegetables,Onion,2026-02-23,1224.27,Metric Tonnes,1640.78,Rs./Quintal,2,54,1694.2,1725.01,1677.814285714286
Punjab,Vegetables,Onion,2026-02-24,1140.32,Metric Tonnes,1686.7,Rs./Quintal,2,55,1640.78,1624.35,1665.7814285714287
Punjab,Vegetables,Onion,2026-02-25,1305.14,Metric Tonnes,1642.28,Rs./Quintal,2,56,1686.7,1666.44,1674.6885714285713
Punjab,Vegetables,Onion,2026-02-26,1237.05,Metric Tonnes,1628.57,Rs./Quintal,2,57,1642.28,1636.32,1671.2371428571428
Punjab,Vegetables,Onion,2026-02-27,1235.4,Metric Tonnes,1648.09,Rs./Quintal,2,58,1628.57,1682.48,1670.1299999999999
Punjab,Vegetables,Onion,2026-02-28,847.1,Metric Tonnes,1711.06,Rs./Quintal,2,59,1648.09,1715.9,1665.217142857143
Punjab,Vegetables,Onion,2026-03-01,34.56,Metric Tonnes,1669.04,Rs./Quintal,3,60,1711.06,1694.2,1664.5257142857142
Punjab,Vegetables,Onion,2026-03-02,1417.56,Metric Tonnes,1549.3,Rs./Quintal,3,61,1669.04,1640.78,1660.9314285714286
Punjab,Vegetables,Onion,2026-03-03,1044.27,Metric Tonnes,1291.22,Rs./Quintal,3,62,1549.3,1686.7,1647.862857142857
Punjab,Vegetables,Onion,2026-03-04,1391.93,Metric Tonnes,1580.1,Rs./Quintal,3,63,1291.22,1642.28,1591.3657142857141
Punjab,Vegetables,Onion,2026-03-05,1136.08,Metric Tonnes,1598.79,Rs./Quintal,3,64,1580.1,1628.57,1582.482857142857
Punjab,Vegetables,Onion,2026-03-06,1242.17,Metric Tonnes,1566.11,Rs./Quintal,3,65,1598.79,1648.09,1578.2285714285715
Punjab,Vegetables,Onion,2026-03-07,885.85,Metric Tonnes,1687.83,Rs./Quintal,3,66,1566.11,1711.06,1566.5171428571427
Punjab,Vegetables,Onion,2026-03-08,30.6,Metric Tonnes,1771.73,Rs./Quintal,3,67,1687.83,1669.04,1563.1985714285713
Punjab,Vegetables,Onion,2026-03-09,1290.05,Metric Tonnes,1534.14,Rs./Quintal,3,68,1771.73,1549.3,1577.8685714285712
Punjab,Vegetables,Onion,2026-03-10,1225.51,Metric Tonnes,1366.46,Rs./Quintal,3,69,1534.14,1291.22,1575.702857142857
Punjab,Vegetables,Onion,2026-03-11,1127.71,Metric Tonnes,1440.83,Rs./Quintal,3,70,1366.46,1580.1,1586.4514285714286
Punjab,Vegetables,Onion,2026-03-12,1201.71,Metric Tonnes,1359.24,Rs./Quintal,3,71,1440.83,1598.79,1566.5557142857142
Punjab,Vegetables,Onion,2026-03-13,1131.31,Metric Tonnes,1382.5,Rs./Quintal,3,72,1359.24,1566.11,1532.3342857142857
Punjab,Vegetables,Onion,2026-03-14,924.68,Metric Tonnes,1537.77,Rs./Quintal,3,73,1382.5,1687.83,1506.1042857142857
Punjab,Vegetables,Onion,2026-03-15,37.65,Metric Tonnes,1633.74,Rs./Quintal,3,74,1537.77,1771.73,1484.6671428571428
Punjab,Vegetables,Onion,2026-03-16,1693.38,Metric Tonnes,1296.72,Rs./Quintal,3,75,1633.74,1534.14,1464.9542857142856
Punjab,Vegetables,Onion,2026-03-17,1675.89,Metric Tonnes,1332.71,Rs./Quintal,3,76,1296.72,1366.46,1431.037142857143
Punjab,Vegetables,Onion,2026-03-18,1556.92,Metric Tonnes,1383.86,Rs./Quintal,3,77,1332.71,1440.83,1426.2157142857143
Punjab,Vegetables,Onion,2026-03-19,1386.25,Metric Tonnes,1314.48,Rs./Quintal,3,78,1383.86,1359.24,1418.077142857143
Punjab,Vegetables,Onion,2026-03-20,1350.97,Metric Tonnes,1312.46,Rs./Quintal,3,79,1314.48,1382.5,1411.682857142857
Punjab,Vegetables,Onion,2026-03-21,398.48,Metric Tonnes,1321.08,Rs./Quintal,3,80,1312.46,1537.77,1401.6771428571428
Punjab,Vegetables,Onion,2026-03-22,36.82,Metric Tonnes,1581.07,Rs./Quintal,3,81,1321.08,1633.74,1370.7214285714288
Punjab,Vegetables,Onion,2026-03-23,1219.88,Metric Tonnes,1330.22,Rs./Quintal,3,82,1581.07,1296.72,1363.1971428571428
Punjab,Vegetables,Onion,2026-03-24,1297.37,Metric Tonnes,1305.01,Rs./Quintal,3,83,1330.22,1332.71,1367.9828571428573
Punjab,Vegetables,Onion,2026-03-25,1250.1,Metric Tonnes,1323.7,Rs./Quintal,3,84,1305.01,1383.86,1364.0257142857142
Punjab,Vegetables,Onion,2026-03-26,1042.07,Metric Tonnes,1369.53,Rs./Quintal,3,85,1323.7,1314.48,1355.4314285714286
Punjab,Vegetables,Onion,2026-03-27,1154.41,Metric Tonnes,1350.98,Rs./Quintal,3,86,1369.53,1312.46,1363.2957142857142
Punjab,Vegetables,Onion,2026-03-28,730.48,Metric Tonnes,1549.72,Rs./Quintal,3,87,1350.98,1321.08,1368.7985714285714
Punjab,Vegetables,Onion,2026-03-29,31.27,Metric Tonnes,1612.89,Rs./Quintal,3,88,1549.72,1581.07,1401.4614285714285
Punjab,Vegetables,Onion,2026-03-30,1349.5,Metric Tonnes,1274.25,Rs./Quintal,3,89,1612.89,1330.22,1406.0071428571428
Punjab,Vegetables,Onion,2026-03-31,1350.62,Metric Tonnes,1310.71,Rs./Quintal,3,90,1274.25,1305.01,1398.0114285714285
Punjab,Vegetables,Onion,2026-04-01,1135.65,Metric Tonnes,1336.8,Rs./Quintal,4,91,1310.71,1323.7,1398.8257142857144
Punjab,Vegetables,Onion,2026-04-02,826.05,Metric Tonnes,1133.95,Rs./Quintal,4,92,1336.8,1369.53,1400.6971428571428
Punjab,Vegetables,Onion,2026-04-03,481.3,Metric Tonnes,1262.4,Rs./Quintal,4,93,1133.95,1350.98,1367.0428571428572
Punjab,Vegetables,Onion,2026-04-04,1196.05,Metric Tonnes,1306.11,Rs./Quintal,4,94,1262.4,1549.72,1354.3885714285714
Punjab,Vegetables,Onion,2026-04-05,36.28,Metric Tonnes,1567.03,Rs./Quintal,4,95,1306.11,1612.89,1319.587142857143
Punjab,Vegetables,Onion,2026-04-06,1139.87,Metric Tonnes,1318.11,Rs./Quintal,4,96,1567.03,1274.25,1313.0357142857142
Punjab,Vegetables,Onion,2026-04-07,1319.45,Metric Tonnes,1286.78,Rs./Quintal,4,97,1318.11,1310.71,1319.3014285714287
Punjab,Vegetables,Onion,2026-04-08,1061.24,Metric Tonnes,1357.55,Rs./Quintal,4,98,1286.78,1336.8,1315.8828571428571
Punjab,Vegetables,Onion,2026-04-09,1182.89,Metric Tonnes,1344.23,Rs./Quintal,4,99,1357.55,1133.95,1318.847142857143
Punjab,Vegetables,Onion,2026-04-10,1305.16,Metric Tonnes,1303.15,Rs./Quintal,4,100,1344.23,1262.4,1348.8871428571426
Punjab,Vegetables,Onion,2026-04-11,1014.46,Metric Tonnes,1328.35,Rs./Quintal,4,101,1303.15,1306.11,1354.7085714285713
Punjab,Vegetables,Onion,2026-04-12,33.2,Metric Tonnes,1611.63,Rs./Quintal,4,102,1328.35,1567.03,1357.8857142857144
Punjab,Vegetables,Onion,2026-04-13,1339.09,Metric Tonnes,1274.44,Rs./Quintal,4,103,1611.63,1318.11,1364.2571428571428
Punjab,Vegetables,Onion,2026-04-14,1548.27,Metric Tonnes,1322.79,Rs./Quintal,4,104,1274.44,1286.78,1358.0185714285715
Punjab,Vegetables,Onion,2026-04-15,1358.25,Metric Tonnes,1352.79,Rs./Quintal,4,105,1322.79,1357.55,1363.162857142857
Punjab,Vegetables,Onion,2026-04-16,1626.53,Metric Tonnes,1311.71,Rs./Quintal,4,106,1352.79,1344.23,1362.482857142857
Punjab,Vegetables,Onion,2026-04-17,896.03,Metric Tonnes,1226.0,Rs./Quintal,4,107,1311.71,1303.15,1357.837142857143
Punjab,Vegetables,Onion,2026-04-18,1262.21,Metric Tonnes,1284.12,Rs./Quintal,4,108,1226.0,1328.35,1346.8157142857144
Punjab,Vegetables,Onion,2026-04-19,37.71,Metric Tonnes,1486.32,Rs./Quintal,4,109,1284.12,1611.63,1340.4971428571428
Punjab,Vegetables,Onion,2026-04-20,1611.59,Metric Tonnes,1286.68,Rs./Quintal,4,110,1486.32,1274.44,1322.5957142857144
Punjab,Vegetables,Onion,2026-04-21,1322.98,Metric Tonnes,1306.14,Rs./Quintal,4,111,1286.68,1322.79,1324.3442857142857
Punjab,Vegetables,Onion,2026-04-22,1370.51,Metric Tonnes,1318.08,Rs./Quintal,4,112,1306.14,1352.79,1321.9657142857143
Punjab,Vegetables,Onion,2026-04-23,1266.08,Metric Tonnes,1300.4,Rs./Quintal,4,113,1318.08,1311.71,1317.0071428571428
Punjab,Vegetables,Onion,2026-04-24,900.57,Metric Tonnes,1381.1,Rs./Quintal,4,114,1300.4,1226.0,1315.3914285714286
Punjab,Vegetables,Onion,2026-04-25,924.27,Metric Tonnes,1411.34,Rs./Quintal,4,115,1381.1,1284.12,1337.5485714285714
Punjab,Vegetables,Onion,2026-04-26,33.08,Metric Tonnes,1543.21,Rs./Quintal,4,116,1411.34,1486.32,1355.722857142857
Punjab,Vegetables,Onion,2026-04-27,1285.73,Metric Tonnes,1314.44,Rs./Quintal,4,117,1543.21,1286.68,1363.8500000000001
Punjab,Vegetables,Onion,2026-04-28,1311.97,Metric Tonnes,1308.41,Rs./Quintal,4,118,1314.44,1306.14,1367.8157142857142
Punjab,Vegetables,Onion,2026-04-29,1177.75,Metric Tonnes,1318.77,Rs./Quintal,4,119,1308.41,1318.08,1368.1399999999999
Punjab,Vegetables,Onion,2026-04-30,1113.65,Metric Tonnes,1296.24,Rs./Quintal,4,120,1318.77,1300.4,1368.2385714285715
Punjab,Vegetables,Onion,2026-05-01,807.82,Metric Tonnes,1462.59,Rs./Quintal,5,121,1296.24,1381.1,1367.6442857142858
Punjab,Vegetables,Onion,2026-05-02,419.67,Metric Tonnes,1239.54,Rs./Quintal,5,122,1462.59,1411.34,1379.2857142857142
Punjab,Vegetables,Onion,2026-05-03,46.56,Metric Tonnes,1378.63,Rs./Quintal,5,123,1239.54,1543.21,1354.7428571428572
Punjab,Vegetables,Onion,2026-05-04,1243.33,Metric Tonnes,1290.0,Rs./Quintal,5,124,1378.63,1314.44,1331.2314285714288
Punjab,Vegetables,Onion,2026-05-05,793.62,Metric Tonnes,1208.62,Rs./Quintal,5,125,1290.0,1308.41,1327.74
Punjab,Vegetables,Onion,2026-05-06,1328.27,Metric Tonnes,1408.82,Rs./Quintal,5,126,1208.62,1318.77,1313.4842857142855
Punjab,Vegetables,Onion,2026-05-07,2258.79,Metric Tonnes,1187.11,Rs./Quintal,5,127,1408.82,1296.24,1326.3485714285712
Punjab,Vegetables,Onion,2026-05-08,1366.04,Metric Tonnes,1282.65,Rs./Quintal,5,128,1187.11,1462.59,1310.7585714285713
Punjab,Vegetables,Onion,2026-05-09,953.92,Metric Tonnes,1472.4,Rs./Quintal,5,129,1282.65,1239.54,1285.052857142857
Punjab,Vegetables,Onion,2026-05-10,48.08,Metric Tonnes,1505.37,Rs./Quintal,5,130,1472.4,1378.63,1318.3185714285714
Punjab,Vegetables,Onion,2026-05-11,1639.25,Metric Tonnes,1332.72,Rs./Quintal,5,131,1505.37,1290.0,1336.4242857142856
Punjab,Vegetables,Onion,2026-05-12,1628.2,Metric Tonnes,1355.53,Rs./Quintal,5,132,1332.72,1208.62,1342.5271428571427
Punjab,Vegetables,Onion,2026-05-13,1301.45,Metric Tonnes,1435.09,Rs./Quintal,5,133,1355.53,1408.82,1363.5142857142857
Punjab,Vegetables,Onion,2026-05-14,1333.75,Metric Tonnes,1437.95,Rs./Quintal,5,134,1435.09,1187.11,1367.2671428571427
Punjab,Vegetables,Onion,2026-05-15,1311.84,Metric Tonnes,1330.36,Rs./Quintal,5,135,1437.95,1282.65,1403.1014285714284
Punjab,Vegetables,Onion,2026-05-16,983.89,Metric Tonnes,1523.83,Rs./Quintal,5,136,1330.36,1472.4,1409.9171428571428
Punjab,Vegetables,Onion,2026-05-17,21.9,Metric Tonnes,1388.58,Rs./Quintal,5,137,1523.83,1505.37,1417.2642857142857
Punjab,Vegetables,Onion,2026-05-18,926.22,Metric Tonnes,1213.12,Rs./Quintal,5,138,1388.58,1332.72,1400.58
Punjab,Vegetables,Onion,2026-05-19,1239.29,Metric Tonnes,1294.3,Rs./Quintal,5,139,1213.12,1355.53,1383.4942857142855
Punjab,Vegetables,Onion,2026-05-20,945.45,Metric Tonnes,1459.36,Rs./Quintal,5,140,1294.3,1435.09,1374.7471428571428
Punjab,Vegetables,Onion,2026-05-21,1010.95,Metric Tonnes,1419.48,Rs./Quintal,5,141,1459.36,1437.95,1378.2142857142858
Punjab,Vegetables,Onion,2026-05-22,890.48,Metric Tonnes,1282.6,Rs./Quintal,5,142,1419.48,1330.36,1375.5757142857142
Punjab,Vegetables,Onion,2026-05-23,658.89,Metric Tonnes,1421.22,Rs./Quintal,5,143,1282.6,1523.83,1368.7528571428572
Punjab,Vegetables,Onion,2026-05-24,29.38,Metric Tonnes,1564.58,Rs./Quintal,5,144,1421.22,1388.58,1354.0942857142857
Punjab,Vegetables,Onion,2026-05-25,1018.39,Metric Tonnes,1306.59,Rs./Quintal,5,145,1564.58,1213.12,1379.2371428571428
Punjab,Vegetables,Onion,2026-05-26,978.1,Metric Tonnes,1222.86,Rs./Quintal,5,146,1306.59,1294.3,1392.59
Punjab,Vegetables,Onion,2026-05-27,1127.97,Metric Tonnes,1335.94,Rs./Quintal,5,147,1222.86,1459.36,1382.3842857142856
Punjab,Vegetables,Onion,2026-05-28,948.13,Metric Tonnes,1349.47,Rs./Quintal,5,148,1335.94,1419.48,1364.752857142857
Punjab,Vegetables,Onion,2026-05-29,720.55,Metric Tonnes,1219.02,Rs./Quintal,5,149,1349.47,1282.6,1354.7514285714285
Punjab,Vegetables,Onion,2026-05-30,732.85,Metric Tonnes,1398.37,Rs./Quintal,5,150,1219.02,1421.22,1345.668571428571
Punjab,Vegetables,Onion,2026-05-31,26.24,Metric Tonnes,1551.73,Rs./Quintal,5,151,1398.37,1564.58,1342.4042857142856
Punjab,Vegetables,Onion,2026-06-01,1099.87,Metric Tonnes,1318.76,Rs./Quintal,6,152,1551.73,1306.59,1340.5685714285714
Punjab,Vegetables,Onion,2026-06-02,1302.9,Metric Tonnes,1353.53,Rs./Quintal,6,153,1318.76,1222.86,1342.3071428571427
Punjab,Vegetables,Onion,2026-06-03,1123.24,Metric Tonnes,1403.54,Rs./Quintal,6,154,1353.53,1335.94,1360.9742857142858
Punjab,Vegetables,Onion,2026-06-04,767.75,Metric Tonnes,1371.87,Rs./Quintal,6,155,1403.54,1349.47,1370.6314285714286
Punjab,Vegetables,Onion,2026-06-05,1044.28,Metric Tonnes,1426.13,Rs./Quintal,6,156,1371.87,1219.02,1373.8314285714284
Punjab,Vegetables,Onion,2026-06-06,3073.13,Metric Tonnes,1725.38,Rs./Quintal,6,157,1426.13,1398.37,1403.4185714285716
Punjab,Vegetables,Onion,2026-06-07,33.81,Metric Tonnes,1718.66,Rs./Quintal,6,158,1725.38,1551.73,1450.1342857142859
Punjab,Vegetables,Onion,2026-06-08,1291.82,Metric Tonnes,1583.53,Rs./Quintal,6,159,1718.66,1318.76,1473.9814285714285
Punjab,Vegetables,Onion,2026-06-09,1438.16,Metric Tonnes,1538.42,Rs./Quintal,6,160,1583.53,1353.53,1511.8057142857144
Punjab,Vegetables,Onion,2026-06-10,1142.75,Metric Tonnes,1586.32,Rs./Quintal,6,161,1538.42,1403.54,1538.2185714285715
Punjab,Vegetables,Onion,2026-06-11,1307.89,Metric Tonnes,1576.74,Rs./Quintal,6,162,1586.32,1371.87,1564.33
Punjab,Vegetables,Onion,2026-06-12,974.44,Metric Tonnes,1618.86,Rs./Quintal,6,163,1576.74,1426.13,1593.597142857143
Punjab,Vegetables,Onion,2026-06-13,1002.95,Metric Tonnes,1737.76,Rs./Quintal,6,164,1618.86,1725.38,1621.1299999999999
Punjab,Vegetables,Onion,2026-06-14,26.25,Metric Tonnes,1658.25,Rs./Quintal,6,165,1737.76,1718.66,1622.8985714285716
Punjab,Vegetables,Onion,2026-06-15,997.13,Metric Tonnes,1609.24,Rs./Quintal,6,166,1658.25,1583.53,1614.2685714285715
Punjab,Vegetables,Onion,2026-06-16,1304.74,Metric Tonnes,1573.79,Rs./Quintal,6,167,1609.24,1538.42,1617.9414285714286
Punjab,Vegetables,Onion,2026-06-17,1101.78,Metric Tonnes,1563.82,Rs./Quintal,6,168,1573.79,1586.32,1622.9942857142855
Punjab,Vegetables,Onion,2026-06-18,884.9,Metric Tonnes,1733.03,Rs./Quintal,6,169,1563.82,1576.74,1619.78
Punjab,Vegetables,Onion,2026-06-19,1084.91,Metric Tonnes,1632.14,Rs./Quintal,6,170,1733.03,1618.86,1642.107142857143
Punjab,Vegetables,Onion,2026-06-20,403.43,Metric Tonnes,1522.91,Rs./Quintal,6,171,1632.14,1737.76,1644.0042857142855
Punjab,Vegetables,Onion,2026-06-21,30.99,Metric Tonnes,1876.97,Rs./Quintal,6,172,1522.91,1658.25,1613.3114285714287
Punjab,Vegetables,Onion,2026-06-22,1223.27,Metric Tonnes,1658.3,Rs./Quintal,6,173,1876.97,1609.24,1644.5571428571427
Punjab,Vegetables,Onion,2026-06-23,1012.48,Metric Tonnes,1612.35,Rs./Quintal,6,174,1658.3,1573.79,1651.5657142857142
Punjab,Vegetables,Onion,2026-06-24,1070.12,Metric Tonnes,1793.57,Rs./Quintal,6,175,1612.35,1563.82,1657.0742857142857
Punjab,Vegetables,Onion,2026-06-25,806.32,Metric Tonnes,1879.07,Rs./Quintal,6,176,1793.57,1733.03,1689.8957142857143
Punjab,Vegetables,Onion,2026-06-26,540.15,Metric Tonnes,1549.04,Rs./Quintal,6,177,1879.07,1632.14,1710.7585714285713
Punjab,Vegetables,Onion,2026-06-27,502.15,Metric Tonnes,1637.55,Rs./Quintal,6,178,1549.04,1522.91,1698.887142857143
Punjab,Vegetables,Onion,2026-06-28,27.91,Metric Tonnes,1874.56,Rs./Quintal,6,179,1637.55,1876.97,1715.2642857142855
Punjab,Vegetables,Onion,2026-06-29,937.8,Metric Tonnes,1751.37,Rs./Quintal,6,180,1874.56,1658.3,1714.9199999999998
Punjab,Vegetables,Onion,2026-06-30,1159.13,Metric Tonnes,1880.42,Rs./Quintal,6,181,1751.37,1612.35,1728.2157142857143
Punjab,Vegetables,Onion,2026-07-01,988.27,Metric Tonnes,1981.87,Rs./Quintal,7,182,1880.42,1793.57,1766.5114285714285
Punjab,Vegetables,Onion,2026-07-02,940.17,Metric Tonnes,1965.47,Rs./Quintal,7,183,1981.87,1879.07,1793.4114285714284
Punjab,Vegetables,Onion,2026-07-03,869.76,Metric Tonnes,2063.22,Rs./Quintal,7,184,1965.47,1549.04,1805.7542857142857
Punjab,Vegetables,Onion,2026-07-04,581.19,Metric Tonnes,1841.33,Rs./Quintal,7,185,2063.22,1637.55,1879.2085714285713
Punjab,Vegetables,Onion,2026-07-05,39.56,Metric Tonnes,2080.21,Rs./Quintal,7,186,1841.33,1874.56,1908.32
Punjab,Vegetables,Onion,2026-07-06,1129.17,Metric Tonnes,1988.67,Rs./Quintal,7,187,2080.21,1751.37,1937.6985714285713
Punjab,Vegetables,Onion,2026-07-07,1095.91,Metric Tonnes,2029.7,Rs./Quintal,7,188,1988.67,1880.42,1971.5985714285712
Punjab,Vegetables,Onion,2026-07-08,1211.36,Metric Tonnes,2045.98,Rs./Quintal,7,189,2029.7,1981.87,1992.9242857142856
Punjab,Vegetables,Onion,2026-07-09,945.2,Metric Tonnes,2179.57,Rs./Quintal,7,190,2045.98,1965.47,2002.0828571428572
Punjab,Vegetables,Onion,2026-07-10,1010.8,Metric Tonnes,2064.23,Rs./Quintal,7,191,2179.57,2063.22,2032.6685714285716
Punjab,Vegetables,Onion,2026-07-11,750.35,Metric Tonnes,2215.41,Rs./Quintal,7,192,2064.23,1841.33,2032.8128571428572
Punjab,Vegetables,Onion,2026-07-12,27.72,Metric Tonnes,2405.1,Rs./Quintal,7,193,2215.41,2080.21,2086.252857142857
Punjab,Vegetables,Onion,2026-07-13,1132.47,Metric Tonnes,2080.24,Rs./Quintal,7,194,2405.1,1988.67,2132.6657142857143
Punjab,Vegetables,Onion,2026-07-14,1353.46,Metric Tonnes,2065.87,Rs./Quintal,7,195,2080.24,2029.7,2145.747142857143
Punjab,Vegetables,Onion,2026-07-15,1070.13,Metric Tonnes,2121.06,Rs./Quintal,7,196,2065.87,2045.98,2150.9142857142856
Punjab,Vegetables,Onion,2026-07-16,1035.46,Metric Tonnes,2170.35,Rs./Quintal,7,197,2121.06,2179.57,2161.64
Punjab,Vegetables,Onion,2026-07-17,748.74,Metric Tonnes,1954.79,Rs./Quintal,7,198,2170.35,2064.23,2160.322857142857
Punjab,Vegetables,Onion,2026-07-18,842.25,Metric Tonnes,2297.24,Rs./Quintal,7,199,1954.79,2215.41,2144.6885714285713
Punjab,Vegetables,Onion,2026-07-19,30.2,Metric Tonnes,2167.68,Rs./Quintal,7,200,2297.24,2405.1,2156.378571428571
Punjab,Vegetables,Onion,2026-07-20,721.9,Metric Tonnes,1923.43,Rs./Quintal,7,201,2167.68,2080.24,2122.4614285714283
Punjab,Vegetables,Onion,2026-07-21,1274.38,Metric Tonnes,2127.6,Rs./Quintal,7,202,1923.43,2065.87,2100.06
Punjab,Vegetables,Onion,2026-07-22,1232.49,Metric Tonnes,2203.93,Rs./Quintal,7,203,2127.6,2121.06,2108.8785714285714
Punjab,Vegetables,Onion,2026-07-23,1317.22,Metric Tonnes,2248.55,Rs./Quintal,7,204,2203.93,2170.35,2120.717142857143
Punjab,Vegetables,Onion,2026-07-24,918.83,Metric Tonnes,2374.72,Rs./Quintal,7,205,2248.55,1954.79,2131.888571428571
Punjab,Vegetables,Onion,2026-07-25,634.19,Metric Tonnes,2312.66,Rs./Quintal,7,206,2374.72,2297.24,2191.878571428572
Punjab,Vegetables,Onion,2026-07-26,51.98,Metric Tonnes,2495.61,Rs./Quintal,7,207,2312.66,2167.68,2194.0814285714287
Punjab,Vegetables,Onion,2026-07-27,1250.87,Metric Tonnes,2212.85,Rs./Quintal,7,208,2495.61,1923.43,2240.9285714285716
Punjab,Vegetables,Onion,2026-07-28,1269.46,Metric Tonnes,2216.73,Rs./Quintal,7,209,2212.85,2127.6,2282.2742857142857
Punjab,Vegetables,Onion,2026-07-29,1214.64,Metric Tonnes,2285.56,Rs./Quintal,7,210,2216.73,2203.93,2295.0071428571428
Punjab,Vegetables,Onion,2026-07-30,1122.35,Metric Tonnes,2198.35,Rs./Quintal,7,211,2285.56,2248.55,2306.6685714285713
Punjab,Vegetables,Onion,2026-07-31,813.96,Metric Tonnes,2313.28,Rs./Quintal,7,212,2198.35,2374.72,2299.497142857143
Punjab,Vegetables,Onion,2026-08-01,852.63,Metric Tonnes,2323.79,Rs./Quintal,8,213,2313.28,2312.66,2290.72
Punjab,Vegetables,Onion,2026-08-02,96.29,Metric Tonnes,2289.8,Rs./Quintal,8,214,2323.79,2495.61,2292.3100000000004
Punjab,Vegetables,Onion,2026-08-03,1302.52,Metric Tonnes,2119.61,Rs./Quintal,8,215,2289.8,2212.85,2262.9085714285716
Punjab,Vegetables,Onion,2026-08-04,1041.92,Metric Tonnes,2193.99,Rs./Quintal,8,216,2119.61,2216.73,2249.5885714285714
Punjab,Vegetables,Onion,2026-08-05,1082.9,Metric Tonnes,2226.39,Rs./Quintal,8,217,2193.99,2285.56,2246.34
Punjab,Vegetables,Onion,2026-08-06,1127.76,Metric Tonnes,2136.78,Rs./Quintal,8,218,2226.39,2198.35,2237.887142857143
Punjab,Vegetables,Onion,2026-08-07,1101.41,Metric Tonnes,2244.61,Rs./Quintal,8,219,2136.78,2313.28,2229.091428571429
Punjab,Vegetables,Onion,2026-08-08,754.92,Metric Tonnes,2232.78,Rs./Quintal,8,220,2244.61,2323.79,2219.281428571429
Punjab,Vegetables,Onion,2026-08-09,75.86,Metric Tonnes,2682.15,Rs./Quintal,8,221,2232.78,2289.8,2206.2799999999997
Punjab,Vegetables,Onion,2026-08-10,1242.46,Metric Tonnes,2166.59,Rs./Quintal,8,222,2682.15,2119.61,2262.3300000000004
Punjab,Vegetables,Onion,2026-08-11,1239.61,Metric Tonnes,2179.6,Rs./Quintal,8,223,2166.59,2193.99,2269.0414285714287
Punjab,Vegetables,Onion,2026-08-12,1694.52,Metric Tonnes,1863.06,Rs./Quintal,8,224,2179.6,2226.39,2266.985714285714
Punjab,Vegetables,Onion,2026-08-13,790.87,Metric Tonnes,2159.61,Rs./Quintal,8,225,1863.06,2136.78,2215.0814285714287
Punjab,Vegetables,Onion,2026-08-14,884.4,Metric Tonnes,2221.74,Rs./Quintal,8,226,2159.61,2244.61,2218.342857142857
Punjab,Vegetables,Onion,2026-08-15,900.14,Metric Tonnes,2335.55,Rs./Quintal,8,227,2221.74,2232.78,2215.075714285714
Punjab,Vegetables,Onion,2026-08-16,89.99,Metric Tonnes,2640.94,Rs./Quintal,8,228,2335.55,2682.15,2229.757142857143
Punjab,Vegetables,Onion,2026-08-17,1210.91,Metric Tonnes,2408.11,Rs./Quintal,8,229,2640.94,2166.59,2223.87
Punjab,Vegetables,Onion,2026-08-18,1441.26,Metric Tonnes,2462.83,Rs./Quintal,8,230,2408.11,2179.6,2258.3728571428574
Punjab,Vegetables,Onion,2026-08-19,894.09,Metric Tonnes,2812.57,Rs./Quintal,8,231,2462.83,1863.06,2298.8342857142857
Punjab,Vegetables,Onion,2026-08-20,900.49,Metric Tonnes,2750.02,Rs./Quintal,8,232,2812.57,2159.61,2434.4785714285713
Punjab,Vegetables,Onion,2026-08-21,1115.26,Metric Tonnes,2732.52,Rs./Quintal,8,233,2750.02,2221.74,2518.8228571428576
Punjab,Vegetables,Onion,2026-08-22,809.15,Metric Tonnes,2947.99,Rs./Quintal,8,234,2732.52,2335.55,2591.7914285714287
Punjab,Vegetables,Onion,2026-08-23,179.89,Metric Tonnes,2571.73,Rs./Quintal,8,235,2947.99,2640.94,2679.282857142857
Punjab,Vegetables,Onion,2026-08-24,1280.91,Metric Tonnes,3031.39,Rs./Quintal,8,236,2571.73,2408.11,2669.3957142857143
Punjab,Vegetables,Onion,2026-08-25,1276.52,Metric Tonnes,2996.65,Rs./Quintal,8,237,3031.39,2462.83,2758.4357142857143
Punjab,Vegetables,Onion,2026-08-26,958.91,Metric Tonnes,3144.22,Rs./Quintal,8,238,2996.65,2812.57,2834.695714285714
Punjab,Vegetables,Onion,2026-08-27,764.86,Metric Tonnes,3034.83,Rs./Quintal,8,239,3144.22,2750.02,2882.0742857142855
Punjab,Vegetables,Onion,2026-08-28,795.54,Metric Tonnes,3155.21,Rs./Quintal,8,240,3034.83,2732.52,2922.7614285714285
Punjab,Vegetables,Onion,2026-08-29,945.55,Metric Tonnes,3081.86,Rs./Quintal,8,241,3155.21,2947.99,2983.145714285714
Punjab,Vegetables,Onion,2026-08-30,71.63,Metric Tonnes,3109.23,Rs./Quintal,8,242,3081.86,2571.73,3002.27
Punjab,Vegetables,Onion,2026-08-31,1077.69,Metric Tonnes,3178.49,Rs./Quintal,8,243,3109.23,3031.39,3079.055714285714
Punjab,Vegetables,Onion,2026-09-01,1039.31,Metric Tonnes,3661.41,Rs./Quintal,9,244,3178.49,2996.65,3100.07
Punjab,Vegetables,Onion,2026-09-02,983.58,Metric Tonnes,3576.83,Rs./Quintal,9,245,3661.41,3144.22,3195.035714285714
Punjab,Vegetables,Onion,2026-09-03,963.65,Metric Tonnes,3673.27,Rs./Quintal,9,246,3576.83,3034.83,3256.837142857142
Punjab,Vegetables,Onion,2026-09-04,794.44,Metric Tonnes,3773.88,Rs./Quintal,9,247,3673.27,3155.21,3348.042857142857
Punjab,Vegetables,Onion,2026-09-05,848.07,Metric Tonnes,3771.99,Rs./Quintal,9,248,3773.88,3081.86,3436.424285714286
Punjab,Vegetables,Onion,2026-09-06,88.91,Metric Tonnes,3828.09,Rs./Quintal,9,249,3771.99,3109.23,3535.0142857142855
Punjab,Vegetables,Onion,2026-09-07,1277.69,Metric Tonnes,3319.07,Rs./Quintal,9,250,3828.09,3178.49,3637.7085714285713
Punjab,Vegetables,Onion,2026-09-08,925.79,Metric Tonnes,3669.69,Rs./Quintal,9,251,3319.07,3661.41,3657.7914285714287
Punjab,Vegetables,Onion,2026-09-09,1029.94,Metric Tonnes,3783.8,Rs./Quintal,9,252,3669.69,3576.83,3658.9742857142855
Punjab,Vegetables,Onion,2026-09-10,1018.23,Metric Tonnes,3798.08,Rs./Quintal,9,253,3783.8,3673.27,3688.5414285714287
Punjab,Vegetables,Potato,2024-01-08,1512.43,Metric Tonnes,385.4,Rs./Quintal,1,8,727.72,407.44,455.92571428571426
Punjab,Vegetables,Potato,2024-01-09,1267.61,Metric Tonnes,389.64,Rs./Quintal,1,9,385.4,425.98,452.77714285714285
Punjab,Vegetables,Potato,2024-01-10,1329.48,Metric Tonnes,376.97,Rs./Quintal,1,10,389.64,429.98,447.5857142857143
Punjab,Vegetables,Potato,2024-01-11,1144.12,Metric Tonnes,388.31,Rs./Quintal,1,11,376.97,437.79,440.0128571428572
Punjab,Vegetables,Potato,2024-01-12,1689.23,Metric Tonnes,402.86,Rs./Quintal,1,12,388.31,398.49,432.94428571428574
Punjab,Vegetables,Potato,2024-01-13,970.76,Metric Tonnes,385.73,Rs./Quintal,1,13,402.86,364.08,433.5685714285714
Punjab,Vegetables,Potato,2024-01-14,79.3,Metric Tonnes,514.34,Rs./Quintal,1,14,385.73,727.72,436.66142857142853
Punjab,Vegetables,Potato,2024-01-15,1263.54,Metric Tonnes,423.27,Rs./Quintal,1,15,514.34,385.4,406.17857142857144
Punjab,Vegetables,Potato,2024-01-16,1183.99,Metric Tonnes,408.0,Rs./Quintal,1,16,423.27,389.64,411.5885714285714
Punjab,Vegetables,Potato,2024-01-17,950.07,Metric Tonnes,386.26,Rs./Quintal,1,17,408.0,376.97,414.2114285714286
Punjab,Vegetables,Potato,2024-01-18,1617.77,Metric Tonnes,406.08,Rs./Quintal,1,18,386.26,388.31,415.5385714285715
Punjab,Vegetables,Potato,2024-01-19,1427.86,Metric Tonnes,413.49,Rs./Quintal,1,19,406.08,402.86,418.07714285714286
Punjab,Vegetables,Potato,2024-01-20,1039.11,Metric Tonnes,391.9,Rs./Quintal,1,20,413.49,385.73,419.5957142857143
Punjab,Vegetables,Potato,2024-01-21,87.85,Metric Tonnes,491.52,Rs./Quintal,1,21,391.9,514.34,420.4771428571429
Punjab,Vegetables,Potato,2024-01-22,1311.92,Metric Tonnes,390.91,Rs./Quintal,1,22,491.52,423.27,417.21714285714285
Punjab,Vegetables,Potato,2024-01-23,1438.6,Metric Tonnes,448.33,Rs./Quintal,1,23,390.91,408.0,412.5942857142857
Punjab,Vegetables,Potato,2024-01-24,1470.84,Metric Tonnes,404.53,Rs./Quintal,1,24,448.33,386.26,418.35571428571427
Punjab,Vegetables,Potato,2024-01-25,1398.4,Metric Tonnes,391.21,Rs./Quintal,1,25,404.53,406.08,420.9657142857142
Punjab,Vegetables,Potato,2024-01-26,1204.53,Metric Tonnes,390.78,Rs./Quintal,1,26,391.21,413.49,418.84142857142854
Punjab,Vegetables,Potato,2024-01-27,1215.75,Metric Tonnes,376.42,Rs./Quintal,1,27,390.78,391.9,415.59714285714284
Punjab,Vegetables,Potato,2024-01-28,66.4,Metric Tonnes,494.95,Rs./Quintal,1,28,376.42,491.52,413.38571428571424
Punjab,Vegetables,Potato,2024-01-29,1697.06,Metric Tonnes,423.17,Rs./Quintal,1,29,494.95,390.91,413.8757142857143
Punjab,Vegetables,Potato,2024-01-30,1483.78,Metric Tonnes,429.8,Rs./Quintal,1,30,423.17,448.33,418.4842857142857
Punjab,Vegetables,Potato,2024-01-31,1237.94,Metric Tonnes,478.22,Rs./Quintal,1,31,429.8,404.53,415.83714285714285
Punjab,Vegetables,Potato,2024-02-01,1420.42,Metric Tonnes,443.05,Rs./Quintal,2,32,478.22,391.21,426.36428571428576
Punjab,Vegetables,Potato,2024-02-02,1322.4,Metric Tonnes,416.67,Rs./Quintal,2,33,443.05,390.78,433.77
Punjab,Vegetables,Potato,2024-02-03,1282.54,Metric Tonnes,400.04,Rs./Quintal,2,34,416.67,376.42,437.46857142857147
Punjab,Vegetables,Potato,2024-02-04,83.6,Metric Tonnes,578.29,Rs./Quintal,2,35,400.04,494.95,440.84285714285716
Punjab,Vegetables,Potato,2024-02-05,1303.89,Metric Tonnes,433.32,Rs./Quintal,2,36,578.29,423.17,452.7485714285714
Punjab,Vegetables,Potato,2024-02-06,1318.42,Metric Tonnes,464.38,Rs./Quintal,2,37,433.32,429.8,454.1985714285715
Punjab,Vegetables,Potato,2024-02-07,1353.19,Metric Tonnes,446.88,Rs./Quintal,2,38,464.38,478.22,459.1385714285714
Punjab,Vegetables,Potato,2024-02-08,1504.39,Metric Tonnes,463.46,Rs./Quintal,2,39,446.88,443.05,454.6614285714286
Punjab,Vegetables,Potato,2024-02-09,1546.55,Metric Tonnes,485.07,Rs./Quintal,2,40,463.46,416.67,457.57714285714286
Punjab,Vegetables,Potato,2024-02-10,1439.95,Metric Tonnes,423.26,Rs./Quintal,2,41,485.07,400.04,467.34857142857146
Punjab,Vegetables,Potato,2024-02-11,105.15,Metric Tonnes,511.7,Rs./Quintal,2,42,423.26,578.29,470.6657142857143
Punjab,Vegetables,Potato,2024-02-12,1856.93,Metric Tonnes,440.42,Rs./Quintal,2,43,511.7,433.32,461.1528571428571
Punjab,Vegetables,Potato,2024-02-13,1597.23,Metric Tonnes,472.31,Rs./Quintal,2,44,440.42,464.38,462.1671428571428
Punjab,Vegetables,Potato,2024-02-14,1438.77,Metric Tonnes,446.84,Rs./Quintal,2,45,472.31,446.88,463.30000000000007
Punjab,Vegetables,Potato,2024-02-15,1307.1,Metric Tonnes,441.27,Rs./Quintal,2,46,446.84,463.46,463.2942857142857
Punjab,Vegetables,Potato,2024-02-16,928.06,Metric Tonnes,450.49,Rs./Quintal,2,47,441.27,485.07,460.1242857142857
Punjab,Vegetables,Potato,2024-02-17,1356.18,Metric Tonnes,465.17,Rs./Quintal,2,48,450.49,423.26,455.1842857142857
Punjab,Vegetables,Potato,2024-02-18,64.4,Metric Tonnes,604.81,Rs./Quintal,2,49,465.17,511.7,461.1714285714285
Punjab,Vegetables,Potato,2024-02-19,1843.88,Metric Tonnes,475.33,Rs./Quintal,2,50,604.81,440.42,474.4728571428572
Punjab,Vegetables,Potato,2024-02-20,1181.36,Metric Tonnes,441.9,Rs./Quintal,2,51,475.33,472.31,479.46000000000004
Punjab,Vegetables,Potato,2024-02-21,1201.2,Metric Tonnes,442.95,Rs./Quintal,2,52,441.9,446.84,475.1157142857142
Punjab,Vegetables,Potato,2024-02-22,1170.34,Metric Tonnes,492.33,Rs./Quintal,2,53,442.95,441.27,474.56
Punjab,Vegetables,Potato,2024-02-23,1204.6,Metric Tonnes,448.82,Rs./Quintal,2,54,492.33,450.49,481.8542857142857
Punjab,Vegetables,Potato,2024-02-24,1031.87,Metric Tonnes,452.44,Rs./Quintal,2,55,448.82,465.17,481.6157142857142
Punjab,Vegetables,Potato,2024-02-25,54.3,Metric Tonnes,659.67,Rs./Quintal,2,56,452.44,604.81,479.7971428571428
Punjab,Vegetables,Potato,2024-02-26,1806.74,Metric Tonnes,499.73,Rs./Quintal,2,57,659.67,475.33,487.6342857142857
Punjab,Vegetables,Potato,2024-02-27,1663.64,Metric Tonnes,517.02,Rs./Quintal,2,58,499.73,441.9,491.11999999999995
Punjab,Vegetables,Potato,2024-02-28,1671.89,Metric Tonnes,545.17,Rs./Quintal,2,59,517.02,442.95,501.8514285714286
Punjab,Vegetables,Potato,2024-02-29,1603.49,Metric Tonnes,556.49,Rs./Quintal,2,60,545.17,492.33,516.4542857142857
Punjab,Vegetables,Potato,2024-03-01,1561.64,Metric Tonnes,544.23,Rs./Quintal,3,61,556.49,448.82,525.62
Punjab,Vegetables,Potato,2024-03-02,874.47,Metric Tonnes,512.66,Rs./Quintal,3,62,544.23,452.44,539.2499999999999
Punjab,Vegetables,Potato,2024-03-03,68.65,Metric Tonnes,731.97,Rs./Quintal,3,63,512.66,659.67,547.8528571428571
Punjab,Vegetables,Potato,2024-03-04,1271.0,Metric Tonnes,508.64,Rs./Quintal,3,64,731.97,499.73,558.1814285714286
Punjab,Vegetables,Potato,2024-03-05,1525.62,Metric Tonnes,591.49,Rs./Quintal,3,65,508.64,517.02,559.4542857142857
Punjab,Vegetables,Potato,2024-03-06,1338.81,Metric Tonnes,564.29,Rs./Quintal,3,66,591.49,545.17,570.0928571428572
Punjab,Vegetables,Potato,2024-03-07,937.11,Metric Tonnes,641.19,Rs./Quintal,3,67,564.29,556.49,572.8242857142857
Punjab,Vegetables,Potato,2024-03-08,1363.0,Metric Tonnes,550.12,Rs./Quintal,3,68,641.19,544.23,584.9242857142857
Punjab,Vegetables,Potato,2024-03-09,1155.2,Metric Tonnes,584.72,Rs./Quintal,3,69,550.12,512.66,585.7657142857144
Punjab,Vegetables,Potato,2024-03-10,75.5,Metric Tonnes,788.48,Rs./Quintal,3,70,584.72,731.97,596.0600000000001
Punjab,Vegetables,Potato,2024-03-11,1431.12,Metric Tonnes,566.57,Rs./Quintal,3,71,788.48,508.64,604.1328571428572
Punjab,Vegetables,Potato,2024-03-12,1455.84,Metric Tonnes,654.71,Rs./Quintal,3,72,566.57,591.49,612.4085714285715
Punjab,Vegetables,Potato,2024-03-13,1033.63,Metric Tonnes,605.35,Rs./Quintal,3,73,654.71,564.29,621.4399999999999
Punjab,Vegetables,Potato,2024-03-14,1372.16,Metric Tonnes,627.71,Rs./Quintal,3,74,605.35,641.19,627.3057142857143
Punjab,Vegetables,Potato,2024-03-15,766.6,Metric Tonnes,588.02,Rs./Quintal,3,75,627.71,550.12,625.38
Punjab,Vegetables,Potato,2024-03-16,1034.49,Metric Tonnes,567.17,Rs./Quintal,3,76,588.02,584.72,630.7942857142858
Punjab,Vegetables,Potato,2024-03-17,65.29,Metric Tonnes,861.13,Rs./Quintal,3,77,567.17,788.48,628.2871428571428
Punjab,Vegetables,Potato,2024-03-18,1479.75,Metric Tonnes,633.34,Rs./Quintal,3,78,861.13,566.57,638.6657142857142
Punjab,Vegetables,Potato,2024-03-19,1570.12,Metric Tonnes,595.36,Rs./Quintal,3,79,633.34,654.71,648.2042857142858
Punjab,Vegetables,Potato,2024-03-20,1498.74,Metric Tonnes,634.94,Rs./Quintal,3,80,595.36,605.35,639.7257142857143
Punjab,Vegetables,Potato,2024-03-21,1197.75,Metric Tonnes,597.8,Rs./Quintal,3,81,634.94,627.71,643.9528571428572
Punjab,Vegetables,Potato,2024-03-22,1009.18,Metric Tonnes,608.82,Rs./Quintal,3,82,597.8,588.02,639.6800000000001
Punjab,Vegetables,Potato,2024-03-23,837.28,Metric Tonnes,566.71,Rs./Quintal,3,83,608.82,567.17,642.6514285714286
Punjab,Vegetables,Potato,2024-03-24,49.23,Metric Tonnes,940.28,Rs./Quintal,3,84,566.71,861.13,642.5857142857143
Punjab,Vegetables,Potato,2024-03-25,1011.47,Metric Tonnes,677.58,Rs./Quintal,3,85,940.28,633.34,653.8928571428571
Punjab,Vegetables,Potato,2024-03-26,870.31,Metric Tonnes,687.96,Rs./Quintal,3,86,677.58,595.36,660.2128571428572
Punjab,Vegetables,Potato,2024-03-27,895.0,Metric Tonnes,697.82,Rs./Quintal,3,87,687.96,634.94,673.4414285714286
Punjab,Vegetables,Potato,2024-03-28,1271.36,Metric Tonnes,689.91,Rs./Quintal,3,88,697.82,597.8,682.4242857142857
Punjab,Vegetables,Potato,2024-03-29,1037.93,Metric Tonnes,625.49,Rs./Quintal,3,89,689.91,608.82,695.5828571428572
Punjab,Vegetables,Potato,2024-03-30,814.6,Metric Tonnes,597.95,Rs./Quintal,3,90,625.49,566.71,697.9642857142857
Punjab,Vegetables,Potato,2024-03-31,92.44,Metric Tonnes,872.13,Rs./Quintal,3,91,597.95,940.28,702.4271428571428
Punjab,Vegetables,Potato,2024-04-01,1109.91,Metric Tonnes,579.14,Rs./Quintal,4,92,872.13,677.58,692.6914285714286
Punjab,Vegetables,Potato,2024-04-02,1223.37,Metric Tonnes,604.26,Rs./Quintal,4,93,579.14,687.96,678.6285714285715
Punjab,Vegetables,Potato,2024-04-03,867.99,Metric Tonnes,630.75,Rs./Quintal,4,94,604.26,697.82,666.6714285714287
Punjab,Vegetables,Potato,2024-04-04,1382.84,Metric Tonnes,655.36,Rs./Quintal,4,95,630.75,689.91,657.09
Punjab,Vegetables,Potato,2024-04-05,1280.97,Metric Tonnes,718.91,Rs./Quintal,4,96,655.36,625.49,652.1542857142857
Punjab,Vegetables,Potato,2024-04-06,916.26,Metric Tonnes,657.53,Rs./Quintal,4,97,718.91,597.95,665.5
Punjab,Vegetables,Potato,2024-04-07,83.9,Metric Tonnes,974.21,Rs./Quintal,4,98,657.53,872.13,674.0114285714286
Punjab,Vegetables,Potato,2024-04-08,1226.47,Metric Tonnes,565.51,Rs./Quintal,4,99,974.21,579.14,688.5942857142857
Punjab,Vegetables,Potato,2024-04-09,1320.19,Metric Tonnes,699.44,Rs./Quintal,4,100,565.51,604.26,686.6471428571429
Punjab,Vegetables,Potato,2024-04-10,1154.66,Metric Tonnes,735.68,Rs./Quintal,4,101,699.44,630.75,700.2442857142859
Punjab,Vegetables,Potato,2024-04-11,721.23,Metric Tonnes,739.39,Rs./Quintal,4,102,735.68,655.36,715.2342857142858
Punjab,Vegetables,Potato,2024-04-12,962.99,Metric Tonnes,734.84,Rs./Quintal,4,103,739.39,718.91,727.2385714285714
Punjab,Vegetables,Potato,2024-04-13,858.42,Metric Tonnes,686.92,Rs./Quintal,4,104,734.84,657.53,729.5142857142857
Punjab,Vegetables,Potato,2024-04-14,79.5,Metric Tonnes,998.26,Rs./Quintal,4,105,686.92,974.21,733.7128571428572
Punjab,Vegetables,Potato,2024-04-15,1077.54,Metric Tonnes,757.77,Rs./Quintal,4,106,998.26,565.51,737.1485714285715
Punjab,Vegetables,Potato,2024-04-16,1308.52,Metric Tonnes,846.66,Rs./Quintal,4,107,757.77,699.44,764.6142857142858
Punjab,Vegetables,Potato,2024-04-17,780.04,Metric Tonnes,923.15,Rs./Quintal,4,108,846.66,735.68,785.6457142857143
Punjab,Vegetables,Potato,2024-04-18,1094.53,Metric Tonnes,908.06,Rs./Quintal,4,109,923.15,739.39,812.4271428571428
Punjab,Vegetables,Potato,2024-04-19,590.9,Metric Tonnes,814.8,Rs./Quintal,4,110,908.06,734.84,836.5228571428571
Punjab,Vegetables,Potato,2024-04-20,733.43,Metric Tonnes,838.4,Rs./Quintal,4,111,814.8,686.92,847.9457142857142
Punjab,Vegetables,Potato,2024-04-21,107.22,Metric Tonnes,1023.08,Rs./Quintal,4,112,838.4,998.26,869.5857142857142
Punjab,Vegetables,Potato,2024-04-22,1126.74,Metric Tonnes,832.37,Rs./Quintal,4,113,1023.08,757.77,873.1314285714286
Punjab,Vegetables,Potato,2024-04-23,1047.86,Metric Tonnes,1002.0,Rs./Quintal,4,114,832.37,846.66,883.7885714285713
Punjab,Vegetables,Potato,2024-04-24,1011.53,Metric Tonnes,956.56,Rs./Quintal,4,115,1002.0,923.15,905.9799999999999
Punjab,Vegetables,Potato,2024-04-25,1056.45,Metric Tonnes,1010.28,Rs./Quintal,4,116,956.56,908.06,910.7528571428572
Punjab,Vegetables,Potato,2024-04-26,959.7,Metric Tonnes,1042.42,Rs./Quintal,4,117,1010.28,814.8,925.3557142857143
Punjab,Vegetables,Potato,2024-04-27,979.82,Metric Tonnes,1002.11,Rs./Quintal,4,118,1042.42,838.4,957.8728571428572
Punjab,Vegetables,Potato,2024-04-28,70.83,Metric Tonnes,1214.3,Rs./Quintal,4,119,1002.11,1023.08,981.26
Punjab,Vegetables,Potato,2024-04-29,1034.95,Metric Tonnes,979.08,Rs./Quintal,4,120,1214.3,832.37,1008.5771428571428
Punjab,Vegetables,Potato,2024-04-30,884.19,Metric Tonnes,1058.74,Rs./Quintal,4,121,979.08,1002.0,1029.5357142857142
Punjab,Vegetables,Potato,2024-05-01,805.44,Metric Tonnes,968.24,Rs./Quintal,5,122,1058.74,956.56,1037.6414285714286
Punjab,Vegetables,Potato,2024-05-02,808.59,Metric Tonnes,984.24,Rs./Quintal,5,123,968.24,1010.28,1039.31
Punjab,Vegetables,Potato,2024-05-03,784.66,Metric Tonnes,999.26,Rs./Quintal,5,124,984.24,1042.42,1035.59
Punjab,Vegetables,Potato,2024-05-04,682.43,Metric Tonnes,1012.72,Rs./Quintal,5,125,999.26,1002.11,1029.4242857142858
Punjab,Vegetables,Potato,2024-05-05,106.1,Metric Tonnes,1322.24,Rs./Quintal,5,126,1012.72,1214.3,1030.94
Punjab,Vegetables,Potato,2024-05-06,830.64,Metric Tonnes,885.65,Rs./Quintal,5,127,1322.24,979.08,1046.3600000000001
Punjab,Vegetables,Potato,2024-05-07,793.4,Metric Tonnes,1000.47,Rs./Quintal,5,128,885.65,1058.74,1033.0128571428572
Punjab,Vegetables,Potato,2024-05-08,774.25,Metric Tonnes,1040.29,Rs./Quintal,5,129,1000.47,968.24,1024.6885714285715
Punjab,Vegetables,Potato,2024-05-09,671.91,Metric Tonnes,1039.91,Rs./Quintal,5,130,1040.29,984.24,1034.9814285714285
Punjab,Vegetables,Potato,2024-05-10,620.39,Metric Tonnes,1054.84,Rs./Quintal,5,131,1039.91,999.26,1042.9342857142858
Punjab,Vegetables,Potato,2024-05-11,632.43,Metric Tonnes,1073.59,Rs./Quintal,5,132,1054.84,1012.72,1050.8742857142856
Punjab,Vegetables,Potato,2024-05-12,60.45,Metric Tonnes,1257.73,Rs./Quintal,5,133,1073.59,1322.24,1059.57
Punjab,Vegetables,Potato,2024-05-13,784.25,Metric Tonnes,1061.61,Rs./Quintal,5,134,1257.73,885.65,1050.3542857142857
Punjab,Vegetables,Potato,2024-05-14,736.16,Metric Tonnes,1058.96,Rs./Quintal,5,135,1061.61,1000.47,1075.4914285714287
Punjab,Vegetables,Potato,2024-05-15,815.28,Metric Tonnes,1158.39,Rs./Quintal,5,136,1058.96,1040.29,1083.847142857143
Punjab,Vegetables,Potato,2024-05-16,840.98,Metric Tonnes,1127.32,Rs./Quintal,5,137,1158.39,1039.91,1100.7185714285713
Punjab,Vegetables,Potato,2024-05-17,868.68,Metric Tonnes,1088.92,Rs./Quintal,5,138,1127.32,1054.84,1113.2057142857143
Punjab,Vegetables,Potato,2024-05-18,811.12,Metric Tonnes,1081.1,Rs./Quintal,5,139,1088.92,1073.59,1118.0742857142857
Punjab,Vegetables,Potato,2024-05-19,79.15,Metric Tonnes,1478.71,Rs./Quintal,5,140,1081.1,1257.73,1119.1471428571429
Punjab,Vegetables,Potato,2024-05-20,805.21,Metric Tonnes,1090.23,Rs./Quintal,5,141,1478.71,1061.61,1150.7157142857143
Punjab,Vegetables,Potato,2024-05-21,571.27,Metric Tonnes,1039.02,Rs./Quintal,5,142,1090.23,1058.96,1154.8042857142857
Punjab,Vegetables,Potato,2024-05-22,657.19,Metric Tonnes,1137.25,Rs./Quintal,5,143,1039.02,1158.39,1151.9557142857143
Punjab,Vegetables,Potato,2024-05-23,624.68,Metric Tonnes,978.75,Rs./Quintal,5,144,1137.25,1127.32,1148.9357142857143
Punjab,Vegetables,Potato,2024-05-24,774.9,Metric Tonnes,1116.92,Rs./Quintal,5,145,978.75,1088.92,1127.7114285714285
Punjab,Vegetables,Potato,2024-05-25,580.69,Metric Tonnes,998.15,Rs./Quintal,5,146,1116.92,1081.1,1131.7114285714285
Punjab,Vegetables,Potato,2024-05-26,53.6,Metric Tonnes,1414.69,Rs./Quintal,5,147,998.15,1478.71,1119.8614285714286
Punjab,Vegetables,Potato,2024-05-27,686.68,Metric Tonnes,1022.11,Rs./Quintal,5,148,1414.69,1090.23,1110.7157142857143
Punjab,Vegetables,Potato,2024-05-28,678.32,Metric Tonnes,1133.39,Rs./Quintal,5,149,1022.11,1039.02,1100.9842857142858
Punjab,Vegetables,Potato,2024-05-29,775.78,Metric Tonnes,1090.42,Rs./Quintal,5,150,1133.39,1137.25,1114.4657142857143
Punjab,Vegetables,Potato,2024-05-30,723.11,Metric Tonnes,1134.04,Rs./Quintal,5,151,1090.42,978.75,1107.7757142857142
Punjab,Vegetables,Potato,2024-05-31,804.04,Metric Tonnes,1112.99,Rs./Quintal,5,152,1134.04,1116.92,1129.96
Punjab,Vegetables,Potato,2024-06-01,592.77,Metric Tonnes,1111.51,Rs./Quintal,6,153,1112.99,998.15,1129.3985714285714
Punjab,Vegetables,Potato,2024-06-02,80.5,Metric Tonnes,1241.61,Rs./Quintal,6,154,1111.51,1414.69,1145.5928571428572
Punjab,Vegetables,Potato,2024-06-03,681.93,Metric Tonnes,1092.34,Rs./Quintal,6,155,1241.61,1022.11,1120.8671428571429
Punjab,Vegetables,Potato,2024-06-04,668.48,Metric Tonnes,1054.08,Rs./Quintal,6,156,1092.34,1133.39,1130.9
Punjab,Vegetables,Potato,2024-06-05,636.02,Metric Tonnes,945.47,Rs./Quintal,6,157,1054.08,1090.42,1119.57
Punjab,Vegetables,Potato,2024-06-06,717.73,Metric Tonnes,1018.95,Rs./Quintal,6,158,945.47,1134.04,1098.8628571428571
Punjab,Vegetables,Potato,2024-06-07,716.97,Metric Tonnes,1093.05,Rs./Quintal,6,159,1018.95,1112.99,1082.4214285714286
Punjab,Vegetables,Potato,2024-06-08,550.36,Metric Tonnes,1056.9,Rs./Quintal,6,160,1093.05,1111.51,1079.5728571428572
Punjab,Vegetables,Potato,2024-06-09,56.75,Metric Tonnes,1326.17,Rs./Quintal,6,161,1056.9,1241.61,1071.7714285714285
Punjab,Vegetables,Potato,2024-06-10,812.88,Metric Tonnes,1056.93,Rs./Quintal,6,162,1326.17,1092.34,1083.8514285714286
Punjab,Vegetables,Potato,2024-06-11,802.05,Metric Tonnes,1132.1,Rs./Quintal,6,163,1056.93,1054.08,1078.7928571428572
Punjab,Vegetables,Potato,2024-06-12,756.03,Metric Tonnes,1148.89,Rs./Quintal,6,164,1132.1,945.47,1089.9385714285713
Punjab,Vegetables,Potato,2024-06-13,733.36,Metric Tonnes,1103.58,Rs./Quintal,6,165,1148.89,1018.95,1118.9985714285715
Punjab,Vegetables,Potato,2024-06-14,594.25,Metric Tonnes,1032.43,Rs./Quintal,6,166,1103.58,1093.05,1131.0885714285714
Punjab,Vegetables,Potato,2024-06-15,538.35,Metric Tonnes,1029.01,Rs./Quintal,6,167,1032.43,1056.9,1122.4285714285713
Punjab,Vegetables,Potato,2024-06-16,51.35,Metric Tonnes,1563.12,Rs./Quintal,6,168,1029.01,1326.17,1118.4442857142858
Punjab,Vegetables,Potato,2024-06-17,734.12,Metric Tonnes,1002.24,Rs./Quintal,6,169,1563.12,1056.93,1152.2942857142857
Punjab,Vegetables,Potato,2024-06-18,616.41,Metric Tonnes,1061.96,Rs./Quintal,6,170,1002.24,1132.1,1144.4814285714285
Punjab,Vegetables,Potato,2024-06-19,666.95,Metric Tonnes,1114.49,Rs./Quintal,6,171,1061.96,1148.89,1134.4614285714285
Punjab,Vegetables,Potato,2024-06-20,819.93,Metric Tonnes,1217.17,Rs./Quintal,6,172,1114.49,1103.58,1129.547142857143
Punjab,Vegetables,Potato,2024-06-21,758.58,Metric Tonnes,1233.8,Rs./Quintal,6,173,1217.17,1032.43,1145.7742857142857
Punjab,Vegetables,Potato,2024-06-22,785.16,Metric Tonnes,1184.1,Rs./Quintal,6,174,1233.8,1029.01,1174.5414285714287
Punjab,Vegetables,Potato,2024-06-23,98.78,Metric Tonnes,1423.47,Rs./Quintal,6,175,1184.1,1563.12,1196.6971428571428
Punjab,Vegetables,Potato,2024-06-24,866.19,Metric Tonnes,1179.53,Rs./Quintal,6,176,1423.47,1002.24,1176.7471428571428
Punjab,Vegetables,Potato,2024-06-25,873.3,Metric Tonnes,1287.53,Rs./Quintal,6,177,1179.53,1061.96,1202.0742857142857
Punjab,Vegetables,Potato,2024-06-26,857.71,Metric Tonnes,1140.97,Rs./Quintal,6,178,1287.53,1114.49,1234.2985714285714
Punjab,Vegetables,Potato,2024-06-27,628.81,Metric Tonnes,1086.62,Rs./Quintal,6,179,1140.97,1217.17,1238.0814285714284
Punjab,Vegetables,Potato,2024-06-28,890.27,Metric Tonnes,1232.7,Rs./Quintal,6,180,1086.62,1233.8,1219.4314285714286
Punjab,Vegetables,Potato,2024-06-29,825.31,Metric Tonnes,1158.69,Rs./Quintal,6,181,1232.7,1184.1,1219.2742857142857
Punjab,Vegetables,Potato,2024-06-30,70.91,Metric Tonnes,1478.92,Rs./Quintal,6,182,1158.69,1423.47,1215.6442857142858
Punjab,Vegetables,Potato,2024-07-01,878.83,Metric Tonnes,1161.83,Rs./Quintal,7,183,1478.92,1179.53,1223.5657142857144
Punjab,Vegetables,Potato,2024-07-02,662.02,Metric Tonnes,1208.73,Rs./Quintal,7,184,1161.83,1287.53,1221.037142857143
Punjab,Vegetables,Potato,2024-07-03,662.63,Metric Tonnes,1188.92,Rs./Quintal,7,185,1208.73,1140.97,1209.78
Punjab,Vegetables,Potato,2024-07-04,664.42,Metric Tonnes,1125.79,Rs./Quintal,7,186,1188.92,1086.62,1216.6299999999999
Punjab,Vegetables,Potato,2024-07-05,635.24,Metric Tonnes,1192.61,Rs./Quintal,7,187,1125.79,1232.7,1222.2257142857143
Punjab,Vegetables,Potato,2024-07-06,668.08,Metric Tonnes,1228.48,Rs./Quintal,7,188,1192.61,1158.69,1216.4985714285715
Punjab,Vegetables,Potato,2024-07-07,72.35,Metric Tonnes,1563.93,Rs./Quintal,7,189,1228.48,1478.92,1226.4685714285715
Punjab,Vegetables,Potato,2024-07-08,866.63,Metric Tonnes,1137.73,Rs./Quintal,7,190,1563.93,1161.83,1238.6128571428574
Punjab,Vegetables,Potato,2024-07-09,841.95,Metric Tonnes,1268.63,Rs./Quintal,7,191,1137.73,1208.73,1235.17
Punjab,Vegetables,Potato,2024-07-10,795.08,Metric Tonnes,1278.33,Rs./Quintal,7,192,1268.63,1188.92,1243.7271428571428
Punjab,Vegetables,Potato,2024-07-11,793.27,Metric Tonnes,1274.04,Rs./Quintal,7,193,1278.33,1125.79,1256.5
Punjab,Vegetables,Potato,2024-07-12,647.66,Metric Tonnes,1178.16,Rs./Quintal,7,194,1274.04,1192.61,1277.6785714285713
Punjab,Vegetables,Potato,2024-07-13,574.86,Metric Tonnes,1192.97,Rs./Quintal,7,195,1178.16,1228.48,1275.6142857142856
Punjab,Vegetables,Potato,2024-07-14,43.45,Metric Tonnes,1889.48,Rs./Quintal,7,196,1192.97,1563.93,1270.5414285714287
Punjab,Vegetables,Potato,2024-07-15,872.64,Metric Tonnes,1110.6,Rs./Quintal,7,197,1889.48,1137.73,1317.0485714285714
Punjab,Vegetables,Potato,2024-07-16,943.96,Metric Tonnes,1298.33,Rs./Quintal,7,198,1110.6,1268.63,1313.172857142857
Punjab,Vegetables,Potato,2024-07-17,823.36,Metric Tonnes,1250.94,Rs./Quintal,7,199,1298.33,1278.33,1317.4157142857143
Punjab,Vegetables,Potato,2024-07-18,940.94,Metric Tonnes,1378.05,Rs./Quintal,7,200,1250.94,1274.04,1313.5028571428572
Punjab,Vegetables,Potato,2024-07-19,914.02,Metric Tonnes,1408.33,Rs./Quintal,7,201,1378.05,1178.16,1328.3614285714284
Punjab,Vegetables,Potato,2024-07-20,737.83,Metric Tonnes,1349.24,Rs./Quintal,7,202,1408.33,1192.97,1361.2428571428572
Punjab,Vegetables,Potato,2024-07-21,60.6,Metric Tonnes,1535.66,Rs./Quintal,7,203,1349.24,1889.48,1383.567142857143
Punjab,Vegetables,Potato,2024-07-22,785.67,Metric Tonnes,1115.64,Rs./Quintal,7,204,1535.66,1110.6,1333.0214285714285
Punjab,Vegetables,Potato,2024-07-23,714.79,Metric Tonnes,1231.16,Rs./Quintal,7,205,1115.64,1298.33,1333.7414285714287
Punjab,Vegetables,Potato,2024-07-24,642.96,Metric Tonnes,1247.07,Rs./Quintal,7,206,1231.16,1250.94,1324.1457142857143
Punjab,Vegetables,Potato,2024-07-25,935.65,Metric Tonnes,1321.67,Rs./Quintal,7,207,1247.07,1378.05,1323.5928571428572
Punjab,Vegetables,Potato,2024-07-26,897.9,Metric Tonnes,1320.58,Rs./Quintal,7,208,1321.67,1408.33,1315.5385714285715
Punjab,Vegetables,Potato,2024-07-27,903.15,Metric Tonnes,1306.1,Rs./Quintal,7,209,1320.58,1349.24,1303.0028571428572
Punjab,Vegetables,Potato,2024-07-28,52.5,Metric Tonnes,1707.2,Rs./Quintal,7,210,1306.1,1535.66,1296.8400000000001
Punjab,Vegetables,Potato,2024-07-29,991.24,Metric Tonnes,1224.05,Rs./Quintal,7,211,1707.2,1115.64,1321.3457142857144
Punjab,Vegetables,Potato,2024-07-30,860.96,Metric Tonnes,1287.07,Rs./Quintal,7,212,1224.05,1231.16,1336.8328571428572
Punjab,Vegetables,Potato,2024-07-31,800.09,Metric Tonnes,1266.62,Rs./Quintal,7,213,1287.07,1247.07,1344.82
Punjab,Vegetables,Potato,2024-08-01,692.56,Metric Tonnes,1351.93,Rs./Quintal,8,214,1266.62,1321.67,1347.612857142857
Punjab,Vegetables,Potato,2024-08-02,573.99,Metric Tonnes,1294.73,Rs./Quintal,8,215,1351.93,1320.58,1351.935714285714
Punjab,Vegetables,Potato,2024-08-03,572.5,Metric Tonnes,1159.26,Rs./Quintal,8,216,1294.73,1306.1,1348.242857142857
Punjab,Vegetables,Potato,2024-08-04,74.25,Metric Tonnes,1811.92,Rs./Quintal,8,217,1159.26,1707.2,1327.2657142857145
Punjab,Vegetables,Potato,2024-08-05,839.93,Metric Tonnes,1190.82,Rs./Quintal,8,218,1811.92,1224.05,1342.2257142857143
Punjab,Vegetables,Potato,2024-08-06,842.71,Metric Tonnes,1347.32,Rs./Quintal,8,219,1190.82,1287.07,1337.4785714285715
Punjab,Vegetables,Potato,2024-08-07,755.91,Metric Tonnes,1213.35,Rs./Quintal,8,220,1347.32,1266.62,1346.0857142857144
Punjab,Vegetables,Potato,2024-08-08,775.77,Metric Tonnes,1275.66,Rs./Quintal,8,221,1213.35,1351.93,1338.4757142857143
Punjab,Vegetables,Potato,2024-08-09,739.35,Metric Tonnes,1361.33,Rs./Quintal,8,222,1275.66,1294.73,1327.58
Punjab,Vegetables,Potato,2024-08-10,595.21,Metric Tonnes,1352.82,Rs./Quintal,8,223,1361.33,1159.26,1337.0942857142857
Punjab,Vegetables,Potato,2024-08-11,47.9,Metric Tonnes,1750.2,Rs./Quintal,8,224,1352.82,1811.92,1364.7457142857143
Punjab,Vegetables,Potato,2024-08-12,974.74,Metric Tonnes,1312.18,Rs./Quintal,8,225,1750.2,1190.82,1355.9285714285713
Punjab,Vegetables,Potato,2024-08-13,693.81,Metric Tonnes,1263.03,Rs./Quintal,8,226,1312.18,1347.32,1373.2657142857145
Punjab,Vegetables,Potato,2024-08-14,672.54,Metric Tonnes,1400.27,Rs./Quintal,8,227,1263.03,1213.35,1361.2242857142858
Punjab,Vegetables,Potato,2024-08-15,793.28,Metric Tonnes,1249.68,Rs./Quintal,8,228,1400.27,1275.66,1387.9271428571428
Punjab,Vegetables,Potato,2024-08-16,878.36,Metric Tonnes,1196.99,Rs./Quintal,8,229,1249.68,1361.33,1384.2157142857143
Punjab,Vegetables,Potato,2024-08-17,524.03,Metric Tonnes,1317.3,Rs./Quintal,8,230,1196.99,1352.82,1360.7385714285715
Punjab,Vegetables,Potato,2024-08-18,57.27,Metric Tonnes,1828.55,Rs./Quintal,8,231,1317.3,1750.2,1355.6642857142856
Punjab,Vegetables,Potato,2024-08-19,786.17,Metric Tonnes,1202.7,Rs./Quintal,8,232,1828.55,1312.18,1366.857142857143
Punjab,Vegetables,Potato,2024-08-20,857.07,Metric Tonnes,1304.45,Rs./Quintal,8,233,1202.7,1263.03,1351.217142857143
Punjab,Vegetables,Potato,2024-08-21,925.52,Metric Tonnes,1308.09,Rs./Quintal,8,234,1304.45,1400.27,1357.1342857142856
Punjab,Vegetables,Potato,2024-08-22,899.46,Metric Tonnes,1436.73,Rs./Quintal,8,235,1308.09,1249.68,1343.9657142857143
Punjab,Vegetables,Potato,2024-08-23,811.48,Metric Tonnes,1367.23,Rs./Quintal,8,236,1436.73,1196.99,1370.6871428571428
Punjab,Vegetables,Potato,2024-08-24,336.59,Metric Tonnes,1297.21,Rs./Quintal,8,237,1367.23,1317.3,1395.0071428571428
Punjab,Vegetables,Potato,2024-08-25,53.35,Metric Tonnes,1807.22,Rs./Quintal,8,238,1297.21,1828.55,1392.137142857143
Punjab,Vegetables,Potato,2024-08-26,944.57,Metric Tonnes,1161.91,Rs./Quintal,8,239,1807.22,1202.7,1389.0900000000001
Punjab,Vegetables,Potato,2024-08-27,857.39,Metric Tonnes,1370.16,Rs./Quintal,8,240,1161.91,1304.45,1383.2628571428572
Punjab,Vegetables,Potato,2024-08-28,814.41,Metric Tonnes,1308.93,Rs./Quintal,8,241,1370.16,1308.09,1392.65
Punjab,Vegetables,Potato,2024-08-29,770.41,Metric Tonnes,1310.68,Rs./Quintal,8,242,1308.93,1436.73,1392.7700000000002
Punjab,Vegetables,Potato,2024-08-30,904.94,Metric Tonnes,1372.57,Rs./Quintal,8,243,1310.68,1367.23,1374.7628571428572
Punjab,Vegetables,Potato,2024-08-31,898.84,Metric Tonnes,1369.63,Rs./Quintal,8,244,1372.57,1297.21,1375.5257142857142
Punjab,Vegetables,Potato,2024-09-01,44.8,Metric Tonnes,1639.17,Rs./Quintal,9,245,1369.63,1807.22,1385.8714285714286
Punjab,Vegetables,Potato,2024-09-02,898.22,Metric Tonnes,1414.53,Rs./Quintal,9,246,1639.17,1161.91,1361.8642857142859
Punjab,Vegetables,Potato,2024-09-03,813.62,Metric Tonnes,1318.6,Rs./Quintal,9,247,1414.53,1370.16,1397.952857142857
Punjab,Vegetables,Potato,2024-09-04,746.36,Metric Tonnes,1308.49,Rs./Quintal,9,248,1318.6,1308.93,1390.587142857143
Punjab,Vegetables,Potato,2024-09-05,725.42,Metric Tonnes,1420.76,Rs./Quintal,9,249,1308.49,1310.68,1390.5242857142857
Punjab,Vegetables,Potato,2024-09-06,881.8,Metric Tonnes,1344.13,Rs./Quintal,9,250,1420.76,1372.57,1406.25
Punjab,Vegetables,Potato,2024-09-07,675.48,Metric Tonnes,1275.55,Rs./Quintal,9,251,1344.13,1369.63,1402.187142857143
Punjab,Vegetables,Potato,2024-09-08,46.95,Metric Tonnes,1708.41,Rs./Quintal,9,252,1275.55,1639.17,1388.7471428571428
Punjab,Vegetables,Potato,2024-09-09,854.69,Metric Tonnes,1153.83,Rs./Quintal,9,253,1708.41,1414.53,1398.6385714285714
Punjab,Vegetables,Potato,2024-09-10,803.73,Metric Tonnes,1358.54,Rs./Quintal,9,254,1153.83,1318.6,1361.3957142857143
Punjab,Vegetables,Potato,2024-09-11,896.84,Metric Tonnes,1354.48,Rs./Quintal,9,255,1358.54,1308.49,1367.1014285714286
Punjab,Vegetables,Potato,2024-09-12,1004.92,Metric Tonnes,1295.17,Rs./Quintal,9,256,1354.48,1420.76,1373.6714285714286
Punjab,Vegetables,Potato,2024-09-13,1004.23,Metric Tonnes,1325.4,Rs./Quintal,9,257,1295.17,1344.13,1355.73
Punjab,Vegetables,Potato,2024-09-14,799.08,Metric Tonnes,1308.5,Rs./Quintal,9,258,1325.4,1275.55,1353.054285714286
Punjab,Vegetables,Potato,2024-09-15,41.8,Metric Tonnes,1686.6,Rs./Quintal,9,259,1308.5,1708.41,1357.7614285714287
Punjab,Vegetables,Potato,2024-09-16,1081.08,Metric Tonnes,1262.35,Rs./Quintal,9,260,1686.6,1153.83,1354.6457142857143
Punjab,Vegetables,Potato,2024-09-17,1152.38,Metric Tonnes,1336.29,Rs./Quintal,9,261,1262.35,1358.54,1370.1485714285716
Punjab,Vegetables,Potato,2024-09-18,691.57,Metric Tonnes,1249.94,Rs./Quintal,9,262,1336.29,1354.48,1366.9699999999998
Punjab,Vegetables,Potato,2024-09-19,1042.6,Metric Tonnes,1301.53,Rs./Quintal,9,263,1249.94,1295.17,1352.0357142857142
Punjab,Vegetables,Potato,2024-09-20,1123.0,Metric Tonnes,1327.73,Rs./Quintal,9,264,1301.53,1325.4,1352.9442857142858
Punjab,Vegetables,Potato,2024-09-21,883.59,Metric Tonnes,1397.66,Rs./Quintal,9,265,1327.73,1308.5,1353.277142857143
Punjab,Vegetables,Potato,2024-09-22,57.43,Metric Tonnes,1824.66,Rs./Quintal,9,266,1397.66,1686.6,1366.0142857142857
Punjab,Vegetables,Potato,2024-09-23,1061.7,Metric Tonnes,1299.31,Rs./Quintal,9,267,1824.66,1262.35,1385.7371428571428
Punjab,Vegetables,Potato,2024-09-24,915.01,Metric Tonnes,1341.6,Rs./Quintal,9,268,1299.31,1336.29,1391.0171428571427
Punjab,Vegetables,Potato,2024-09-25,893.71,Metric Tonnes,1353.57,Rs./Quintal,9,269,1341.6,1249.94,1391.7757142857142
Punjab,Vegetables,Potato,2024-09-26,891.91,Metric Tonnes,1357.52,Rs./Quintal,9,270,1353.57,1301.53,1406.58
Punjab,Vegetables,Potato,2024-09-27,776.54,Metric Tonnes,1431.01,Rs./Quintal,9,271,1357.52,1327.73,1414.5785714285714
Punjab,Vegetables,Potato,2024-09-28,814.66,Metric Tonnes,1369.08,Rs./Quintal,9,272,1431.01,1397.66,1429.3328571428572
Punjab,Vegetables,Potato,2024-09-29,75.75,Metric Tonnes,1411.02,Rs./Quintal,9,273,1369.08,1824.66,1425.25
Punjab,Vegetables,Potato,2024-09-30,942.5,Metric Tonnes,1357.61,Rs./Quintal,9,274,1411.02,1299.31,1366.1585714285716
Punjab,Vegetables,Potato,2024-10-01,740.42,Metric Tonnes,1412.8,Rs./Quintal,10,275,1357.61,1341.6,1374.4871428571428
Punjab,Vegetables,Potato,2024-10-02,456.83,Metric Tonnes,1476.91,Rs./Quintal,10,276,1412.8,1353.57,1384.6585714285716
Punjab,Vegetables,Potato,2024-10-03,679.05,Metric Tonnes,1366.8,Rs./Quintal,10,277,1476.91,1357.52,1402.2785714285715
Punjab,Vegetables,Potato,2024-10-04,838.2,Metric Tonnes,1367.6,Rs./Quintal,10,278,1366.8,1431.01,1403.6042857142857
Punjab,Vegetables,Potato,2024-10-05,704.36,Metric Tonnes,1390.01,Rs./Quintal,10,279,1367.6,1369.08,1394.5457142857142
Punjab,Vegetables,Potato,2024-10-06,56.75,Metric Tonnes,1637.09,Rs./Quintal,10,280,1390.01,1411.02,1397.5357142857142
Punjab,Vegetables,Potato,2024-10-07,843.02,Metric Tonnes,1343.44,Rs./Quintal,10,281,1637.09,1357.61,1429.8314285714284
Punjab,Vegetables,Potato,2024-10-08,822.91,Metric Tonnes,1426.63,Rs./Quintal,10,282,1343.44,1412.8,1427.8071428571427
Punjab,Vegetables,Potato,2024-10-09,1085.7,Metric Tonnes,1462.15,Rs./Quintal,10,283,1426.63,1476.91,1429.782857142857
Punjab,Vegetables,Potato,2024-10-10,1062.57,Metric Tonnes,1527.28,Rs./Quintal,10,284,1462.15,1366.8,1427.6742857142856
Punjab,Vegetables,Potato,2024-10-11,778.27,Metric Tonnes,1338.07,Rs./Quintal,10,285,1527.28,1367.6,1450.6000000000001
Punjab,Vegetables,Potato,2024-10-12,776.43,Metric Tonnes,1397.41,Rs./Quintal,10,286,1338.07,1390.01,1446.3814285714286
Punjab,Vegetables,Potato,2024-10-13,116.15,Metric Tonnes,1650.62,Rs./Quintal,10,287,1397.41,1637.09,1447.4385714285713
Punjab,Vegetables,Potato,2024-10-14,918.79,Metric Tonnes,1280.56,Rs./Quintal,10,288,1650.62,1343.44,1449.3714285714284
Punjab,Vegetables,Potato,2024-10-15,824.04,Metric Tonnes,1467.12,Rs./Quintal,10,289,1280.56,1426.63,1440.3885714285716
Punjab,Vegetables,Potato,2024-10-16,982.87,Metric Tonnes,1386.08,Rs./Quintal,10,290,1467.12,1462.15,1446.172857142857
Punjab,Vegetables,Potato,2024-10-17,635.2,Metric Tonnes,1561.18,Rs./Quintal,10,291,1386.08,1527.28,1435.3057142857142
Punjab,Vegetables,Potato,2024-10-18,675.35,Metric Tonnes,1582.66,Rs./Quintal,10,292,1561.18,1338.07,1440.1485714285714
Punjab,Vegetables,Potato,2024-10-19,834.87,Metric Tonnes,1453.99,Rs./Quintal,10,293,1582.66,1397.41,1475.09
Punjab,Vegetables,Potato,2024-10-20,72.1,Metric Tonnes,1473.23,Rs./Quintal,10,294,1453.99,1650.62,1483.172857142857
Punjab,Vegetables,Potato,2024-10-21,746.5,Metric Tonnes,1572.64,Rs./Quintal,10,295,1473.23,1280.56,1457.8314285714284
Punjab,Vegetables,Potato,2024-10-22,822.62,Metric Tonnes,1393.73,Rs./Quintal,10,296,1572.64,1467.12,1499.5571428571427
Punjab,Vegetables,Potato,2024-10-23,834.05,Metric Tonnes,1291.5,Rs./Quintal,10,297,1393.73,1386.08,1489.0728571428572
Punjab,Vegetables,Potato,2024-10-24,814.57,Metric Tonnes,1393.68,Rs./Quintal,10,298,1291.5,1561.18,1475.5614285714287
Punjab,Vegetables,Potato,2024-10-25,1049.57,Metric Tonnes,1605.46,Rs./Quintal,10,299,1393.68,1582.66,1451.6328571428571
Punjab,Vegetables,Potato,2024-10-26,979.61,Metric Tonnes,1520.22,Rs./Quintal,10,300,1605.46,1453.99,1454.8899999999999
Punjab,Vegetables,Potato,2024-10-27,78.8,Metric Tonnes,1855.08,Rs./Quintal,10,301,1520.22,1473.23,1464.3514285714286
Punjab,Vegetables,Potato,2024-10-28,902.92,Metric Tonnes,1330.27,Rs./Quintal,10,302,1855.08,1572.64,1518.9014285714286
Punjab,Vegetables,Potato,2024-10-29,654.44,Metric Tonnes,1491.62,Rs./Quintal,10,303,1330.27,1393.73,1484.277142857143
Punjab,Vegetables,Potato,2024-10-30,735.56,Metric Tonnes,1245.37,Rs./Quintal,10,304,1491.62,1291.5,1498.2614285714285
Punjab,Vegetables,Potato,2024-10-31,353.84,Metric Tonnes,1423.57,Rs./Quintal,10,305,1245.37,1393.68,1491.6714285714286
Punjab,Vegetables,Potato,2024-11-01,623.83,Metric Tonnes,1466.92,Rs./Quintal,11,306,1423.57,1605.46,1495.9414285714286
Punjab,Vegetables,Potato,2024-11-02,491.47,Metric Tonnes,2222.51,Rs./Quintal,11,307,1466.92,1520.22,1476.15
Punjab,Vegetables,Potato,2024-11-03,236.66,Metric Tonnes,2124.61,Rs./Quintal,11,308,2222.51,1855.08,1576.4771428571428
Punjab,Vegetables,Potato,2024-11-04,764.77,Metric Tonnes,1236.56,Rs./Quintal,11,309,2124.61,1330.27,1614.9814285714285
Punjab,Vegetables,Potato,2024-11-05,1350.62,Metric Tonnes,1379.72,Rs./Quintal,11,310,1236.56,1491.62,1601.5942857142857
Punjab,Vegetables,Potato,2024-11-06,889.37,Metric Tonnes,1468.88,Rs./Quintal,11,311,1379.72,1245.37,1585.6085714285714
Punjab,Vegetables,Potato,2024-11-07,738.33,Metric Tonnes,1347.78,Rs./Quintal,11,312,1468.88,1423.57,1617.5385714285715
Punjab,Vegetables,Potato,2024-11-08,1048.98,Metric Tonnes,1563.46,Rs./Quintal,11,313,1347.78,1466.92,1606.7114285714285
Punjab,Vegetables,Potato,2024-11-09,931.24,Metric Tonnes,1538.39,Rs./Quintal,11,314,1563.46,2222.51,1620.5028571428572
Punjab,Vegetables,Potato,2024-11-10,41.4,Metric Tonnes,1778.5,Rs./Quintal,11,315,1538.39,2124.61,1522.7714285714285
Punjab,Vegetables,Potato,2024-11-11,1266.86,Metric Tonnes,1363.84,Rs./Quintal,11,316,1778.5,1236.56,1473.327142857143
Punjab,Vegetables,Potato,2024-11-12,933.06,Metric Tonnes,1347.75,Rs./Quintal,11,317,1363.84,1379.72,1491.51
Punjab,Vegetables,Potato,2024-11-13,734.57,Metric Tonnes,1226.53,Rs./Quintal,11,318,1347.75,1468.88,1486.9428571428573
Punjab,Vegetables,Potato,2024-11-14,914.15,Metric Tonnes,1391.49,Rs./Quintal,11,319,1226.53,1347.78,1452.3214285714287
Punjab,Vegetables,Potato,2024-11-15,938.12,Metric Tonnes,1429.13,Rs./Quintal,11,320,1391.49,1563.46,1458.5657142857144
Punjab,Vegetables,Potato,2024-11-16,759.65,Metric Tonnes,1119.53,Rs./Quintal,11,321,1429.13,1538.39,1439.3757142857141
Punjab,Vegetables,Potato,2024-11-17,20.7,Metric Tonnes,2049.28,Rs./Quintal,11,322,1119.53,1778.5,1379.5385714285715
Punjab,Vegetables,Potato,2024-11-18,926.6,Metric Tonnes,1195.54,Rs./Quintal,11,323,2049.28,1363.84,1418.2214285714285
Punjab,Vegetables,Potato,2024-11-19,1013.17,Metric Tonnes,1512.05,Rs./Quintal,11,324,1195.54,1347.75,1394.1785714285713
Punjab,Vegetables,Potato,2024-11-20,1099.29,Metric Tonnes,1390.01,Rs./Quintal,11,325,1512.05,1226.53,1417.6499999999999
Punjab,Vegetables,Potato,2024-11-21,1173.85,Metric Tonnes,1483.02,Rs./Quintal,11,326,1390.01,1391.49,1441.0042857142855
Punjab,Vegetables,Potato,2024-11-22,1192.73,Metric Tonnes,1503.38,Rs./Quintal,11,327,1483.02,1429.13,1454.08
Punjab,Vegetables,Potato,2024-11-23,1063.22,Metric Tonnes,1408.58,Rs./Quintal,11,328,1503.38,1119.53,1464.687142857143
Punjab,Vegetables,Potato,2024-11-24,120.38,Metric Tonnes,1715.38,Rs./Quintal,11,329,1408.58,2049.28,1505.98
Punjab,Vegetables,Potato,2024-11-25,1201.78,Metric Tonnes,1456.1,Rs./Quintal,11,330,1715.38,1195.54,1458.2800000000002
Punjab,Vegetables,Potato,2024-11-26,1205.27,Metric Tonnes,1563.28,Rs./Quintal,11,331,1456.1,1512.05,1495.5028571428572
Punjab,Vegetables,Potato,2024-11-27,1122.63,Metric Tonnes,1697.03,Rs./Quintal,11,332,1563.28,1390.01,1502.8214285714287
Punjab,Vegetables,Potato,2024-11-28,1578.29,Metric Tonnes,1523.1,Rs./Quintal,11,333,1697.03,1483.02,1546.6814285714286
Punjab,Vegetables,Potato,2024-11-29,1330.28,Metric Tonnes,1610.29,Rs./Quintal,11,334,1523.1,1503.38,1552.4071428571428
Punjab,Vegetables,Potato,2024-11-30,1195.79,Metric Tonnes,1553.61,Rs./Quintal,11,335,1610.29,1408.58,1567.68
Punjab,Vegetables,Potato,2024-12-01,48.45,Metric Tonnes,1692.47,Rs./Quintal,12,336,1553.61,1715.38,1588.3985714285716
Punjab,Vegetables,Potato,2024-12-02,1826.08,Metric Tonnes,1356.39,Rs./Quintal,12,337,1692.47,1456.1,1585.1257142857141
Punjab,Vegetables,Potato,2024-12-03,1387.24,Metric Tonnes,1511.29,Rs./Quintal,12,338,1356.39,1563.28,1570.8814285714286
Punjab,Vegetables,Potato,2024-12-04,1092.86,Metric Tonnes,1365.63,Rs./Quintal,12,339,1511.29,1697.03,1563.4542857142858
Punjab,Vegetables,Potato,2024-12-05,980.66,Metric Tonnes,1315.63,Rs./Quintal,12,340,1365.63,1523.1,1516.1114285714286
Punjab,Vegetables,Potato,2024-12-06,1298.27,Metric Tonnes,1409.05,Rs./Quintal,12,341,1315.63,1610.29,1486.472857142857
Punjab,Vegetables,Potato,2024-12-07,1210.44,Metric Tonnes,1319.01,Rs./Quintal,12,342,1409.05,1553.61,1457.7242857142858
Punjab,Vegetables,Potato,2024-12-08,111.54,Metric Tonnes,1707.73,Rs./Quintal,12,343,1319.01,1692.47,1424.2099999999998
Punjab,Vegetables,Potato,2024-12-09,2250.64,Metric Tonnes,1068.75,Rs./Quintal,12,344,1707.73,1356.39,1426.39
Punjab,Vegetables,Potato,2024-12-10,1713.66,Metric Tonnes,1290.51,Rs./Quintal,12,345,1068.75,1511.29,1385.2985714285714
Punjab,Vegetables,Potato,2024-12-11,1375.33,Metric Tonnes,1282.68,Rs./Quintal,12,346,1290.51,1365.63,1353.7585714285717
Punjab,Vegetables,Potato,2024-12-12,1284.12,Metric Tonnes,1154.89,Rs./Quintal,12,347,1282.68,1315.63,1341.9085714285716
Punjab,Vegetables,Potato,2024-12-13,1636.35,Metric Tonnes,1092.98,Rs./Quintal,12,348,1154.89,1409.05,1318.9457142857143
Punjab,Vegetables,Potato,2024-12-14,1625.17,Metric Tonnes,1203.19,Rs./Quintal,12,349,1092.98,1319.01,1273.792857142857
Punjab,Vegetables,Potato,2024-12-15,61.35,Metric Tonnes,1616.14,Rs./Quintal,12,350,1203.19,1707.73,1257.2471428571428
Punjab,Vegetables,Potato,2024-12-16,2071.16,Metric Tonnes,1019.71,Rs./Quintal,12,351,1616.14,1068.75,1244.1628571428573
Punjab,Vegetables,Potato,2024-12-17,1248.55,Metric Tonnes,1112.89,Rs./Quintal,12,352,1019.71,1290.51,1237.1571428571428
Punjab,Vegetables,Potato,2024-12-18,1194.54,Metric Tonnes,1069.82,Rs./Quintal,12,353,1112.89,1282.68,1211.782857142857
Punjab,Vegetables,Potato,2024-12-19,1562.83,Metric Tonnes,1232.5,Rs./Quintal,12,354,1069.82,1154.89,1181.3742857142859
Punjab,Vegetables,Potato,2024-12-20,1463.37,Metric Tonnes,1186.74,Rs./Quintal,12,355,1232.5,1092.98,1192.4614285714288
Punjab,Vegetables,Potato,2024-12-21,1447.7,Metric Tonnes,962.39,Rs./Quintal,12,356,1186.74,1203.19,1205.8557142857142
Punjab,Vegetables,Potato,2024-12-22,114.92,Metric Tonnes,1577.97,Rs./Quintal,12,357,962.39,1616.14,1171.4557142857143
Punjab,Vegetables,Potato,2024-12-23,1464.51,Metric Tonnes,817.31,Rs./Quintal,12,358,1577.97,1019.71,1166.0028571428572
Punjab,Vegetables,Potato,2024-12-24,1143.57,Metric Tonnes,1112.42,Rs./Quintal,12,359,817.31,1112.89,1137.0885714285716
Punjab,Vegetables,Potato,2024-12-25,1226.94,Metric Tonnes,1095.73,Rs./Quintal,12,360,1112.42,1069.82,1137.0214285714285
Punjab,Vegetables,Potato,2024-12-26,1162.68,Metric Tonnes,1016.36,Rs./Quintal,12,361,1095.73,1232.5,1140.7228571428573
Punjab,Vegetables,Potato,2024-12-27,1584.17,Metric Tonnes,999.8,Rs./Quintal,12,362,1016.36,1186.74,1109.8457142857144
Punjab,Vegetables,Potato,2024-12-28,597.6,Metric Tonnes,985.24,Rs./Quintal,12,363,999.8,962.39,1083.14
Punjab,Vegetables,Potato,2024-12-29,32.9,Metric Tonnes,1243.16,Rs./Quintal,12,364,985.24,1577.97,1086.4042857142856
Punjab,Vegetables,Potato,2024-12-30,1072.79,Metric Tonnes,1074.8,Rs./Quintal,12,365,1243.16,817.31,1038.5742857142857
Punjab,Vegetables,Potato,2024-12-31,1139.46,Metric Tonnes,1117.46,Rs./Quintal,12,366,1074.8,1112.42,1075.3585714285714
Punjab,Vegetables,Potato,2025-01-01,1487.31,Metric Tonnes,1040.04,Rs./Quintal,1,1,1117.46,1095.73,1076.0785714285714
Punjab,Vegetables,Potato,2025-01-02,1335.84,Metric Tonnes,1144.42,Rs./Quintal,1,2,1040.04,1016.36,1068.1228571428571
Punjab,Vegetables,Potato,2025-01-03,1372.55,Metric Tonnes,889.23,Rs./Quintal,1,3,1144.42,999.8,1086.4171428571428
Punjab,Vegetables,Potato,2025-01-04,702.39,Metric Tonnes,1019.56,Rs./Quintal,1,4,889.23,985.24,1070.6214285714286
Punjab,Vegetables,Potato,2025-01-05,43.55,Metric Tonnes,1297.36,Rs./Quintal,1,5,1019.56,1243.16,1075.5242857142857
Punjab,Vegetables,Potato,2025-01-06,1667.84,Metric Tonnes,930.79,Rs./Quintal,1,6,1297.36,1074.8,1083.267142857143
Punjab,Vegetables,Potato,2025-01-07,1430.99,Metric Tonnes,977.93,Rs./Quintal,1,7,930.79,1117.46,1062.6942857142858
Punjab,Vegetables,Potato,2025-01-08,1064.9,Metric Tonnes,1077.81,Rs./Quintal,1,8,977.93,1040.04,1042.7614285714285
Punjab,Vegetables,Potato,2025-01-09,1433.83,Metric Tonnes,933.75,Rs./Quintal,1,9,1077.81,1144.42,1048.1571428571428
Punjab,Vegetables,Potato,2025-01-10,1467.22,Metric Tonnes,832.6,Rs./Quintal,1,10,933.75,889.23,1018.0614285714286
Punjab,Vegetables,Potato,2025-01-11,1210.33,Metric Tonnes,818.09,Rs./Quintal,1,11,832.6,1019.56,1009.9714285714284
Punjab,Vegetables,Potato,2025-01-12,127.59,Metric Tonnes,1410.96,Rs./Quintal,1,12,818.09,1297.36,981.1899999999999
Punjab,Vegetables,Potato,2025-01-13,1228.47,Metric Tonnes,836.02,Rs./Quintal,1,13,1410.96,930.79,997.4185714285713
Punjab,Vegetables,Potato,2025-01-14,1304.05,Metric Tonnes,894.3,Rs./Quintal,1,14,836.02,977.93,983.88
Punjab,Vegetables,Potato,2025-01-15,1123.44,Metric Tonnes,921.31,Rs./Quintal,1,15,894.3,1077.81,971.9328571428571
Punjab,Vegetables,Potato,2025-01-16,1039.2,Metric Tonnes,866.5,Rs./Quintal,1,16,921.31,933.75,949.5757142857143
Punjab,Vegetables,Potato,2025-01-17,937.27,Metric Tonnes,831.91,Rs./Quintal,1,17,866.5,832.6,939.9685714285715
Punjab,Vegetables,Potato,2025-01-18,1295.21,Metric Tonnes,873.83,Rs./Quintal,1,18,831.91,818.09,939.87
Punjab,Vegetables,Potato,2025-01-19,82.56,Metric Tonnes,1359.52,Rs./Quintal,1,19,873.83,1410.96,947.8328571428572
Punjab,Vegetables,Potato,2025-01-20,1729.9,Metric Tonnes,751.91,Rs./Quintal,1,20,1359.52,836.02,940.4842857142856
Punjab,Vegetables,Potato,2025-01-21,1583.87,Metric Tonnes,706.39,Rs./Quintal,1,21,751.91,894.3,928.4685714285714
Punjab,Vegetables,Potato,2025-01-22,1550.61,Metric Tonnes,694.17,Rs./Quintal,1,22,706.39,921.31,901.6242857142857
Punjab,Vegetables,Potato,2025-01-23,1421.63,Metric Tonnes,647.64,Rs./Quintal,1,23,694.17,866.5,869.1757142857142
Punjab,Vegetables,Potato,2025-01-24,1115.39,Metric Tonnes,641.66,Rs./Quintal,1,24,647.64,831.91,837.91
Punjab,Vegetables,Potato,2025-01-25,1169.65,Metric Tonnes,659.08,Rs./Quintal,1,25,641.66,873.83,810.7314285714285
Punjab,Vegetables,Potato,2025-01-26,92.45,Metric Tonnes,1350.16,Rs./Quintal,1,26,659.08,1359.52,780.0528571428571
Punjab,Vegetables,Potato,2025-01-27,1130.09,Metric Tonnes,716.46,Rs./Quintal,1,27,1350.16,751.91,778.7157142857143
Punjab,Vegetables,Potato,2025-01-28,1159.9,Metric Tonnes,696.17,Rs./Quintal,1,28,716.46,706.39,773.6514285714285
Punjab,Vegetables,Potato,2025-01-29,1262.36,Metric Tonnes,696.23,Rs./Quintal,1,29,696.17,694.17,772.1914285714286
Punjab,Vegetables,Potato,2025-01-30,1100.01,Metric Tonnes,657.64,Rs./Quintal,1,30,696.23,647.64,772.4857142857144
Punjab,Vegetables,Potato,2025-01-31,976.44,Metric Tonnes,694.49,Rs./Quintal,1,31,657.64,641.66,773.9142857142857
Punjab,Vegetables,Potato,2025-02-01,1040.88,Metric Tonnes,608.43,Rs./Quintal,2,32,694.49,659.08,781.4614285714285
Punjab,Vegetables,Potato,2025-02-02,53.15,Metric Tonnes,766.96,Rs./Quintal,2,33,608.43,1350.16,774.2257142857143
Punjab,Vegetables,Potato,2025-02-03,1496.12,Metric Tonnes,605.36,Rs./Quintal,2,34,766.96,716.46,690.9114285714286
Punjab,Vegetables,Potato,2025-02-04,1566.83,Metric Tonnes,636.48,Rs./Quintal,2,35,605.36,696.17,675.0400000000001
Punjab,Vegetables,Potato,2025-02-05,1477.03,Metric Tonnes,627.59,Rs./Quintal,2,36,636.48,696.23,666.5128571428571
Punjab,Vegetables,Potato,2025-02-06,1160.54,Metric Tonnes,691.8,Rs./Quintal,2,37,627.59,657.64,656.7071428571428
Punjab,Vegetables,Potato,2025-02-07,1285.07,Metric Tonnes,685.69,Rs./Quintal,2,38,691.8,694.49,661.5871428571428
Punjab,Vegetables,Potato,2025-02-08,1071.53,Metric Tonnes,636.17,Rs./Quintal,2,39,685.69,608.43,660.33
Punjab,Vegetables,Potato,2025-02-09,62.86,Metric Tonnes,686.7,Rs./Quintal,2,40,636.17,766.96,664.2928571428572
Punjab,Vegetables,Potato,2025-02-10,1611.15,Metric Tonnes,602.68,Rs./Quintal,2,41,686.7,605.36,652.8271428571428
Punjab,Vegetables,Potato,2025-02-11,1524.66,Metric Tonnes,626.19,Rs./Quintal,2,42,602.68,636.48,652.4442857142857
Punjab,Vegetables,Potato,2025-02-12,1235.34,Metric Tonnes,538.2,Rs./Quintal,2,43,626.19,627.59,650.9742857142857
Punjab,Vegetables,Potato,2025-02-13,1635.33,Metric Tonnes,623.33,Rs./Quintal,2,44,538.2,691.8,638.2042857142858
Punjab,Vegetables,Potato,2025-02-14,1618.39,Metric Tonnes,569.47,Rs./Quintal,2,45,623.33,685.69,628.4228571428572
Punjab,Vegetables,Potato,2025-02-15,1187.47,Metric Tonnes,657.71,Rs./Quintal,2,46,569.47,636.17,611.8199999999999
Punjab,Vegetables,Potato,2025-02-16,150.5,Metric Tonnes,667.59,Rs./Quintal,2,47,657.71,686.7,614.897142857143
Punjab,Vegetables,Potato,2025-02-17,1709.62,Metric Tonnes,604.54,Rs./Quintal,2,48,667.59,602.68,612.1671428571428
Punjab,Vegetables,Potato,2025-02-18,1923.7,Metric Tonnes,604.44,Rs./Quintal,2,49,604.54,626.19,612.4328571428571
Punjab,Vegetables,Potato,2025-02-19,1624.86,Metric Tonnes,607.06,Rs./Quintal,2,50,604.44,538.2,609.3257142857143
Punjab,Vegetables,Potato,2025-02-20,1382.42,Metric Tonnes,662.21,Rs./Quintal,2,51,607.06,623.33,619.1628571428572
Punjab,Vegetables,Potato,2025-02-21,1387.48,Metric Tonnes,614.58,Rs./Quintal,2,52,662.21,569.47,624.7171428571429
Punjab,Vegetables,Potato,2025-02-22,978.43,Metric Tonnes,617.02,Rs./Quintal,2,53,614.58,657.71,631.1614285714286
Punjab,Vegetables,Potato,2025-02-23,146.7,Metric Tonnes,686.23,Rs./Quintal,2,54,617.02,667.59,625.3485714285715
Punjab,Vegetables,Potato,2025-02-24,1563.34,Metric Tonnes,612.65,Rs./Quintal,2,55,686.23,604.54,628.0114285714286
Punjab,Vegetables,Potato,2025-02-25,1515.69,Metric Tonnes,602.59,Rs./Quintal,2,56,612.65,604.44,629.17
Punjab,Vegetables,Potato,2025-02-26,1369.28,Metric Tonnes,616.37,Rs./Quintal,2,57,602.59,607.06,628.9057142857143
Punjab,Vegetables,Potato,2025-02-27,1431.4,Metric Tonnes,571.34,Rs./Quintal,2,58,616.37,662.21,630.2357142857143
Punjab,Vegetables,Potato,2025-02-28,1599.57,Metric Tonnes,611.73,Rs./Quintal,2,59,571.34,614.58,617.2542857142856
Punjab,Vegetables,Potato,2025-03-01,1094.96,Metric Tonnes,574.48,Rs./Quintal,3,60,611.73,617.02,616.8471428571429
Punjab,Vegetables,Potato,2025-03-02,154.19,Metric Tonnes,629.64,Rs./Quintal,3,61,574.48,686.23,610.7700000000001
Punjab,Vegetables,Potato,2025-03-03,1562.07,Metric Tonnes,583.31,Rs./Quintal,3,62,629.64,612.65,602.6857142857143
Punjab,Vegetables,Potato,2025-03-04,1631.22,Metric Tonnes,606.24,Rs./Quintal,3,63,583.31,602.59,598.4942857142858
Punjab,Vegetables,Potato,2025-03-05,1120.34,Metric Tonnes,629.78,Rs./Quintal,3,64,606.24,616.37,599.0157142857142
Punjab,Vegetables,Potato,2025-03-06,1454.14,Metric Tonnes,628.5,Rs./Quintal,3,65,629.78,571.34,600.9314285714285
Punjab,Vegetables,Potato,2025-03-07,1618.97,Metric Tonnes,597.81,Rs./Quintal,3,66,628.5,611.73,609.0971428571428
Punjab,Vegetables,Potato,2025-03-08,1218.32,Metric Tonnes,646.45,Rs./Quintal,3,67,597.81,574.48,607.1085714285715
Punjab,Vegetables,Potato,2025-03-09,154.05,Metric Tonnes,648.33,Rs./Quintal,3,68,646.45,629.64,617.39
Punjab,Vegetables,Potato,2025-03-10,1708.8,Metric Tonnes,625.11,Rs./Quintal,3,69,648.33,583.31,620.0600000000001
Punjab,Vegetables,Potato,2025-03-11,1951.67,Metric Tonnes,576.88,Rs./Quintal,3,70,625.11,606.24,626.0314285714286
Punjab,Vegetables,Potato,2025-03-12,1324.19,Metric Tonnes,596.17,Rs./Quintal,3,71,576.88,629.78,621.8371428571429
Punjab,Vegetables,Potato,2025-03-13,1355.28,Metric Tonnes,595.48,Rs./Quintal,3,72,596.17,628.5,617.0357142857143
Punjab,Vegetables,Potato,2025-03-14,1158.26,Metric Tonnes,608.6,Rs./Quintal,3,73,595.48,597.81,612.3185714285713
Punjab,Vegetables,Potato,2025-03-15,1006.67,Metric Tonnes,621.02,Rs./Quintal,3,74,608.6,646.45,613.86
Punjab,Vegetables,Potato,2025-03-16,84.9,Metric Tonnes,676.91,Rs./Quintal,3,75,621.02,648.33,610.2271428571429
Punjab,Vegetables,Potato,2025-03-17,1257.54,Metric Tonnes,623.29,Rs./Quintal,3,76,676.91,625.11,614.3100000000001
Punjab,Vegetables,Potato,2025-03-18,1956.31,Metric Tonnes,616.84,Rs./Quintal,3,77,623.29,576.88,614.0500000000001
Punjab,Vegetables,Potato,2025-03-19,1663.69,Metric Tonnes,578.83,Rs./Quintal,3,78,616.84,596.17,619.7585714285714
Punjab,Vegetables,Potato,2025-03-20,1801.68,Metric Tonnes,616.4,Rs./Quintal,3,79,578.83,595.48,617.2814285714286
Punjab,Vegetables,Potato,2025-03-21,1808.82,Metric Tonnes,587.22,Rs./Quintal,3,80,616.4,608.6,620.2699999999999
Punjab,Vegetables,Potato,2025-03-22,1963.35,Metric Tonnes,526.77,Rs./Quintal,3,81,587.22,621.02,617.2157142857143
Punjab,Vegetables,Potato,2025-03-23,132.62,Metric Tonnes,702.56,Rs./Quintal,3,82,526.77,676.91,603.7514285714286
Punjab,Vegetables,Potato,2025-03-24,2266.51,Metric Tonnes,540.98,Rs./Quintal,3,83,702.56,623.29,607.4157142857142
Punjab,Vegetables,Potato,2025-03-25,1988.73,Metric Tonnes,543.21,Rs./Quintal,3,84,540.98,616.84,595.657142857143
Punjab,Vegetables,Potato,2025-03-26,2028.86,Metric Tonnes,542.82,Rs./Quintal,3,85,543.21,578.83,585.1385714285715
Punjab,Vegetables,Potato,2025-03-27,1919.06,Metric Tonnes,484.38,Rs./Quintal,3,86,542.82,616.4,579.9942857142858
Punjab,Vegetables,Potato,2025-03-28,1921.42,Metric Tonnes,472.4,Rs./Quintal,3,87,484.38,587.22,561.1342857142857
Punjab,Vegetables,Potato,2025-03-29,1178.19,Metric Tonnes,474.46,Rs./Quintal,3,88,472.4,526.77,544.7314285714286
Punjab,Vegetables,Potato,2025-03-30,36.56,Metric Tonnes,595.27,Rs./Quintal,3,89,474.46,702.56,537.2585714285715
Punjab,Vegetables,Potato,2025-03-31,2914.59,Metric Tonnes,605.0,Rs./Quintal,3,90,595.27,540.98,521.9314285714285
Punjab,Vegetables,Potato,2025-04-01,1834.18,Metric Tonnes,421.92,Rs./Quintal,4,91,605.0,543.21,531.0771428571428
Punjab,Vegetables,Potato,2025-04-02,1688.67,Metric Tonnes,430.25,Rs./Quintal,4,92,421.92,542.82,513.75
Punjab,Vegetables,Potato,2025-04-03,2013.41,Metric Tonnes,490.97,Rs./Quintal,4,93,430.25,484.38,497.6685714285714
Punjab,Vegetables,Potato,2025-04-04,2251.81,Metric Tonnes,486.44,Rs./Quintal,4,94,490.97,472.4,498.61
Punjab,Vegetables,Potato,2025-04-05,2174.69,Metric Tonnes,424.13,Rs./Quintal,4,95,486.44,474.46,500.61571428571426
Punjab,Vegetables,Potato,2025-04-06,97.5,Metric Tonnes,648.77,Rs./Quintal,4,96,424.13,595.27,493.4257142857142
Punjab,Vegetables,Potato,2025-04-07,2195.26,Metric Tonnes,432.38,Rs./Quintal,4,97,648.77,605.0,501.0685714285715
Punjab,Vegetables,Potato,2025-04-08,4597.44,Metric Tonnes,369.01,Rs./Quintal,4,98,432.38,421.92,476.40857142857146
Punjab,Vegetables,Potato,2025-04-09,1597.13,Metric Tonnes,423.95,Rs./Quintal,4,99,369.01,430.25,468.85
Punjab,Vegetables,Potato,2025-04-10,3940.82,Metric Tonnes,289.55,Rs./Quintal,4,100,423.95,490.97,467.95
Punjab,Vegetables,Potato,2025-04-11,1839.48,Metric Tonnes,451.98,Rs./Quintal,4,101,289.55,486.44,439.17571428571426
Punjab,Vegetables,Potato,2025-04-12,1266.81,Metric Tonnes,493.18,Rs./Quintal,4,102,451.98,424.13,434.2528571428571
Punjab,Vegetables,Potato,2025-04-13,87.05,Metric Tonnes,701.95,Rs./Quintal,4,103,493.18,648.77,444.1171428571429
Punjab,Vegetables,Potato,2025-04-14,1873.2,Metric Tonnes,444.5,Rs./Quintal,4,104,701.95,432.38,451.7142857142857
Punjab,Vegetables,Potato,2025-04-15,1831.51,Metric Tonnes,478.23,Rs./Quintal,4,105,444.5,369.01,453.44571428571425
Punjab,Vegetables,Potato,2025-04-16,2653.94,Metric Tonnes,632.08,Rs./Quintal,4,106,478.23,423.95,469.04857142857145
Punjab,Vegetables,Potato,2025-04-17,1510.22,Metric Tonnes,518.35,Rs./Quintal,4,107,632.08,289.55,498.7814285714286
Punjab,Vegetables,Potato,2025-04-18,1564.33,Metric Tonnes,508.92,Rs./Quintal,4,108,518.35,451.98,531.4671428571429
Punjab,Vegetables,Potato,2025-04-19,1400.52,Metric Tonnes,529.22,Rs./Quintal,4,109,508.92,493.18,539.6014285714285
Punjab,Vegetables,Potato,2025-04-20,62.55,Metric Tonnes,707.96,Rs./Quintal,4,110,529.22,701.95,544.75
Punjab,Vegetables,Potato,2025-04-21,1746.68,Metric Tonnes,512.8,Rs./Quintal,4,111,707.96,444.5,545.6085714285715
Punjab,Vegetables,Potato,2025-04-22,1369.94,Metric Tonnes,536.33,Rs./Quintal,4,112,512.8,478.23,555.3657142857144
Punjab,Vegetables,Potato,2025-04-23,1690.15,Metric Tonnes,576.69,Rs./Quintal,4,113,536.33,632.08,563.6657142857142
Punjab,Vegetables,Potato,2025-04-24,1259.64,Metric Tonnes,576.98,Rs./Quintal,4,114,576.69,518.35,555.7528571428571
Punjab,Vegetables,Potato,2025-04-25,1460.78,Metric Tonnes,539.98,Rs./Quintal,4,115,576.98,508.92,564.1285714285715
Punjab,Vegetables,Potato,2025-04-26,1188.89,Metric Tonnes,552.96,Rs./Quintal,4,116,539.98,529.22,568.5657142857143
Punjab,Vegetables,Potato,2025-04-27,100.63,Metric Tonnes,508.16,Rs./Quintal,4,117,552.96,707.96,571.9571428571428
Punjab,Vegetables,Potato,2025-04-28,1198.46,Metric Tonnes,557.06,Rs./Quintal,4,118,508.16,512.8,543.4142857142857
Punjab,Vegetables,Potato,2025-04-29,1345.78,Metric Tonnes,609.13,Rs./Quintal,4,119,557.06,536.33,549.7371428571429
Punjab,Vegetables,Potato,2025-04-30,1288.94,Metric Tonnes,589.56,Rs./Quintal,4,120,609.13,576.69,560.1371428571429
Punjab,Vegetables,Potato,2025-05-01,1343.19,Metric Tonnes,592.84,Rs./Quintal,5,121,589.56,576.98,561.9757142857143
Punjab,Vegetables,Potato,2025-05-02,1121.24,Metric Tonnes,631.98,Rs./Quintal,5,122,592.84,539.98,564.2414285714286
Punjab,Vegetables,Potato,2025-05-03,756.15,Metric Tonnes,548.88,Rs./Quintal,5,123,631.98,552.96,577.3842857142857
Punjab,Vegetables,Potato,2025-05-04,54.65,Metric Tonnes,707.96,Rs./Quintal,5,124,548.88,508.16,576.8014285714286
Punjab,Vegetables,Potato,2025-05-05,1507.93,Metric Tonnes,665.92,Rs./Quintal,5,125,707.96,557.06,605.3442857142857
Punjab,Vegetables,Potato,2025-05-06,1378.82,Metric Tonnes,606.3,Rs./Quintal,5,126,665.92,609.13,620.8957142857143
Punjab,Vegetables,Potato,2025-05-07,1165.48,Metric Tonnes,573.03,Rs./Quintal,5,127,606.3,589.56,620.4914285714286
Punjab,Vegetables,Potato,2025-05-08,1216.48,Metric Tonnes,642.19,Rs./Quintal,5,128,573.03,592.84,618.13
Punjab,Vegetables,Potato,2025-05-09,1263.88,Metric Tonnes,569.63,Rs./Quintal,5,129,642.19,631.98,625.1800000000001
Punjab,Vegetables,Potato,2025-05-10,1226.7,Metric Tonnes,663.99,Rs./Quintal,5,130,569.63,548.88,616.2728571428571
Punjab,Vegetables,Potato,2025-05-11,57.65,Metric Tonnes,721.1,Rs./Quintal,5,131,663.99,707.96,632.7171428571428
Punjab,Vegetables,Potato,2025-05-12,1608.95,Metric Tonnes,619.69,Rs./Quintal,5,132,721.1,665.92,634.5942857142857
Punjab,Vegetables,Potato,2025-05-13,1370.87,Metric Tonnes,683.76,Rs./Quintal,5,133,619.69,606.3,627.99
Punjab,Vegetables,Potato,2025-05-14,1123.61,Metric Tonnes,670.88,Rs./Quintal,5,134,683.76,573.03,639.0557142857143
Punjab,Vegetables,Potato,2025-05-15,862.64,Metric Tonnes,771.97,Rs./Quintal,5,135,670.88,642.19,653.0342857142858
Punjab,Vegetables,Potato,2025-05-16,1324.38,Metric Tonnes,692.98,Rs./Quintal,5,136,771.97,569.63,671.5742857142857
Punjab,Vegetables,Potato,2025-05-17,938.19,Metric Tonnes,686.32,Rs./Quintal,5,137,692.98,663.99,689.1957142857143
Punjab,Vegetables,Potato,2025-05-18,55.56,Metric Tonnes,726.93,Rs./Quintal,5,138,686.32,721.1,692.3857142857142
Punjab,Vegetables,Potato,2025-05-19,1227.79,Metric Tonnes,652.87,Rs./Quintal,5,139,726.93,619.69,693.2185714285715
Punjab,Vegetables,Potato,2025-05-20,1539.44,Metric Tonnes,620.96,Rs./Quintal,5,140,652.87,683.76,697.9585714285714
Punjab,Vegetables,Potato,2025-05-21,1191.73,Metric Tonnes,682.96,Rs./Quintal,5,141,620.96,670.88,688.9871428571429
Punjab,Vegetables,Potato,2025-05-22,1002.34,Metric Tonnes,673.16,Rs./Quintal,5,142,682.96,771.97,690.7128571428572
Punjab,Vegetables,Potato,2025-05-23,943.56,Metric Tonnes,743.05,Rs./Quintal,5,143,673.16,692.98,676.5971428571429
Punjab,Vegetables,Potato,2025-05-24,817.62,Metric Tonnes,655.97,Rs./Quintal,5,144,743.05,686.32,683.75
Punjab,Vegetables,Potato,2025-05-25,78.13,Metric Tonnes,585.26,Rs./Quintal,5,145,655.97,726.93,679.4142857142858
Punjab,Vegetables,Potato,2025-05-26,918.36,Metric Tonnes,680.31,Rs./Quintal,5,146,585.26,652.87,659.1757142857142
Punjab,Vegetables,Potato,2025-05-27,660.37,Metric Tonnes,680.83,Rs./Quintal,5,147,680.31,620.96,663.0957142857143
Punjab,Vegetables,Potato,2025-05-28,848.47,Metric Tonnes,650.57,Rs./Quintal,5,148,680.83,682.96,671.6485714285715
Punjab,Vegetables,Potato,2025-05-29,919.16,Metric Tonnes,840.12,Rs./Quintal,5,149,650.57,673.16,667.0214285714285
Punjab,Vegetables,Potato,2025-05-30,653.91,Metric Tonnes,633.1,Rs./Quintal,5,150,840.12,743.05,690.8728571428572
Punjab,Vegetables,Potato,2025-05-31,616.25,Metric Tonnes,679.38,Rs./Quintal,5,151,633.1,655.97,675.1657142857142
Punjab,Vegetables,Potato,2025-06-01,50.7,Metric Tonnes,757.16,Rs./Quintal,6,152,679.38,585.26,678.51
Punjab,Vegetables,Potato,2025-06-02,1067.43,Metric Tonnes,698.46,Rs./Quintal,6,153,757.16,680.31,703.0671428571429
Punjab,Vegetables,Potato,2025-06-03,927.33,Metric Tonnes,648.36,Rs./Quintal,6,154,698.46,680.83,705.6600000000001
Punjab,Vegetables,Potato,2025-06-04,872.48,Metric Tonnes,697.81,Rs./Quintal,6,155,648.36,650.57,701.0214285714286
Punjab,Vegetables,Potato,2025-06-05,833.17,Metric Tonnes,690.53,Rs./Quintal,6,156,697.81,840.12,707.7699999999999
Punjab,Vegetables,Potato,2025-06-06,664.16,Metric Tonnes,774.73,Rs./Quintal,6,157,690.53,633.1,686.4
Punjab,Vegetables,Potato,2025-06-07,635.06,Metric Tonnes,826.34,Rs./Quintal,6,158,774.73,679.38,706.632857142857
Punjab,Vegetables,Potato,2025-06-08,89.8,Metric Tonnes,716.7,Rs./Quintal,6,159,826.34,757.16,727.6271428571428
Punjab,Vegetables,Potato,2025-06-09,714.13,Metric Tonnes,772.96,Rs./Quintal,6,160,716.7,698.46,721.8471428571428
Punjab,Vegetables,Potato,2025-06-10,603.75,Metric Tonnes,671.55,Rs./Quintal,6,161,772.96,648.36,732.4899999999999
Punjab,Vegetables,Potato,2025-06-11,779.51,Metric Tonnes,711.0,Rs./Quintal,6,162,671.55,697.81,735.8028571428571
Punjab,Vegetables,Potato,2025-06-12,777.39,Metric Tonnes,806.22,Rs./Quintal,6,163,711.0,690.53,737.6871428571428
Punjab,Vegetables,Potato,2025-06-13,731.13,Metric Tonnes,765.49,Rs./Quintal,6,164,806.22,774.73,754.2142857142857
Punjab,Vegetables,Potato,2025-06-14,431.08,Metric Tonnes,852.49,Rs./Quintal,6,165,765.49,826.34,752.8942857142857
Punjab,Vegetables,Potato,2025-06-15,52.7,Metric Tonnes,806.64,Rs./Quintal,6,166,852.49,716.7,756.63
Punjab,Vegetables,Potato,2025-06-16,887.34,Metric Tonnes,741.38,Rs./Quintal,6,167,806.64,772.96,769.4785714285715
Punjab,Vegetables,Potato,2025-06-17,745.78,Metric Tonnes,830.39,Rs./Quintal,6,168,741.38,671.55,764.9671428571429
Punjab,Vegetables,Potato,2025-06-18,774.22,Metric Tonnes,797.03,Rs./Quintal,6,169,830.39,711.0,787.6585714285715
Punjab,Vegetables,Potato,2025-06-19,657.94,Metric Tonnes,808.03,Rs./Quintal,6,170,797.03,806.22,799.9485714285714
Punjab,Vegetables,Potato,2025-06-20,737.66,Metric Tonnes,939.79,Rs./Quintal,6,171,808.03,765.49,800.2071428571428
Punjab,Vegetables,Potato,2025-06-21,653.04,Metric Tonnes,893.15,Rs./Quintal,6,172,939.79,852.49,825.1071428571429
Punjab,Vegetables,Potato,2025-06-22,87.95,Metric Tonnes,908.12,Rs./Quintal,6,173,893.15,806.64,830.9157142857142
Punjab,Vegetables,Potato,2025-06-23,658.69,Metric Tonnes,833.99,Rs./Quintal,6,174,908.12,741.38,845.4128571428571
Punjab,Vegetables,Potato,2025-06-24,673.44,Metric Tonnes,809.41,Rs./Quintal,6,175,833.99,830.39,858.6428571428571
Punjab,Vegetables,Potato,2025-06-25,747.92,Metric Tonnes,796.95,Rs./Quintal,6,176,809.41,797.03,855.6457142857143
Punjab,Vegetables,Potato,2025-06-26,558.64,Metric Tonnes,948.96,Rs./Quintal,6,177,796.95,808.03,855.6342857142856
Punjab,Vegetables,Potato,2025-06-27,680.58,Metric Tonnes,906.72,Rs./Quintal,6,178,948.96,939.79,875.7671428571429
Punjab,Vegetables,Potato,2025-06-28,377.23,Metric Tonnes,862.19,Rs./Quintal,6,179,906.72,893.15,871.0428571428572
Punjab,Vegetables,Potato,2025-06-29,61.24,Metric Tonnes,1071.88,Rs./Quintal,6,180,862.19,908.12,866.62
Punjab,Vegetables,Potato,2025-06-30,766.95,Metric Tonnes,872.81,Rs./Quintal,6,181,1071.88,833.99,890.0142857142857
Punjab,Vegetables,Potato,2025-07-01,586.2,Metric Tonnes,801.91,Rs./Quintal,7,182,872.81,809.41,895.5600000000001
Punjab,Vegetables,Potato,2025-07-02,669.28,Metric Tonnes,877.59,Rs./Quintal,7,183,801.91,796.95,894.4885714285714
Punjab,Vegetables,Potato,2025-07-03,589.84,Metric Tonnes,824.14,Rs./Quintal,7,184,877.59,948.96,906.0085714285715
Punjab,Vegetables,Potato,2025-07-04,758.09,Metric Tonnes,891.58,Rs./Quintal,7,185,824.14,906.72,888.1771428571429
Punjab,Vegetables,Potato,2025-07-05,553.83,Metric Tonnes,873.82,Rs./Quintal,7,186,891.58,862.19,886.0142857142857
Punjab,Vegetables,Potato,2025-07-06,74.65,Metric Tonnes,1006.23,Rs./Quintal,7,187,873.82,1071.88,887.6757142857143
Punjab,Vegetables,Potato,2025-07-07,691.59,Metric Tonnes,893.24,Rs./Quintal,7,188,1006.23,872.81,878.297142857143
Punjab,Vegetables,Potato,2025-07-08,552.31,Metric Tonnes,893.17,Rs./Quintal,7,189,893.24,801.91,881.2157142857143
Punjab,Vegetables,Potato,2025-07-09,565.12,Metric Tonnes,998.18,Rs./Quintal,7,190,893.17,877.59,894.2528571428572
Punjab,Vegetables,Potato,2025-07-10,689.16,Metric Tonnes,933.87,Rs./Quintal,7,191,998.18,824.14,911.4799999999999
Punjab,Vegetables,Potato,2025-07-11,587.23,Metric Tonnes,944.01,Rs./Quintal,7,192,933.87,891.58,927.1557142857143
Punjab,Vegetables,Potato,2025-07-12,779.9,Metric Tonnes,894.72,Rs./Quintal,7,193,944.01,873.82,934.6457142857142
Punjab,Vegetables,Potato,2025-07-13,72.55,Metric Tonnes,1209.51,Rs./Quintal,7,194,894.72,1006.23,937.6314285714286
Punjab,Vegetables,Potato,2025-07-14,811.25,Metric Tonnes,902.12,Rs./Quintal,7,195,1209.51,893.24,966.6714285714286
Punjab,Vegetables,Potato,2025-07-15,717.38,Metric Tonnes,767.75,Rs./Quintal,7,196,902.12,893.17,967.9399999999999
Punjab,Vegetables,Potato,2025-07-16,630.54,Metric Tonnes,871.36,Rs./Quintal,7,197,767.75,998.18,950.0228571428571
Punjab,Vegetables,Potato,2025-07-17,760.24,Metric Tonnes,881.8,Rs./Quintal,7,198,871.36,933.87,931.9057142857143
Punjab,Vegetables,Potato,2025-07-18,853.99,Metric Tonnes,890.62,Rs./Quintal,7,199,881.8,944.01,924.4671428571428
Punjab,Vegetables,Potato,2025-07-19,597.25,Metric Tonnes,898.24,Rs./Quintal,7,200,890.62,894.72,916.84
Punjab,Vegetables,Potato,2025-07-20,76.0,Metric Tonnes,1149.21,Rs./Quintal,7,201,898.24,1209.51,917.342857142857
Punjab,Vegetables,Potato,2025-07-21,1055.73,Metric Tonnes,733.08,Rs./Quintal,7,202,1149.21,902.12,908.7285714285715
Punjab,Vegetables,Potato,2025-07-22,950.39,Metric Tonnes,820.16,Rs./Quintal,7,203,733.08,767.75,884.58
Punjab,Vegetables,Potato,2025-07-23,673.47,Metric Tonnes,887.88,Rs./Quintal,7,204,820.16,871.36,892.0671428571429
Punjab,Vegetables,Potato,2025-07-24,757.6,Metric Tonnes,927.22,Rs./Quintal,7,205,887.88,881.8,894.4271428571429
Punjab,Vegetables,Potato,2025-07-25,1079.91,Metric Tonnes,826.98,Rs./Quintal,7,206,927.22,890.62,900.9157142857142
Punjab,Vegetables,Potato,2025-07-26,734.52,Metric Tonnes,873.86,Rs./Quintal,7,207,826.98,898.24,891.8242857142858
Punjab,Vegetables,Potato,2025-07-27,53.71,Metric Tonnes,1149.59,Rs./Quintal,7,208,873.86,1149.21,888.3414285714287
Punjab,Vegetables,Potato,2025-07-28,1054.15,Metric Tonnes,842.7,Rs./Quintal,7,209,1149.59,733.08,888.3957142857143
Punjab,Vegetables,Potato,2025-07-29,958.04,Metric Tonnes,875.77,Rs./Quintal,7,210,842.7,820.16,904.0557142857142
Punjab,Vegetables,Potato,2025-07-30,783.84,Metric Tonnes,802.12,Rs./Quintal,7,211,875.77,887.88,912.0
Punjab,Vegetables,Potato,2025-07-31,1194.5,Metric Tonnes,906.74,Rs./Quintal,7,212,802.12,927.22,899.7485714285714
Punjab,Vegetables,Potato,2025-08-01,703.29,Metric Tonnes,842.89,Rs./Quintal,8,213,906.74,826.98,896.8228571428572
Punjab,Vegetables,Potato,2025-08-02,761.2,Metric Tonnes,816.91,Rs./Quintal,8,214,842.89,873.86,899.0957142857143
Punjab,Vegetables,Potato,2025-08-03,49.23,Metric Tonnes,1279.42,Rs./Quintal,8,215,816.91,1149.59,890.96
Punjab,Vegetables,Potato,2025-08-04,934.02,Metric Tonnes,778.83,Rs./Quintal,8,216,1279.42,842.7,909.5071428571429
Punjab,Vegetables,Potato,2025-08-05,1032.34,Metric Tonnes,717.34,Rs./Quintal,8,217,778.83,875.77,900.3828571428572
Punjab,Vegetables,Potato,2025-08-06,970.82,Metric Tonnes,795.32,Rs./Quintal,8,218,717.34,802.12,877.75
Punjab,Vegetables,Potato,2025-08-07,699.79,Metric Tonnes,807.29,Rs./Quintal,8,219,795.32,906.74,876.7785714285714
Punjab,Vegetables,Potato,2025-08-08,928.68,Metric Tonnes,766.2,Rs./Quintal,8,220,807.29,842.89,862.5714285714286
Punjab,Vegetables,Potato,2025-08-09,777.12,Metric Tonnes,785.55,Rs./Quintal,8,221,766.2,816.91,851.6157142857144
Punjab,Vegetables,Potato,2025-08-10,76.85,Metric Tonnes,1144.03,Rs./Quintal,8,222,785.55,1279.42,847.1357142857142
Punjab,Vegetables,Potato,2025-08-11,918.77,Metric Tonnes,724.73,Rs./Quintal,8,223,1144.03,778.83,827.7942857142856
Punjab,Vegetables,Potato,2025-08-12,1040.16,Metric Tonnes,788.05,Rs./Quintal,8,224,724.73,717.34,820.0657142857143
Punjab,Vegetables,Potato,2025-08-13,789.79,Metric Tonnes,807.35,Rs./Quintal,8,225,788.05,795.32,830.1671428571428
Punjab,Vegetables,Potato,2025-08-14,818.48,Metric Tonnes,813.59,Rs./Quintal,8,226,807.35,807.29,831.8857142857142
Punjab,Vegetables,Potato,2025-08-15,771.51,Metric Tonnes,784.05,Rs./Quintal,8,227,813.59,766.2,832.7857142857143
Punjab,Vegetables,Potato,2025-08-16,819.58,Metric Tonnes,818.28,Rs./Quintal,8,228,784.05,785.55,835.3357142857142
Punjab,Vegetables,Potato,2025-08-17,141.56,Metric Tonnes,944.44,Rs./Quintal,8,229,818.28,1144.03,840.0114285714286
Punjab,Vegetables,Potato,2025-08-18,996.91,Metric Tonnes,737.9,Rs./Quintal,8,230,944.44,724.73,811.4985714285714
Punjab,Vegetables,Potato,2025-08-19,880.44,Metric Tonnes,850.07,Rs./Quintal,8,231,737.9,788.05,813.38
Punjab,Vegetables,Potato,2025-08-20,995.94,Metric Tonnes,762.97,Rs./Quintal,8,232,850.07,807.35,822.24
Punjab,Vegetables,Potato,2025-08-21,879.49,Metric Tonnes,837.75,Rs./Quintal,8,233,762.97,813.59,815.9
Punjab,Vegetables,Potato,2025-08-22,885.17,Metric Tonnes,756.77,Rs./Quintal,8,234,837.75,784.05,819.3514285714285
Punjab,Vegetables,Potato,2025-08-23,740.79,Metric Tonnes,699.48,Rs./Quintal,8,235,756.77,818.28,815.4542857142858
Punjab,Vegetables,Potato,2025-08-24,61.1,Metric Tonnes,1103.65,Rs./Quintal,8,236,699.48,944.44,798.4828571428571
Punjab,Vegetables,Potato,2025-08-25,689.38,Metric Tonnes,717.92,Rs./Quintal,8,237,1103.65,737.9,821.2271428571429
Punjab,Vegetables,Potato,2025-08-26,668.48,Metric Tonnes,850.73,Rs./Quintal,8,238,717.92,850.07,818.3728571428572
Punjab,Vegetables,Potato,2025-08-27,753.39,Metric Tonnes,801.98,Rs./Quintal,8,239,850.73,762.97,818.4671428571429
Punjab,Vegetables,Potato,2025-08-28,902.6,Metric Tonnes,772.6,Rs./Quintal,8,240,801.98,837.75,824.0400000000001
Punjab,Vegetables,Potato,2025-08-29,863.62,Metric Tonnes,777.97,Rs./Quintal,8,241,772.6,756.77,814.7328571428571
Punjab,Vegetables,Potato,2025-08-30,771.13,Metric Tonnes,743.1,Rs./Quintal,8,242,777.97,699.48,817.7614285714286
Punjab,Vegetables,Potato,2025-08-31,47.9,Metric Tonnes,1161.9,Rs./Quintal,8,243,743.1,1103.65,823.9928571428572
Punjab,Vegetables,Potato,2025-09-01,1383.17,Metric Tonnes,671.86,Rs./Quintal,9,244,1161.9,717.92,832.3142857142857
Punjab,Vegetables,Potato,2025-09-02,944.43,Metric Tonnes,756.84,Rs./Quintal,9,245,671.86,850.73,825.7342857142856
Punjab,Vegetables,Potato,2025-09-03,653.68,Metric Tonnes,879.74,Rs./Quintal,9,246,756.84,801.98,812.3214285714286
Punjab,Vegetables,Potato,2025-09-04,908.89,Metric Tonnes,800.07,Rs./Quintal,9,247,879.74,772.6,823.4300000000001
Punjab,Vegetables,Potato,2025-09-05,937.42,Metric Tonnes,796.86,Rs./Quintal,9,248,800.07,777.97,827.3542857142858
Punjab,Vegetables,Potato,2025-09-06,783.42,Metric Tonnes,805.93,Rs./Quintal,9,249,796.86,743.1,830.0528571428571
Punjab,Vegetables,Potato,2025-09-07,65.22,Metric Tonnes,1161.17,Rs./Quintal,9,250,805.93,1161.9,839.0285714285714
Punjab,Vegetables,Potato,2025-09-08,1031.71,Metric Tonnes,791.57,Rs./Quintal,9,251,1161.17,671.86,838.9242857142857
Punjab,Vegetables,Potato,2025-09-09,1058.33,Metric Tonnes,781.86,Rs./Quintal,9,252,791.57,756.84,856.0257142857143
Punjab,Vegetables,Potato,2025-09-10,789.56,Metric Tonnes,859.16,Rs./Quintal,9,253,781.86,879.74,859.6000000000001
Punjab,Vegetables,Potato,2025-09-11,649.49,Metric Tonnes,808.9,Rs./Quintal,9,254,859.16,800.07,856.6600000000001
Punjab,Vegetables,Potato,2025-09-12,850.17,Metric Tonnes,795.21,Rs./Quintal,9,255,808.9,796.86,857.9214285714286
Punjab,Vegetables,Potato,2025-09-13,684.08,Metric Tonnes,825.08,Rs./Quintal,9,256,795.21,805.93,857.6857142857143
Punjab,Vegetables,Potato,2025-09-14,39.4,Metric Tonnes,934.26,Rs./Quintal,9,257,825.08,1161.17,860.4214285714286
Punjab,Vegetables,Potato,2025-09-15,681.03,Metric Tonnes,761.79,Rs./Quintal,9,258,934.26,791.57,828.0057142857142
Punjab,Vegetables,Potato,2025-09-16,741.24,Metric Tonnes,755.43,Rs./Quintal,9,259,761.79,781.86,823.7514285714286
Punjab,Vegetables,Potato,2025-09-17,850.1,Metric Tonnes,693.34,Rs./Quintal,9,260,755.43,859.16,819.9757142857143
Punjab,Vegetables,Potato,2025-09-18,791.07,Metric Tonnes,802.8,Rs./Quintal,9,261,693.34,808.9,796.2871428571428
Punjab,Vegetables,Potato,2025-09-19,649.86,Metric Tonnes,843.59,Rs./Quintal,9,262,802.8,795.21,795.4157142857142
Punjab,Vegetables,Potato,2025-09-20,319.71,Metric Tonnes,859.06,Rs./Quintal,9,263,843.59,825.08,802.3271428571428
Punjab,Vegetables,Potato,2025-09-21,142.69,Metric Tonnes,1042.34,Rs./Quintal,9,264,859.06,934.26,807.1814285714287
Punjab,Vegetables,Potato,2025-09-22,864.76,Metric Tonnes,707.84,Rs./Quintal,9,265,1042.34,761.79,822.6214285714286
Punjab,Vegetables,Potato,2025-09-23,831.72,Metric Tonnes,806.48,Rs./Quintal,9,266,707.84,755.43,814.9142857142857
Punjab,Vegetables,Potato,2025-09-24,909.21,Metric Tonnes,777.6,Rs./Quintal,9,267,806.48,693.34,822.2071428571428
Punjab,Vegetables,Potato,2025-09-25,957.88,Metric Tonnes,825.56,Rs./Quintal,9,268,777.6,802.8,834.2442857142856
Punjab,Vegetables,Potato,2025-09-26,887.6,Metric Tonnes,801.18,Rs./Quintal,9,269,825.56,843.59,837.4957142857144
Punjab,Vegetables,Potato,2025-09-27,735.07,Metric Tonnes,831.32,Rs./Quintal,9,270,801.18,859.06,831.4371428571429
Punjab,Vegetables,Potato,2025-09-28,100.99,Metric Tonnes,1088.61,Rs./Quintal,9,271,831.32,1042.34,827.4742857142857
Punjab,Vegetables,Potato,2025-09-29,870.2,Metric Tonnes,831.56,Rs./Quintal,9,272,1088.61,707.84,834.0842857142856
Punjab,Vegetables,Potato,2025-09-30,980.68,Metric Tonnes,811.81,Rs./Quintal,9,273,831.56,806.48,851.7585714285715
Punjab,Vegetables,Potato,2025-10-01,981.1,Metric Tonnes,791.38,Rs./Quintal,10,274,811.81,777.6,852.5199999999999
Punjab,Vegetables,Potato,2025-10-02,909.78,Metric Tonnes,796.61,Rs./Quintal,10,275,791.38,825.56,854.4885714285713
Punjab,Vegetables,Potato,2025-10-03,1314.95,Metric Tonnes,856.68,Rs./Quintal,10,276,796.61,801.18,850.352857142857
Punjab,Vegetables,Potato,2025-10-04,695.92,Metric Tonnes,829.36,Rs./Quintal,10,277,856.68,831.32,858.2814285714285
Punjab,Vegetables,Potato,2025-10-05,51.53,Metric Tonnes,867.79,Rs./Quintal,10,278,829.36,1088.61,858.0014285714286
Punjab,Vegetables,Potato,2025-10-06,919.84,Metric Tonnes,740.19,Rs./Quintal,10,279,867.79,831.56,826.4557142857144
Punjab,Vegetables,Potato,2025-10-07,562.99,Metric Tonnes,795.81,Rs./Quintal,10,280,740.19,811.81,813.4028571428571
Punjab,Vegetables,Potato,2025-10-08,818.22,Metric Tonnes,820.42,Rs./Quintal,10,281,795.81,791.38,811.1171428571428
Punjab,Vegetables,Potato,2025-10-09,753.33,Metric Tonnes,790.63,Rs./Quintal,10,282,820.42,796.61,815.2657142857142
Punjab,Vegetables,Potato,2025-10-10,569.86,Metric Tonnes,836.59,Rs./Quintal,10,283,790.63,856.68,814.4114285714286
Punjab,Vegetables,Potato,2025-10-11,802.02,Metric Tonnes,768.5,Rs./Quintal,10,284,836.59,829.36,811.5414285714286
Punjab,Vegetables,Potato,2025-10-12,65.4,Metric Tonnes,1094.82,Rs./Quintal,10,285,768.5,867.79,802.8471428571429
Punjab,Vegetables,Potato,2025-10-13,951.27,Metric Tonnes,773.53,Rs./Quintal,10,286,1094.82,740.19,835.2799999999999
Punjab,Vegetables,Potato,2025-10-14,1101.79,Metric Tonnes,780.24,Rs./Quintal,10,287,773.53,795.81,840.0428571428572
Punjab,Vegetables,Potato,2025-10-15,718.03,Metric Tonnes,814.6,Rs./Quintal,10,288,780.24,820.42,837.8185714285713
Punjab,Vegetables,Potato,2025-10-16,865.52,Metric Tonnes,770.79,Rs./Quintal,10,289,814.6,790.63,836.987142857143
Punjab,Vegetables,Potato,2025-10-17,2322.07,Metric Tonnes,698.75,Rs./Quintal,10,290,770.79,836.59,834.1528571428572
Punjab,Vegetables,Potato,2025-10-18,1560.89,Metric Tonnes,677.7,Rs./Quintal,10,291,698.75,768.5,814.4614285714287
Punjab,Vegetables,Potato,2025-10-19,56.51,Metric Tonnes,1012.41,Rs./Quintal,10,292,677.7,1094.82,801.49
Punjab,Vegetables,Potato,2025-10-20,2781.76,Metric Tonnes,627.78,Rs./Quintal,10,293,1012.41,773.53,789.7171428571429
Punjab,Vegetables,Potato,2025-10-21,657.91,Metric Tonnes,738.33,Rs./Quintal,10,294,627.78,780.24,768.8957142857142
Punjab,Vegetables,Potato,2025-10-22,667.25,Metric Tonnes,1033.76,Rs./Quintal,10,295,738.33,814.6,762.9085714285713
Punjab,Vegetables,Potato,2025-10-23,708.56,Metric Tonnes,911.55,Rs./Quintal,10,296,1033.76,770.79,794.2171428571428
Punjab,Vegetables,Potato,2025-10-24,831.59,Metric Tonnes,822.42,Rs./Quintal,10,297,911.55,698.75,814.3257142857143
Punjab,Vegetables,Potato,2025-10-25,785.33,Metric Tonnes,818.76,Rs./Quintal,10,298,822.42,677.7,831.9928571428571
Punjab,Vegetables,Potato,2025-10-26,37.9,Metric Tonnes,948.35,Rs./Quintal,10,299,818.76,1012.41,852.1442857142856
Punjab,Vegetables,Potato,2025-10-27,1037.15,Metric Tonnes,789.43,Rs./Quintal,10,300,948.35,627.78,842.9928571428571
Punjab,Vegetables,Potato,2025-10-28,1058.77,Metric Tonnes,776.32,Rs./Quintal,10,301,789.43,738.33,866.0857142857143
Punjab,Vegetables,Potato,2025-10-29,753.78,Metric Tonnes,852.44,Rs./Quintal,10,302,776.32,1033.76,871.5128571428571
Punjab,Vegetables,Potato,2025-10-30,855.77,Metric Tonnes,755.2,Rs./Quintal,10,303,852.44,911.55,845.61
Punjab,Vegetables,Potato,2025-10-31,938.6,Metric Tonnes,908.38,Rs./Quintal,10,304,755.2,822.42,823.2742857142857
Punjab,Vegetables,Potato,2025-11-01,791.14,Metric Tonnes,883.23,Rs./Quintal,11,305,908.38,818.76,835.5542857142857
Punjab,Vegetables,Potato,2025-11-02,37.86,Metric Tonnes,1016.98,Rs./Quintal,11,306,883.23,948.35,844.7642857142857
Punjab,Vegetables,Potato,2025-11-03,882.57,Metric Tonnes,833.99,Rs./Quintal,11,307,1016.98,789.43,854.5685714285715
Punjab,Vegetables,Potato,2025-11-04,519.24,Metric Tonnes,926.55,Rs./Quintal,11,308,833.99,776.32,860.9342857142857
Punjab,Vegetables,Potato,2025-11-05,539.04,Metric Tonnes,1009.41,Rs./Quintal,11,309,926.55,852.44,882.3957142857143
Punjab,Vegetables,Potato,2025-11-06,666.68,Metric Tonnes,793.82,Rs./Quintal,11,310,1009.41,755.2,904.8199999999999
Punjab,Vegetables,Potato,2025-11-07,2162.98,Metric Tonnes,682.28,Rs./Quintal,11,311,793.82,908.38,910.3371428571428
Punjab,Vegetables,Potato,2025-11-08,290.66,Metric Tonnes,763.02,Rs./Quintal,11,312,682.28,883.23,878.0371428571427
Punjab,Vegetables,Potato,2025-11-09,20.34,Metric Tonnes,1007.37,Rs./Quintal,11,313,763.02,1016.98,860.8642857142858
Punjab,Vegetables,Potato,2025-11-10,1132.96,Metric Tonnes,816.59,Rs./Quintal,11,314,1007.37,833.99,859.4914285714285
Punjab,Vegetables,Potato,2025-11-11,1173.35,Metric Tonnes,923.15,Rs./Quintal,11,315,816.59,926.55,857.0057142857142
Punjab,Vegetables,Potato,2025-11-12,724.95,Metric Tonnes,916.27,Rs./Quintal,11,316,923.15,1009.41,856.5199999999999
Punjab,Vegetables,Potato,2025-11-13,801.53,Metric Tonnes,831.2,Rs./Quintal,11,317,916.27,793.82,843.2142857142857
Punjab,Vegetables,Potato,2025-11-14,1107.44,Metric Tonnes,968.45,Rs./Quintal,11,318,831.2,682.28,848.5542857142857
Punjab,Vegetables,Potato,2025-11-15,521.68,Metric Tonnes,747.01,Rs./Quintal,11,319,968.45,763.02,889.4357142857143
Punjab,Vegetables,Potato,2025-11-16,46.34,Metric Tonnes,1147.48,Rs./Quintal,11,320,747.01,1007.37,887.1485714285715
Punjab,Vegetables,Potato,2025-11-17,2463.03,Metric Tonnes,748.46,Rs./Quintal,11,321,1147.48,816.59,907.1642857142857
Punjab,Vegetables,Potato,2025-11-18,1525.72,Metric Tonnes,681.46,Rs./Quintal,11,322,748.46,923.15,897.4314285714287
Punjab,Vegetables,Potato,2025-11-19,1864.67,Metric Tonnes,970.27,Rs./Quintal,11,323,681.46,916.27,862.9042857142857
Punjab,Vegetables,Potato,2025-11-20,1377.16,Metric Tonnes,676.73,Rs./Quintal,11,324,970.27,831.2,870.6185714285714
Punjab,Vegetables,Potato,2025-11-21,1377.72,Metric Tonnes,708.59,Rs./Quintal,11,325,676.73,968.45,848.5514285714287
Punjab,Vegetables,Potato,2025-11-22,1292.15,Metric Tonnes,580.88,Rs./Quintal,11,326,708.59,747.01,811.4285714285714
Punjab,Vegetables,Potato,2025-11-23,83.07,Metric Tonnes,1229.08,Rs./Quintal,11,327,580.88,1147.48,787.6957142857143
Punjab,Vegetables,Potato,2025-11-24,1701.23,Metric Tonnes,615.89,Rs./Quintal,11,328,1229.08,748.46,799.352857142857
Punjab,Vegetables,Potato,2025-11-25,2229.36,Metric Tonnes,586.77,Rs./Quintal,11,329,615.89,681.46,780.4142857142858
Punjab,Vegetables,Potato,2025-11-26,1575.01,Metric Tonnes,711.08,Rs./Quintal,11,330,586.77,970.27,766.8871428571429
Punjab,Vegetables,Potato,2025-11-27,745.69,Metric Tonnes,813.99,Rs./Quintal,11,331,711.08,676.73,729.86
Punjab,Vegetables,Potato,2025-11-28,1831.69,Metric Tonnes,577.01,Rs./Quintal,11,332,813.99,708.59,749.4685714285715
Punjab,Vegetables,Potato,2025-11-29,1164.91,Metric Tonnes,517.69,Rs./Quintal,11,333,577.01,580.88,730.6714285714287
Punjab,Vegetables,Potato,2025-11-30,46.57,Metric Tonnes,1178.63,Rs./Quintal,11,334,517.69,1229.08,721.6442857142857
Punjab,Vegetables,Potato,2025-12-01,1859.58,Metric Tonnes,539.27,Rs./Quintal,12,335,1178.63,615.89,714.4371428571429
Punjab,Vegetables,Potato,2025-12-02,3255.93,Metric Tonnes,591.9,Rs./Quintal,12,336,539.27,586.77,703.4914285714286
Punjab,Vegetables,Potato,2025-12-03,2149.72,Metric Tonnes,535.5,Rs./Quintal,12,337,591.9,711.08,704.2242857142858
Punjab,Vegetables,Potato,2025-12-04,2422.97,Metric Tonnes,653.48,Rs./Quintal,12,338,535.5,813.99,679.1414285714285
Punjab,Vegetables,Potato,2025-12-05,2884.05,Metric Tonnes,781.5,Rs./Quintal,12,339,653.48,577.01,656.2114285714285
Punjab,Vegetables,Potato,2025-12-06,1909.11,Metric Tonnes,738.51,Rs./Quintal,12,340,781.5,517.69,685.4242857142857
Punjab,Vegetables,Potato,2025-12-07,426.74,Metric Tonnes,1461.42,Rs./Quintal,12,341,738.51,1178.63,716.9700000000001
Punjab,Vegetables,Potato,2025-12-08,2456.19,Metric Tonnes,655.32,Rs./Quintal,12,342,1461.42,539.27,757.3685714285714
Punjab,Vegetables,Potato,2025-12-09,3137.95,Metric Tonnes,625.17,Rs./Quintal,12,343,655.32,591.9,773.9471428571427
Punjab,Vegetables,Potato,2025-12-10,2778.78,Metric Tonnes,631.52,Rs./Quintal,12,344,625.17,535.5,778.6999999999999
Punjab,Vegetables,Potato,2025-12-11,1824.57,Metric Tonnes,474.72,Rs./Quintal,12,345,631.52,653.48,792.4171428571428
Punjab,Vegetables,Potato,2025-12-12,2106.68,Metric Tonnes,670.39,Rs./Quintal,12,346,474.72,781.5,766.88
Punjab,Vegetables,Potato,2025-12-13,1197.93,Metric Tonnes,437.11,Rs./Quintal,12,347,670.39,738.51,751.0071428571429
Punjab,Vegetables,Potato,2025-12-14,419.3,Metric Tonnes,1378.88,Rs./Quintal,12,348,437.11,1461.42,707.9499999999999
Punjab,Vegetables,Potato,2025-12-15,2238.79,Metric Tonnes,646.31,Rs./Quintal,12,349,1378.88,655.32,696.1585714285715
Punjab,Vegetables,Potato,2025-12-16,2879.96,Metric Tonnes,590.5,Rs./Quintal,12,350,646.31,625.17,694.8714285714286
Punjab,Vegetables,Potato,2025-12-17,2181.05,Metric Tonnes,591.39,Rs./Quintal,12,351,590.5,631.52,689.9185714285715
Punjab,Vegetables,Potato,2025-12-18,1973.23,Metric Tonnes,575.32,Rs./Quintal,12,352,591.39,474.72,684.1857142857143
Punjab,Vegetables,Potato,2025-12-19,1889.47,Metric Tonnes,606.15,Rs./Quintal,12,353,575.32,670.39,698.5571428571428
Punjab,Vegetables,Potato,2025-12-20,1318.08,Metric Tonnes,602.78,Rs./Quintal,12,354,606.15,437.11,689.38
Punjab,Vegetables,Potato,2025-12-21,55.11,Metric Tonnes,802.92,Rs./Quintal,12,355,602.78,1378.88,713.0471428571428
Punjab,Vegetables,Potato,2025-12-22,3490.33,Metric Tonnes,607.52,Rs./Quintal,12,356,802.92,646.31,630.7671428571429
Punjab,Vegetables,Potato,2025-12-23,2021.49,Metric Tonnes,570.13,Rs./Quintal,12,357,607.52,590.5,625.2257142857143
Punjab,Vegetables,Potato,2025-12-24,1885.47,Metric Tonnes,555.08,Rs./Quintal,12,358,570.13,591.39,622.3157142857143
Punjab,Vegetables,Potato,2025-12-25,1810.14,Metric Tonnes,594.18,Rs./Quintal,12,359,555.08,575.32,617.1285714285714
Punjab,Vegetables,Potato,2025-12-26,1802.25,Metric Tonnes,591.1,Rs./Quintal,12,360,594.18,606.15,619.8228571428572
Punjab,Vegetables,Potato,2025-12-27,1050.15,Metric Tonnes,658.01,Rs./Quintal,12,361,591.1,602.78,617.6728571428572
Punjab,Vegetables,Potato,2025-12-28,59.95,Metric Tonnes,762.35,Rs./Quintal,12,362,658.01,802.92,625.5628571428572
Punjab,Vegetables,Potato,2025-12-29,1609.32,Metric Tonnes,554.35,Rs./Quintal,12,363,762.35,607.52,619.7671428571429
Punjab,Vegetables,Potato,2025-12-30,1572.78,Metric Tonnes,595.59,Rs./Quintal,12,364,554.35,570.13,612.1714285714286
Punjab,Vegetables,Potato,2025-12-31,2114.32,Metric Tonnes,552.43,Rs./Quintal,12,365,595.59,555.08,615.8085714285714
Punjab,Vegetables,Potato,2026-01-01,1141.91,Metric Tonnes,531.55,Rs./Quintal,1,1,552.43,594.18,615.4300000000001
Punjab,Vegetables,Potato,2026-01-02,1444.74,Metric Tonnes,630.12,Rs./Quintal,1,2,531.55,591.1,606.4828571428571
Punjab,Vegetables,Potato,2026-01-03,937.52,Metric Tonnes,679.95,Rs./Quintal,1,3,630.12,658.01,612.0571428571428
Punjab,Vegetables,Potato,2026-01-04,54.52,Metric Tonnes,714.1,Rs./Quintal,1,4,679.95,762.35,615.1914285714286
Punjab,Vegetables,Potato,2026-01-05,2318.56,Metric Tonnes,617.09,Rs./Quintal,1,5,714.1,554.35,608.2985714285714
Punjab,Vegetables,Potato,2026-01-06,1694.83,Metric Tonnes,599.03,Rs./Quintal,1,6,617.09,595.59,617.2614285714286
Punjab,Vegetables,Potato,2026-01-07,2115.39,Metric Tonnes,525.87,Rs./Quintal,1,7,599.03,552.43,617.7528571428572
Punjab,Vegetables,Potato,2026-01-08,2149.64,Metric Tonnes,545.59,Rs./Quintal,1,8,525.87,531.55,613.9585714285714
Punjab,Vegetables,Potato,2026-01-09,1808.61,Metric Tonnes,567.14,Rs./Quintal,1,9,545.59,630.12,615.9642857142857
Punjab,Vegetables,Potato,2026-01-10,1154.25,Metric Tonnes,641.06,Rs./Quintal,1,10,567.14,679.95,606.9671428571429
Punjab,Vegetables,Potato,2026-01-11,45.64,Metric Tonnes,609.6,Rs./Quintal,1,11,641.06,714.1,601.4114285714286
Punjab,Vegetables,Potato,2026-01-12,1639.7,Metric Tonnes,573.52,Rs./Quintal,1,12,609.6,617.09,586.4828571428571
Punjab,Vegetables,Potato,2026-01-13,1854.62,Metric Tonnes,567.56,Rs./Quintal,1,13,573.52,599.03,580.2585714285714
Punjab,Vegetables,Potato,2026-01-14,1837.49,Metric Tonnes,623.32,Rs./Quintal,1,14,567.56,525.87,575.7628571428571
Punjab,Vegetables,Potato,2026-01-15,1594.51,Metric Tonnes,580.08,Rs./Quintal,1,15,623.32,545.59,589.6842857142857
Punjab,Vegetables,Potato,2026-01-16,1596.26,Metric Tonnes,539.46,Rs./Quintal,1,16,580.08,567.14,594.6114285714285
Punjab,Vegetables,Potato,2026-01-17,611.78,Metric Tonnes,410.33,Rs./Quintal,1,17,539.46,641.06,590.6571428571427
Punjab,Vegetables,Potato,2026-01-18,67.49,Metric Tonnes,581.51,Rs./Quintal,1,18,410.33,609.6,557.6957142857143
Punjab,Vegetables,Potato,2026-01-19,1456.18,Metric Tonnes,396.83,Rs./Quintal,1,19,581.51,573.52,553.6828571428571
Punjab,Vegetables,Potato,2026-01-20,2075.19,Metric Tonnes,510.42,Rs./Quintal,1,20,396.83,567.56,528.4414285714286
Punjab,Vegetables,Potato,2026-01-21,1824.46,Metric Tonnes,363.06,Rs./Quintal,1,21,510.42,623.32,520.2785714285714
Punjab,Vegetables,Potato,2026-01-22,1327.04,Metric Tonnes,370.53,Rs./Quintal,1,22,363.06,580.08,483.0985714285715
Punjab,Vegetables,Potato,2026-01-23,909.97,Metric Tonnes,396.47,Rs./Quintal,1,23,370.53,539.46,453.16285714285715
Punjab,Vegetables,Potato,2026-01-24,732.67,Metric Tonnes,450.7,Rs./Quintal,1,24,396.47,410.33,432.7357142857143
Punjab,Vegetables,Potato,2026-01-25,35.0,Metric Tonnes,547.43,Rs./Quintal,1,25,450.7,581.51,438.5028571428571
Punjab,Vegetables,Potato,2026-01-26,1017.56,Metric Tonnes,424.84,Rs./Quintal,1,26,547.43,396.83,433.63428571428574
Punjab,Vegetables,Potato,2026-01-27,1169.38,Metric Tonnes,424.11,Rs./Quintal,1,27,424.84,510.42,437.63571428571424
Punjab,Vegetables,Potato,2026-01-28,1188.54,Metric Tonnes,423.27,Rs./Quintal,1,28,424.11,363.06,425.30571428571426
Punjab,Vegetables,Potato,2026-01-29,1301.81,Metric Tonnes,425.98,Rs./Quintal,1,29,423.27,370.53,433.90714285714284
Punjab,Vegetables,Potato,2026-01-30,1105.47,Metric Tonnes,439.92,Rs./Quintal,1,30,425.98,396.47,441.8285714285715
Punjab,Vegetables,Potato,2026-01-31,587.08,Metric Tonnes,408.93,Rs./Quintal,1,31,439.92,450.7,448.0357142857143
Punjab,Vegetables,Potato,2026-02-01,35.61,Metric Tonnes,652.82,Rs./Quintal,2,32,408.93,547.43,442.06857142857143
Punjab,Vegetables,Potato,2026-02-02,1401.56,Metric Tonnes,390.51,Rs./Quintal,2,33,652.82,424.84,457.1242857142857
Punjab,Vegetables,Potato,2026-02-03,1385.92,Metric Tonnes,384.0,Rs./Quintal,2,34,390.51,424.11,452.21999999999997
Punjab,Vegetables,Potato,2026-02-04,1495.1,Metric Tonnes,441.86,Rs./Quintal,2,35,384.0,423.27,446.48999999999995
Punjab,Vegetables,Potato,2026-02-05,1375.78,Metric Tonnes,435.82,Rs./Quintal,2,36,441.86,425.98,449.1457142857143
Punjab,Vegetables,Potato,2026-02-06,1485.99,Metric Tonnes,480.43,Rs./Quintal,2,37,435.82,439.92,450.5514285714285
Punjab,Vegetables,Potato,2026-02-07,828.77,Metric Tonnes,529.32,Rs./Quintal,2,38,480.43,408.93,456.3385714285714
Punjab,Vegetables,Potato,2026-02-08,132.2,Metric Tonnes,513.57,Rs./Quintal,2,39,529.32,652.82,473.5371428571429
Punjab,Vegetables,Potato,2026-02-09,1558.17,Metric Tonnes,349.28,Rs./Quintal,2,40,513.57,390.51,453.64428571428573
Punjab,Vegetables,Potato,2026-02-10,1554.0,Metric Tonnes,416.63,Rs./Quintal,2,41,349.28,384.0,447.75428571428574
Punjab,Vegetables,Potato,2026-02-11,1483.69,Metric Tonnes,397.38,Rs./Quintal,2,42,416.63,441.86,452.4157142857143
Punjab,Vegetables,Potato,2026-02-12,1472.73,Metric Tonnes,414.76,Rs./Quintal,2,43,397.38,435.82,446.06142857142856
Punjab,Vegetables,Potato,2026-02-13,1385.06,Metric Tonnes,414.13,Rs./Quintal,2,44,414.76,480.43,443.0528571428572
Punjab,Vegetables,Potato,2026-02-14,659.27,Metric Tonnes,331.49,Rs./Quintal,2,45,414.13,529.32,433.58142857142855
Punjab,Vegetables,Potato,2026-02-15,57.67,Metric Tonnes,597.85,Rs./Quintal,2,46,331.49,513.57,405.32000000000005
Punjab,Vegetables,Potato,2026-02-16,1362.05,Metric Tonnes,479.36,Rs./Quintal,2,47,597.85,349.28,417.36
Punjab,Vegetables,Potato,2026-02-17,1347.84,Metric Tonnes,448.15,Rs./Quintal,2,48,479.36,416.63,435.9428571428571
Punjab,Vegetables,Potato,2026-02-18,1823.92,Metric Tonnes,492.4,Rs./Quintal,2,49,448.15,397.38,440.44571428571436
Punjab,Vegetables,Potato,2026-02-19,1608.24,Metric Tonnes,419.66,Rs./Quintal,2,50,492.4,414.76,454.02000000000004
Punjab,Vegetables,Potato,2026-02-20,1485.05,Metric Tonnes,443.28,Rs./Quintal,2,51,419.66,414.13,454.71999999999997
Punjab,Vegetables,Potato,2026-02-21,8392.46,Metric Tonnes,494.54,Rs./Quintal,2,52,443.28,331.49,458.8842857142857
Punjab,Vegetables,Potato,2026-02-22,57.8,Metric Tonnes,561.42,Rs./Quintal,2,53,494.54,597.85,482.1771428571428
Punjab,Vegetables,Potato,2026-02-23,1783.27,Metric Tonnes,425.6,Rs./Quintal,2,54,561.42,479.36,476.97285714285715
Punjab,Vegetables,Potato,2026-02-24,1701.96,Metric Tonnes,430.15,Rs./Quintal,2,55,425.6,448.15,469.29285714285714
Punjab,Vegetables,Potato,2026-02-25,2032.01,Metric Tonnes,441.95,Rs./Quintal,2,56,430.15,492.4,466.72142857142853
Punjab,Vegetables,Potato,2026-02-26,1468.79,Metric Tonnes,423.17,Rs./Quintal,2,57,441.95,419.66,459.5142857142857
Punjab,Vegetables,Potato,2026-02-27,1463.76,Metric Tonnes,419.52,Rs./Quintal,2,58,423.17,443.28,460.01571428571424
Punjab,Vegetables,Potato,2026-02-28,2299.02,Metric Tonnes,597.91,Rs./Quintal,2,59,419.52,494.54,456.6214285714286
Punjab,Vegetables,Potato,2026-03-01,50.66,Metric Tonnes,576.88,Rs./Quintal,3,60,597.91,561.42,471.3885714285715
Punjab,Vegetables,Potato,2026-03-02,1790.05,Metric Tonnes,411.48,Rs./Quintal,3,61,576.88,425.6,473.5971428571429
Punjab,Vegetables,Potato,2026-03-03,1560.19,Metric Tonnes,420.16,Rs./Quintal,3,62,411.48,430.15,471.5799999999999
Punjab,Vegetables,Potato,2026-03-04,1452.05,Metric Tonnes,410.9,Rs./Quintal,3,63,420.16,441.95,470.15285714285716
Punjab,Vegetables,Potato,2026-03-05,1530.73,Metric Tonnes,409.47,Rs./Quintal,3,64,410.9,423.17,465.71714285714285
Punjab,Vegetables,Potato,2026-03-06,1008.21,Metric Tonnes,450.29,Rs./Quintal,3,65,409.47,419.52,463.76000000000005
Punjab,Vegetables,Potato,2026-03-07,690.97,Metric Tonnes,430.51,Rs./Quintal,3,66,450.29,597.91,468.1557142857143
Punjab,Vegetables,Potato,2026-03-08,73.15,Metric Tonnes,485.84,Rs./Quintal,3,67,430.51,576.88,444.24142857142857
Punjab,Vegetables,Potato,2026-03-09,1607.31,Metric Tonnes,396.55,Rs./Quintal,3,68,485.84,411.48,431.2357142857143
Punjab,Vegetables,Potato,2026-03-10,1666.73,Metric Tonnes,391.79,Rs./Quintal,3,69,396.55,420.16,429.1028571428572
Punjab,Vegetables,Potato,2026-03-11,1898.19,Metric Tonnes,388.12,Rs./Quintal,3,70,391.79,410.9,425.05
Punjab,Vegetables,Potato,2026-03-12,1302.02,Metric Tonnes,421.18,Rs./Quintal,3,71,388.12,409.47,421.79571428571427
Punjab,Vegetables,Potato,2026-03-13,1504.27,Metric Tonnes,371.04,Rs./Quintal,3,72,421.18,450.29,423.46857142857147
Punjab,Vegetables,Potato,2026-03-14,1151.82,Metric Tonnes,428.17,Rs./Quintal,3,73,371.04,430.51,412.1471428571429
Punjab,Vegetables,Potato,2026-03-15,59.88,Metric Tonnes,473.87,Rs./Quintal,3,74,428.17,485.84,411.8128571428571
Punjab,Vegetables,Potato,2026-03-16,1698.55,Metric Tonnes,416.39,Rs./Quintal,3,75,473.87,396.55,410.1028571428572
Punjab,Vegetables,Potato,2026-03-17,2153.55,Metric Tonnes,388.92,Rs./Quintal,3,76,416.39,391.79,412.9371428571429
Punjab,Vegetables,Potato,2026-03-18,1573.29,Metric Tonnes,430.94,Rs./Quintal,3,77,388.92,388.12,412.52714285714285
Punjab,Vegetables,Potato,2026-03-19,2007.23,Metric Tonnes,375.53,Rs./Quintal,3,78,430.94,421.18,418.64428571428573
Punjab,Vegetables,Potato,2026-03-20,2223.93,Metric Tonnes,429.71,Rs./Quintal,3,79,375.53,371.04,412.1228571428571
Punjab,Vegetables,Potato,2026-03-21,548.05,Metric Tonnes,350.04,Rs./Quintal,3,80,429.71,428.17,420.5042857142857
Punjab,Vegetables,Potato,2026-03-22,42.6,Metric Tonnes,480.23,Rs./Quintal,3,81,350.04,473.87,409.3428571428571
Punjab,Vegetables,Potato,2026-03-23,1477.11,Metric Tonnes,397.13,Rs./Quintal,3,82,480.23,416.39,410.2514285714286
Punjab,Vegetables,Potato,2026-03-24,2050.08,Metric Tonnes,376.2,Rs./Quintal,3,83,397.13,388.92,407.5
Punjab,Vegetables,Potato,2026-03-25,2049.67,Metric Tonnes,329.57,Rs./Quintal,3,84,376.2,430.94,405.6828571428572
Punjab,Vegetables,Potato,2026-03-26,1915.14,Metric Tonnes,345.62,Rs./Quintal,3,85,329.57,375.53,391.20142857142855
Punjab,Vegetables,Potato,2026-03-27,2011.99,Metric Tonnes,342.07,Rs./Quintal,3,86,345.62,429.71,386.92857142857144
Punjab,Vegetables,Potato,2026-03-28,423.13,Metric Tonnes,552.89,Rs./Quintal,3,87,342.07,350.04,374.40857142857146
Punjab,Vegetables,Potato,2026-03-29,55.45,Metric Tonnes,523.34,Rs./Quintal,3,88,552.89,480.23,403.38714285714286
Punjab,Vegetables,Potato,2026-03-30,2169.4,Metric Tonnes,307.13,Rs./Quintal,3,89,523.34,397.13,409.5457142857143
Punjab,Vegetables,Potato,2026-03-31,2012.21,Metric Tonnes,323.9,Rs./Quintal,3,90,307.13,376.2,396.68857142857144
Punjab,Vegetables,Potato,2026-04-01,1891.46,Metric Tonnes,320.5,Rs./Quintal,4,91,323.9,329.57,389.21714285714285
Punjab,Vegetables,Potato,2026-04-02,1504.02,Metric Tonnes,251.96,Rs./Quintal,4,92,320.5,345.62,387.92142857142863
Punjab,Vegetables,Potato,2026-04-03,1505.2,Metric Tonnes,336.42,Rs./Quintal,4,93,251.96,342.07,374.5414285714286
Punjab,Vegetables,Potato,2026-04-04,1688.1,Metric Tonnes,320.6,Rs./Quintal,4,94,336.42,552.89,373.73428571428576
Punjab,Vegetables,Potato,2026-04-05,52.06,Metric Tonnes,556.77,Rs./Quintal,4,95,320.6,523.34,340.55
Punjab,Vegetables,Potato,2026-04-06,1815.97,Metric Tonnes,326.96,Rs./Quintal,4,96,556.77,307.13,345.3257142857143
Punjab,Vegetables,Potato,2026-04-07,1700.18,Metric Tonnes,313.37,Rs./Quintal,4,97,326.96,323.9,348.15857142857146
Punjab,Vegetables,Potato,2026-04-08,1363.05,Metric Tonnes,327.19,Rs./Quintal,4,98,313.37,320.5,346.6542857142857
Punjab,Vegetables,Potato,2026-04-09,1394.64,Metric Tonnes,371.18,Rs./Quintal,4,99,327.19,251.96,347.61
Punjab,Vegetables,Potato,2026-04-10,1655.54,Metric Tonnes,335.74,Rs./Quintal,4,100,371.18,336.42,364.64142857142855
Punjab,Vegetables,Potato,2026-04-11,1106.13,Metric Tonnes,309.34,Rs./Quintal,4,101,335.74,320.6,364.5442857142857
Punjab,Vegetables,Potato,2026-04-12,46.34,Metric Tonnes,569.51,Rs./Quintal,4,102,309.34,556.77,362.93571428571425
Punjab,Vegetables,Potato,2026-04-13,1564.27,Metric Tonnes,336.29,Rs./Quintal,4,103,569.51,326.96,364.7557142857143
Punjab,Vegetables,Potato,2026-04-14,1045.38,Metric Tonnes,388.41,Rs./Quintal,4,104,336.29,313.37,366.0885714285714
Punjab,Vegetables,Potato,2026-04-15,1556.9,Metric Tonnes,348.43,Rs./Quintal,4,105,388.41,327.19,376.8085714285714
Punjab,Vegetables,Potato,2026-04-16,1434.03,Metric Tonnes,348.42,Rs./Quintal,4,106,348.43,371.18,379.84285714285716
Punjab,Vegetables,Potato,2026-04-17,1230.54,Metric Tonnes,394.34,Rs./Quintal,4,107,348.42,335.74,376.5914285714286
Punjab,Vegetables,Potato,2026-04-18,758.83,Metric Tonnes,347.47,Rs./Quintal,4,108,394.34,309.34,384.9628571428571
Punjab,Vegetables,Potato,2026-04-19,52.52,Metric Tonnes,565.92,Rs./Quintal,4,109,347.47,569.51,390.41
Punjab,Vegetables,Potato,2026-04-20,1256.93,Metric Tonnes,384.24,Rs./Quintal,4,110,565.92,336.29,389.8971428571428
Punjab,Vegetables,Potato,2026-04-21,1083.54,Metric Tonnes,403.45,Rs./Quintal,4,111,384.24,388.41,396.7471428571429
Punjab,Vegetables,Potato,2026-04-22,1076.9,Metric Tonnes,437.64,Rs./Quintal,4,112,403.45,348.43,398.8957142857143
Punjab,Vegetables,Potato,2026-04-23,924.82,Metric Tonnes,444.8,Rs./Quintal,4,113,437.64,348.42,411.64
Punjab,Vegetables,Potato,2026-04-24,1147.76,Metric Tonnes,421.97,Rs./Quintal,4,114,444.8,394.34,425.40857142857146
Punjab,Vegetables,Potato,2026-04-25,1003.36,Metric Tonnes,419.42,Rs./Quintal,4,115,421.97,347.47,429.3557142857143
Punjab,Vegetables,Potato,2026-04-26,54.43,Metric Tonnes,512.22,Rs./Quintal,4,116,419.42,565.92,439.63428571428574
Punjab,Vegetables,Potato,2026-04-27,1142.22,Metric Tonnes,432.6,Rs./Quintal,4,117,512.22,384.24,431.96285714285716
Punjab,Vegetables,Potato,2026-04-28,1472.86,Metric Tonnes,398.57,Rs./Quintal,4,118,432.6,403.45,438.87142857142857
Punjab,Vegetables,Potato,2026-04-29,1401.61,Metric Tonnes,408.42,Rs./Quintal,4,119,398.57,437.64,438.17428571428576
Punjab,Vegetables,Potato,2026-04-30,2350.71,Metric Tonnes,512.98,Rs./Quintal,4,120,408.42,444.8,434.0
Punjab,Vegetables,Potato,2026-05-01,818.11,Metric Tonnes,455.54,Rs./Quintal,5,121,512.98,421.97,443.74000000000007
Punjab,Vegetables,Potato,2026-05-02,1104.31,Metric Tonnes,343.18,Rs./Quintal,5,122,455.54,419.42,448.5357142857143
Punjab,Vegetables,Potato,2026-05-03,57.37,Metric Tonnes,477.98,Rs./Quintal,5,123,343.18,512.22,437.6442857142857
Punjab,Vegetables,Potato,2026-05-04,1118.99,Metric Tonnes,446.48,Rs./Quintal,5,124,477.98,432.6,432.7528571428571
Punjab,Vegetables,Potato,2026-05-05,1405.84,Metric Tonnes,383.12,Rs./Quintal,5,125,446.48,398.57,434.7357142857143
Punjab,Vegetables,Potato,2026-05-06,1227.33,Metric Tonnes,410.77,Rs./Quintal,5,126,383.12,408.42,432.5285714285714
Punjab,Vegetables,Potato,2026-05-07,1259.79,Metric Tonnes,427.38,Rs./Quintal,5,127,410.77,512.98,432.86428571428576
Punjab,Vegetables,Potato,2026-05-08,1155.43,Metric Tonnes,442.01,Rs./Quintal,5,128,427.38,455.54,420.63571428571424
Punjab,Vegetables,Potato,2026-05-09,962.06,Metric Tonnes,581.43,Rs./Quintal,5,129,442.01,343.18,418.70285714285717
Punjab,Vegetables,Potato,2026-05-10,58.77,Metric Tonnes,567.63,Rs./Quintal,5,130,581.43,477.98,452.73857142857145
Punjab,Vegetables,Potato,2026-05-11,1268.48,Metric Tonnes,409.13,Rs./Quintal,5,131,567.63,446.48,465.5457142857143
Punjab,Vegetables,Potato,2026-05-12,1787.33,Metric Tonnes,471.77,Rs./Quintal,5,132,409.13,383.12,460.21000000000004
Punjab,Vegetables,Potato,2026-05-13,1517.97,Metric Tonnes,389.69,Rs./Quintal,5,133,471.77,410.77,472.8742857142857
Punjab,Vegetables,Potato,2026-05-14,1428.89,Metric Tonnes,526.97,Rs./Quintal,5,134,389.69,427.38,469.8628571428571
Punjab,Vegetables,Potato,2026-05-15,622.19,Metric Tonnes,483.4,Rs./Quintal,5,135,526.97,442.01,484.09000000000003
Punjab,Vegetables,Potato,2026-05-16,1039.97,Metric Tonnes,552.7,Rs./Quintal,5,136,483.4,581.43,490.0028571428571
Punjab,Vegetables,Potato,2026-05-17,20.6,Metric Tonnes,677.43,Rs./Quintal,5,137,552.7,567.63,485.8985714285714
Punjab,Vegetables,Potato,2026-05-18,1120.81,Metric Tonnes,387.55,Rs./Quintal,5,138,677.43,409.13,501.5842857142857
Punjab,Vegetables,Potato,2026-05-19,1432.51,Metric Tonnes,483.42,Rs./Quintal,5,139,387.55,471.77,498.50142857142856
Punjab,Vegetables,Potato,2026-05-20,1870.23,Metric Tonnes,667.9,Rs./Quintal,5,140,483.42,389.69,500.1657142857143
Punjab,Vegetables,Potato,2026-05-21,1044.55,Metric Tonnes,594.6,Rs./Quintal,5,141,667.9,526.97,539.9100000000001
Punjab,Vegetables,Potato,2026-05-22,921.72,Metric Tonnes,445.67,Rs./Quintal,5,142,594.6,483.4,549.5714285714286
Punjab,Vegetables,Potato,2026-05-23,720.54,Metric Tonnes,588.28,Rs./Quintal,5,143,445.67,552.7,544.1814285714286
Punjab,Vegetables,Potato,2026-05-24,44.95,Metric Tonnes,561.13,Rs./Quintal,5,144,588.28,677.43,549.2642857142857
Punjab,Vegetables,Potato,2026-05-25,1034.72,Metric Tonnes,541.8,Rs./Quintal,5,145,561.13,387.55,532.65
Punjab,Vegetables,Potato,2026-05-26,1749.05,Metric Tonnes,488.19,Rs./Quintal,5,146,541.8,483.42,554.6857142857143
Punjab,Vegetables,Potato,2026-05-27,1315.41,Metric Tonnes,553.36,Rs./Quintal,5,147,488.19,667.9,555.3671428571429
Punjab,Vegetables,Potato,2026-05-28,1137.0,Metric Tonnes,521.16,Rs./Quintal,5,148,553.36,594.6,539.0042857142856
Punjab,Vegetables,Potato,2026-05-29,731.84,Metric Tonnes,408.55,Rs./Quintal,5,149,521.16,445.67,528.5128571428571
Punjab,Vegetables,Potato,2026-05-30,1112.78,Metric Tonnes,502.53,Rs./Quintal,5,150,408.55,588.28,523.2099999999999
Punjab,Vegetables,Potato,2026-05-31,29.41,Metric Tonnes,617.81,Rs./Quintal,5,151,502.53,561.13,510.96
Punjab,Vegetables,Potato,2026-06-01,1312.68,Metric Tonnes,531.35,Rs./Quintal,6,152,617.81,541.8,519.0571428571428
Punjab,Vegetables,Potato,2026-06-02,1243.28,Metric Tonnes,561.29,Rs./Quintal,6,153,531.35,488.19,517.5642857142857
Punjab,Vegetables,Potato,2026-06-03,1239.84,Metric Tonnes,544.96,Rs./Quintal,6,154,561.29,553.36,528.0071428571429
Punjab,Vegetables,Potato,2026-06-04,933.17,Metric Tonnes,518.29,Rs./Quintal,6,155,544.96,521.16,526.8071428571428
Punjab,Vegetables,Potato,2026-06-05,1146.61,Metric Tonnes,565.21,Rs./Quintal,6,156,518.29,408.55,526.3971428571429
Punjab,Vegetables,Potato,2026-06-06,762.97,Metric Tonnes,504.46,Rs./Quintal,6,157,565.21,502.53,548.7771428571428
Punjab,Vegetables,Potato,2026-06-07,45.0,Metric Tonnes,728.67,Rs./Quintal,6,158,504.46,617.81,549.0528571428571
Punjab,Vegetables,Potato,2026-06-08,1418.47,Metric Tonnes,571.04,Rs./Quintal,6,159,728.67,531.35,564.89
Punjab,Vegetables,Potato,2026-06-09,1275.44,Metric Tonnes,553.48,Rs./Quintal,6,160,571.04,561.29,570.5600000000001
Punjab,Vegetables,Potato,2026-06-10,1198.49,Metric Tonnes,598.66,Rs./Quintal,6,161,553.48,544.96,569.4442857142857
Punjab,Vegetables,Potato,2026-06-11,1081.43,Metric Tonnes,590.07,Rs./Quintal,6,162,598.66,518.29,577.1157142857143
Punjab,Vegetables,Potato,2026-06-12,1121.1,Metric Tonnes,555.78,Rs./Quintal,6,163,590.07,565.21,587.37
Punjab,Vegetables,Potato,2026-06-13,796.19,Metric Tonnes,599.71,Rs./Quintal,6,164,555.78,504.46,586.0228571428571
Punjab,Vegetables,Potato,2026-06-14,34.57,Metric Tonnes,654.44,Rs./Quintal,6,165,599.71,728.67,599.63
Punjab,Vegetables,Potato,2026-06-15,1359.79,Metric Tonnes,602.46,Rs./Quintal,6,166,654.44,571.04,589.0257142857143
Punjab,Vegetables,Potato,2026-06-16,1252.27,Metric Tonnes,640.86,Rs./Quintal,6,167,602.46,553.48,593.5142857142857
Punjab,Vegetables,Potato,2026-06-17,1284.76,Metric Tonnes,599.73,Rs./Quintal,6,168,640.86,598.66,605.9971428571429
Punjab,Vegetables,Potato,2026-06-18,1116.13,Metric Tonnes,627.04,Rs./Quintal,6,169,599.73,590.07,606.15
Punjab,Vegetables,Potato,2026-06-19,1173.09,Metric Tonnes,618.25,Rs./Quintal,6,170,627.04,555.78,611.4314285714287
Punjab,Vegetables,Potato,2026-06-20,426.34,Metric Tonnes,504.87,Rs./Quintal,6,171,618.25,599.71,620.3557142857144
Punjab,Vegetables,Potato,2026-06-21,44.6,Metric Tonnes,622.85,Rs./Quintal,6,172,504.87,654.44,606.8071428571429
Punjab,Vegetables,Potato,2026-06-22,1279.12,Metric Tonnes,627.72,Rs./Quintal,6,173,622.85,602.46,602.2942857142856
Punjab,Vegetables,Potato,2026-06-23,939.31,Metric Tonnes,549.98,Rs./Quintal,6,174,627.72,640.86,605.9028571428571
Punjab,Vegetables,Potato,2026-06-24,1181.89,Metric Tonnes,653.72,Rs./Quintal,6,175,549.98,599.73,592.9200000000001
Punjab,Vegetables,Potato,2026-06-25,1065.81,Metric Tonnes,607.71,Rs./Quintal,6,176,653.72,627.04,600.6328571428572
Punjab,Vegetables,Potato,2026-06-26,610.69,Metric Tonnes,492.48,Rs./Quintal,6,177,607.71,618.25,597.8714285714286
Punjab,Vegetables,Potato,2026-06-27,332.44,Metric Tonnes,571.7,Rs./Quintal,6,178,492.48,504.87,579.9042857142857
Punjab,Vegetables,Potato,2026-06-28,38.64,Metric Tonnes,589.66,Rs./Quintal,6,179,571.7,622.85,589.4514285714286
Punjab,Vegetables,Potato,2026-06-29,934.16,Metric Tonnes,572.93,Rs./Quintal,6,180,589.66,627.72,584.71
Punjab,Vegetables,Potato,2026-06-30,670.44,Metric Tonnes,552.52,Rs./Quintal,6,181,572.93,549.98,576.8828571428572
Punjab,Vegetables,Potato,2026-07-01,1324.08,Metric Tonnes,643.66,Rs./Quintal,7,182,552.52,653.72,577.2457142857144
Punjab,Vegetables,Potato,2026-07-02,1258.91,Metric Tonnes,653.29,Rs./Quintal,7,183,643.66,607.71,575.8085714285714
Punjab,Vegetables,Potato,2026-07-03,1223.34,Metric Tonnes,658.59,Rs./Quintal,7,184,653.29,492.48,582.3199999999999
Punjab,Vegetables,Potato,2026-07-04,531.65,Metric Tonnes,636.53,Rs./Quintal,7,185,658.59,571.7,606.05
Punjab,Vegetables,Potato,2026-07-05,44.84,Metric Tonnes,682.59,Rs./Quintal,7,186,636.53,589.66,615.3114285714286
Punjab,Vegetables,Potato,2026-07-06,1362.53,Metric Tonnes,641.75,Rs./Quintal,7,187,682.59,572.93,628.5871428571429
Punjab,Vegetables,Potato,2026-07-07,1273.07,Metric Tonnes,640.12,Rs./Quintal,7,188,641.75,552.52,638.4185714285715
Punjab,Vegetables,Potato,2026-07-08,1300.9,Metric Tonnes,660.48,Rs./Quintal,7,189,640.12,643.66,650.9328571428571
Punjab,Vegetables,Potato,2026-07-09,1213.67,Metric Tonnes,646.73,Rs./Quintal,7,190,660.48,653.29,653.3357142857143
Punjab,Vegetables,Potato,2026-07-10,1014.23,Metric Tonnes,603.57,Rs./Quintal,7,191,646.73,658.59,652.3985714285715
Punjab,Vegetables,Potato,2026-07-11,910.04,Metric Tonnes,722.91,Rs./Quintal,7,192,603.57,636.53,644.5385714285715
Punjab,Vegetables,Potato,2026-07-12,35.39,Metric Tonnes,757.24,Rs./Quintal,7,193,722.91,682.59,656.8785714285715
Punjab,Vegetables,Potato,2026-07-13,1416.09,Metric Tonnes,635.97,Rs./Quintal,7,194,757.24,641.75,667.5428571428572
Punjab,Vegetables,Potato,2026-07-14,1336.06,Metric Tonnes,652.67,Rs./Quintal,7,195,635.97,640.12,666.7171428571429
Punjab,Vegetables,Potato,2026-07-15,1175.14,Metric Tonnes,648.58,Rs./Quintal,7,196,652.67,660.48,668.51
Punjab,Vegetables,Potato,2026-07-16,1270.33,Metric Tonnes,651.52,Rs./Quintal,7,197,648.58,646.73,666.8100000000001
Punjab,Vegetables,Potato,2026-07-17,778.83,Metric Tonnes,616.03,Rs./Quintal,7,198,651.52,603.57,667.4942857142858
Punjab,Vegetables,Potato,2026-07-18,974.9,Metric Tonnes,713.58,Rs./Quintal,7,199,616.03,722.91,669.2742857142857
Punjab,Vegetables,Potato,2026-07-19,41.01,Metric Tonnes,705.32,Rs./Quintal,7,200,713.58,757.24,667.9414285714286
Punjab,Vegetables,Potato,2026-07-20,1034.68,Metric Tonnes,565.09,Rs./Quintal,7,201,705.32,635.97,660.5242857142857
Punjab,Vegetables,Potato,2026-07-21,1226.74,Metric Tonnes,649.27,Rs./Quintal,7,202,565.09,652.67,650.3985714285715
Punjab,Vegetables,Potato,2026-07-22,1157.86,Metric Tonnes,672.86,Rs./Quintal,7,203,649.27,648.58,649.9128571428572
Punjab,Vegetables,Potato,2026-07-23,1179.87,Metric Tonnes,666.53,Rs./Quintal,7,204,672.86,651.52,653.3814285714286
Punjab,Vegetables,Potato,2026-07-24,1189.72,Metric Tonnes,717.6,Rs./Quintal,7,205,666.53,616.03,655.5257142857143
Punjab,Vegetables,Potato,2026-07-25,692.59,Metric Tonnes,756.41,Rs./Quintal,7,206,717.6,713.58,670.0357142857143
Punjab,Vegetables,Potato,2026-07-26,51.9,Metric Tonnes,672.14,Rs./Quintal,7,207,756.41,705.32,676.1542857142857
Punjab,Vegetables,Potato,2026-07-27,1521.27,Metric Tonnes,645.71,Rs./Quintal,7,208,672.14,565.09,671.4142857142857
Punjab,Vegetables,Potato,2026-07-28,1372.47,Metric Tonnes,677.33,Rs./Quintal,7,209,645.71,649.27,682.9314285714285
Punjab,Vegetables,Potato,2026-07-29,1414.22,Metric Tonnes,691.12,Rs./Quintal,7,210,677.33,672.86,686.9399999999999
Punjab,Vegetables,Potato,2026-07-30,1184.36,Metric Tonnes,647.39,Rs./Quintal,7,211,691.12,666.53,689.5485714285714
Punjab,Vegetables,Potato,2026-07-31,1020.61,Metric Tonnes,654.98,Rs./Quintal,7,212,647.39,717.6,686.8142857142857
Punjab,Vegetables,Potato,2026-08-01,1171.54,Metric Tonnes,674.41,Rs./Quintal,8,213,654.98,756.41,677.8685714285714
Punjab,Vegetables,Potato,2026-08-02,62.48,Metric Tonnes,795.28,Rs./Quintal,8,214,674.41,672.14,666.1542857142857
Punjab,Vegetables,Potato,2026-08-03,1462.36,Metric Tonnes,661.3,Rs./Quintal,8,215,795.28,645.71,683.7457142857141
Punjab,Vegetables,Potato,2026-08-04,1328.09,Metric Tonnes,629.17,Rs./Quintal,8,216,661.3,677.33,685.972857142857
Punjab,Vegetables,Potato,2026-08-05,1139.67,Metric Tonnes,611.44,Rs./Quintal,8,217,629.17,691.12,679.092857142857
Punjab,Vegetables,Potato,2026-08-06,1431.57,Metric Tonnes,663.72,Rs./Quintal,8,218,611.44,647.39,667.71
Punjab,Vegetables,Potato,2026-08-07,1321.85,Metric Tonnes,678.21,Rs./Quintal,8,219,663.72,654.98,670.0428571428572
Punjab,Vegetables,Potato,2026-08-08,1071.67,Metric Tonnes,648.75,Rs./Quintal,8,220,678.21,674.41,673.3614285714285
Punjab,Vegetables,Potato,2026-08-09,86.57,Metric Tonnes,781.17,Rs./Quintal,8,221,648.75,795.28,669.6957142857143
Punjab,Vegetables,Potato,2026-08-10,1674.61,Metric Tonnes,614.61,Rs./Quintal,8,222,781.17,661.3,667.6800000000001
Punjab,Vegetables,Potato,2026-08-11,1638.0,Metric Tonnes,650.94,Rs./Quintal,8,223,614.61,629.17,661.01
Punjab,Vegetables,Potato,2026-08-12,1521.26,Metric Tonnes,652.05,Rs./Quintal,8,224,650.94,611.44,664.12
Punjab,Vegetables,Potato,2026-08-13,963.22,Metric Tonnes,639.13,Rs./Quintal,8,225,652.05,663.72,669.9214285714286
Punjab,Vegetables,Potato,2026-08-14,1293.9,Metric Tonnes,662.08,Rs./Quintal,8,226,639.13,678.21,666.4085714285713
Punjab,Vegetables,Potato,2026-08-15,1181.45,Metric Tonnes,707.16,Rs./Quintal,8,227,662.08,648.75,664.1042857142857
Punjab,Vegetables,Potato,2026-08-16,76.25,Metric Tonnes,790.09,Rs./Quintal,8,228,707.16,781.17,672.4485714285713
Punjab,Vegetables,Potato,2026-08-17,1527.07,Metric Tonnes,626.17,Rs./Quintal,8,229,790.09,614.61,673.722857142857
Punjab,Vegetables,Potato,2026-08-18,1555.24,Metric Tonnes,632.53,Rs./Quintal,8,230,626.17,650.94,675.3742857142857
Punjab,Vegetables,Potato,2026-08-19,1515.22,Metric Tonnes,622.69,Rs./Quintal,8,231,632.53,652.05,672.7442857142858
Punjab,Vegetables,Potato,2026-08-20,1532.14,Metric Tonnes,639.77,Rs./Quintal,8,232,622.69,639.13,668.5500000000001
Punjab,Vegetables,Potato,2026-08-21,1157.27,Metric Tonnes,666.53,Rs./Quintal,8,233,639.77,662.08,668.6414285714285
Punjab,Vegetables,Potato,2026-08-22,969.84,Metric Tonnes,675.05,Rs./Quintal,8,234,666.53,707.16,669.2771428571428
Punjab,Vegetables,Potato,2026-08-23,164.0,Metric Tonnes,590.05,Rs./Quintal,8,235,675.05,790.09,664.6899999999999
Punjab,Vegetables,Potato,2026-08-24,1433.34,Metric Tonnes,689.2,Rs./Quintal,8,236,590.05,626.17,636.1128571428571
Punjab,Vegetables,Potato,2026-08-25,1600.13,Metric Tonnes,628.06,Rs./Quintal,8,237,689.2,632.53,645.1171428571428
Punjab,Vegetables,Potato,2026-08-26,1665.86,Metric Tonnes,618.28,Rs./Quintal,8,238,628.06,622.69,644.4785714285715
Punjab,Vegetables,Potato,2026-08-27,958.92,Metric Tonnes,702.51,Rs./Quintal,8,239,618.28,639.77,643.8485714285714
Punjab,Vegetables,Potato,2026-08-28,1184.32,Metric Tonnes,677.28,Rs./Quintal,8,240,702.51,666.53,652.8114285714286
Punjab,Vegetables,Potato,2026-08-29,1041.98,Metric Tonnes,712.92,Rs./Quintal,8,241,677.28,675.05,654.3471428571429
Punjab,Vegetables,Potato,2026-08-30,80.4,Metric Tonnes,705.16,Rs./Quintal,8,242,712.92,590.05,659.7571428571429
Punjab,Vegetables,Potato,2026-08-31,1486.79,Metric Tonnes,645.0,Rs./Quintal,8,243,705.16,689.2,676.2014285714286
Punjab,Vegetables,Potato,2026-09-01,1434.26,Metric Tonnes,625.95,Rs./Quintal,9,244,645.0,628.06,669.8871428571429
Punjab,Vegetables,Potato,2026-09-02,1465.3,Metric Tonnes,627.38,Rs./Quintal,9,245,625.95,618.28,669.5857142857143
Punjab,Vegetables,Potato,2026-09-03,1321.01,Metric Tonnes,657.4,Rs./Quintal,9,246,627.38,702.51,670.8857142857142
Punjab,Vegetables,Potato,2026-09-04,1048.77,Metric Tonnes,663.81,Rs./Quintal,9,247,657.4,677.28,664.4414285714286
Punjab,Vegetables,Potato,2026-09-05,1041.81,Metric Tonnes,682.03,Rs./Quintal,9,248,663.81,712.92,662.5171428571429
Punjab,Vegetables,Potato,2026-09-06,78.87,Metric Tonnes,821.0,Rs./Quintal,9,249,682.03,705.16,658.1042857142857
Punjab,Vegetables,Potato,2026-09-07,2220.69,Metric Tonnes,610.72,Rs./Quintal,9,250,821.0,645.0,674.6528571428571
Punjab,Vegetables,Potato,2026-09-08,1323.58,Metric Tonnes,639.5,Rs./Quintal,9,251,610.72,625.95,669.7557142857142
Punjab,Vegetables,Potato,2026-09-09,1486.17,Metric Tonnes,590.52,Rs./Quintal,9,252,639.5,627.38,671.6914285714286
Punjab,Vegetables,Potato,2026-09-10,1303.51,Metric Tonnes,552.48,Rs./Quintal,9,253,590.52,657.4,666.4257142857142
Punjab,Vegetables,Tomato,2024-01-08,231.58,Metric Tonnes,1516.14,Rs./Quintal,1,8,1823.18,1378.13,1601.8500000000001
Punjab,Vegetables,Tomato,2024-01-09,231.72,Metric Tonnes,1441.26,Rs./Quintal,1,9,1516.14,1561.54,1621.5657142857142
Punjab,Vegetables,Tomato,2024-01-10,255.3,Metric Tonnes,1514.42,Rs./Quintal,1,10,1441.26,1574.19,1604.3828571428571
Punjab,Vegetables,Tomato,2024-01-11,231.83,Metric Tonnes,1537.31,Rs./Quintal,1,11,1514.42,1666.07,1595.8442857142857
Punjab,Vegetables,Tomato,2024-01-12,312.2,Metric Tonnes,1460.27,Rs./Quintal,1,12,1537.31,1648.45,1577.45
Punjab,Vegetables,Tomato,2024-01-13,178.23,Metric Tonnes,1744.55,Rs./Quintal,1,13,1460.27,1561.39,1550.5671428571427
Punjab,Vegetables,Tomato,2024-01-14,14.85,Metric Tonnes,1875.76,Rs./Quintal,1,14,1744.55,1823.18,1576.7328571428573
Punjab,Vegetables,Tomato,2024-01-15,223.13,Metric Tonnes,1510.62,Rs./Quintal,1,15,1875.76,1516.14,1584.2442857142855
Punjab,Vegetables,Tomato,2024-01-16,180.63,Metric Tonnes,1516.31,Rs./Quintal,1,16,1510.62,1441.26,1583.4557142857143
Punjab,Vegetables,Tomato,2024-01-17,184.87,Metric Tonnes,1541.8,Rs./Quintal,1,17,1516.31,1514.42,1594.1771428571428
Punjab,Vegetables,Tomato,2024-01-18,252.53,Metric Tonnes,1631.44,Rs./Quintal,1,18,1541.8,1537.31,1598.0885714285712
Punjab,Vegetables,Tomato,2024-01-19,221.08,Metric Tonnes,1598.56,Rs./Quintal,1,19,1631.44,1460.27,1611.5357142857142
Punjab,Vegetables,Tomato,2024-01-20,256.25,Metric Tonnes,1652.75,Rs./Quintal,1,20,1598.56,1744.55,1631.2914285714287
Punjab,Vegetables,Tomato,2024-01-21,15.95,Metric Tonnes,2046.39,Rs./Quintal,1,21,1652.75,1875.76,1618.177142857143
Punjab,Vegetables,Tomato,2024-01-22,258.48,Metric Tonnes,1715.11,Rs./Quintal,1,22,2046.39,1510.62,1642.5528571428572
Punjab,Vegetables,Tomato,2024-01-23,298.84,Metric Tonnes,1797.38,Rs./Quintal,1,23,1715.11,1516.31,1671.7657142857145
Punjab,Vegetables,Tomato,2024-01-24,286.47,Metric Tonnes,1804.05,Rs./Quintal,1,24,1797.38,1541.8,1711.9185714285716
Punjab,Vegetables,Tomato,2024-01-25,261.79,Metric Tonnes,1838.31,Rs./Quintal,1,25,1804.05,1631.44,1749.3828571428571
Punjab,Vegetables,Tomato,2024-01-26,271.34,Metric Tonnes,1948.79,Rs./Quintal,1,26,1838.31,1598.56,1778.9357142857145
Punjab,Vegetables,Tomato,2024-01-27,208.99,Metric Tonnes,2262.63,Rs./Quintal,1,27,1948.79,1652.75,1828.9685714285715
Punjab,Vegetables,Tomato,2024-01-28,12.6,Metric Tonnes,2251.59,Rs./Quintal,1,28,2262.63,2046.39,1916.0942857142857
Punjab,Vegetables,Tomato,2024-01-29,295.98,Metric Tonnes,2216.42,Rs./Quintal,1,29,2251.59,1715.11,1945.4085714285716
Punjab,Vegetables,Tomato,2024-01-30,267.31,Metric Tonnes,2337.55,Rs./Quintal,1,30,2216.42,1797.38,2017.0242857142855
Punjab,Vegetables,Tomato,2024-01-31,255.39,Metric Tonnes,2525.18,Rs./Quintal,1,31,2337.55,1804.05,2094.191428571429
Punjab,Vegetables,Tomato,2024-02-01,288.93,Metric Tonnes,2553.6,Rs./Quintal,2,32,2525.18,1838.31,2197.21
Punjab,Vegetables,Tomato,2024-02-02,293.36,Metric Tonnes,2548.71,Rs./Quintal,2,33,2553.6,1948.79,2299.3942857142856
Punjab,Vegetables,Tomato,2024-02-03,264.62,Metric Tonnes,2511.74,Rs./Quintal,2,34,2548.71,2262.63,2385.097142857143
Punjab,Vegetables,Tomato,2024-02-04,14.1,Metric Tonnes,2803.55,Rs./Quintal,2,35,2511.74,2251.59,2420.684285714286
Punjab,Vegetables,Tomato,2024-02-05,349.98,Metric Tonnes,2180.98,Rs./Quintal,2,36,2803.55,2216.42,2499.535714285714
Punjab,Vegetables,Tomato,2024-02-06,325.05,Metric Tonnes,2338.37,Rs./Quintal,2,37,2180.98,2337.55,2494.4728571428573
Punjab,Vegetables,Tomato,2024-02-07,244.43,Metric Tonnes,2300.07,Rs./Quintal,2,38,2338.37,2525.18,2494.59
Punjab,Vegetables,Tomato,2024-02-08,257.42,Metric Tonnes,2092.42,Rs./Quintal,2,39,2300.07,2553.6,2462.4314285714286
Punjab,Vegetables,Tomato,2024-02-09,300.31,Metric Tonnes,1967.85,Rs./Quintal,2,40,2092.42,2548.71,2396.5485714285714
Punjab,Vegetables,Tomato,2024-02-10,333.91,Metric Tonnes,1880.87,Rs./Quintal,2,41,1967.85,2511.74,2313.5685714285714
Punjab,Vegetables,Tomato,2024-02-11,17.25,Metric Tonnes,2042.03,Rs./Quintal,2,42,1880.87,2803.55,2223.444285714286
Punjab,Vegetables,Tomato,2024-02-12,368.24,Metric Tonnes,1867.08,Rs./Quintal,2,43,2042.03,2180.98,2114.655714285714
Punjab,Vegetables,Tomato,2024-02-13,318.4,Metric Tonnes,1904.08,Rs./Quintal,2,44,1867.08,2338.37,2069.812857142857
Punjab,Vegetables,Tomato,2024-02-14,299.85,Metric Tonnes,1884.43,Rs./Quintal,2,45,1904.08,2300.07,2007.7714285714285
Punjab,Vegetables,Tomato,2024-02-15,252.12,Metric Tonnes,1969.23,Rs./Quintal,2,46,1884.43,2092.42,1948.3942857142854
Punjab,Vegetables,Tomato,2024-02-16,168.69,Metric Tonnes,1956.54,Rs./Quintal,2,47,1969.23,1967.85,1930.7957142857142
Punjab,Vegetables,Tomato,2024-02-17,299.75,Metric Tonnes,1858.98,Rs./Quintal,2,48,1956.54,1880.87,1929.18
Punjab,Vegetables,Tomato,2024-02-18,23.6,Metric Tonnes,2091.53,Rs./Quintal,2,49,1858.98,2042.03,1926.052857142857
Punjab,Vegetables,Tomato,2024-02-19,320.74,Metric Tonnes,2215.62,Rs./Quintal,2,50,2091.53,1867.08,1933.1242857142859
Punjab,Vegetables,Tomato,2024-02-20,209.07,Metric Tonnes,2299.97,Rs./Quintal,2,51,2215.62,1904.08,1982.9157142857143
Punjab,Vegetables,Tomato,2024-02-21,242.7,Metric Tonnes,2329.39,Rs./Quintal,2,52,2299.97,1884.43,2039.4714285714288
Punjab,Vegetables,Tomato,2024-02-22,229.13,Metric Tonnes,2454.76,Rs./Quintal,2,53,2329.39,1969.23,2103.037142857143
Punjab,Vegetables,Tomato,2024-02-23,245.78,Metric Tonnes,2227.44,Rs./Quintal,2,54,2454.76,1956.54,2172.3985714285714
Punjab,Vegetables,Tomato,2024-02-24,275.96,Metric Tonnes,2359.86,Rs./Quintal,2,55,2227.44,1858.98,2211.0985714285716
Punjab,Vegetables,Tomato,2024-02-25,13.98,Metric Tonnes,1903.15,Rs./Quintal,2,56,2359.86,2091.53,2282.652857142857
Punjab,Vegetables,Tomato,2024-02-26,420.47,Metric Tonnes,2156.44,Rs./Quintal,2,57,1903.15,2215.62,2255.7414285714285
Punjab,Vegetables,Tomato,2024-02-27,355.73,Metric Tonnes,2229.7,Rs./Quintal,2,58,2156.44,2299.97,2247.2871428571425
Punjab,Vegetables,Tomato,2024-02-28,337.13,Metric Tonnes,2257.22,Rs./Quintal,2,59,2229.7,2329.39,2237.2485714285713
Punjab,Vegetables,Tomato,2024-02-29,412.75,Metric Tonnes,2091.75,Rs./Quintal,2,60,2257.22,2454.76,2226.9385714285713
Punjab,Vegetables,Tomato,2024-03-01,369.87,Metric Tonnes,1885.19,Rs./Quintal,3,61,2091.75,2227.44,2175.08
Punjab,Vegetables,Tomato,2024-03-02,242.21,Metric Tonnes,2250.76,Rs./Quintal,3,62,1885.19,2359.86,2126.1871428571426
Punjab,Vegetables,Tomato,2024-03-03,14.85,Metric Tonnes,2254.55,Rs./Quintal,3,63,2250.76,1903.15,2110.6014285714286
Punjab,Vegetables,Tomato,2024-03-04,376.13,Metric Tonnes,2125.4,Rs./Quintal,3,64,2254.55,2156.44,2160.8014285714285
Punjab,Vegetables,Tomato,2024-03-05,311.98,Metric Tonnes,2166.04,Rs./Quintal,3,65,2125.4,2229.7,2156.367142857143
Punjab,Vegetables,Tomato,2024-03-06,273.59,Metric Tonnes,2305.37,Rs./Quintal,3,66,2166.04,2257.22,2147.272857142857
Punjab,Vegetables,Tomato,2024-03-07,227.07,Metric Tonnes,2416.65,Rs./Quintal,3,67,2305.37,2091.75,2154.151428571429
Punjab,Vegetables,Tomato,2024-03-08,299.38,Metric Tonnes,2061.92,Rs./Quintal,3,68,2416.65,1885.19,2200.5657142857144
Punjab,Vegetables,Tomato,2024-03-09,322.92,Metric Tonnes,2266.3,Rs./Quintal,3,69,2061.92,2250.76,2225.8128571428574
Punjab,Vegetables,Tomato,2024-03-10,12.67,Metric Tonnes,2432.04,Rs./Quintal,3,70,2266.3,2254.55,2228.032857142857
Punjab,Vegetables,Tomato,2024-03-11,529.25,Metric Tonnes,2098.45,Rs./Quintal,3,71,2432.04,2125.4,2253.3885714285716
Punjab,Vegetables,Tomato,2024-03-12,351.98,Metric Tonnes,2122.01,Rs./Quintal,3,72,2098.45,2166.04,2249.5385714285717
Punjab,Vegetables,Tomato,2024-03-13,262.46,Metric Tonnes,2137.93,Rs./Quintal,3,73,2122.01,2305.37,2243.2485714285717
Punjab,Vegetables,Tomato,2024-03-14,303.61,Metric Tonnes,2129.66,Rs./Quintal,3,74,2137.93,2416.65,2219.328571428571
Punjab,Vegetables,Tomato,2024-03-15,247.06,Metric Tonnes,2014.48,Rs./Quintal,3,75,2129.66,2061.92,2178.33
Punjab,Vegetables,Tomato,2024-03-16,267.8,Metric Tonnes,2190.92,Rs./Quintal,3,76,2014.48,2266.3,2171.552857142857
Punjab,Vegetables,Tomato,2024-03-17,14.59,Metric Tonnes,2437.9,Rs./Quintal,3,77,2190.92,2432.04,2160.784285714286
Punjab,Vegetables,Tomato,2024-03-18,494.1,Metric Tonnes,2171.13,Rs./Quintal,3,78,2437.9,2098.45,2161.6214285714286
Punjab,Vegetables,Tomato,2024-03-19,380.48,Metric Tonnes,2196.92,Rs./Quintal,3,79,2171.13,2122.01,2172.0042857142857
Punjab,Vegetables,Tomato,2024-03-20,302.04,Metric Tonnes,2180.75,Rs./Quintal,3,80,2196.92,2137.93,2182.7057142857143
Punjab,Vegetables,Tomato,2024-03-21,264.07,Metric Tonnes,2091.84,Rs./Quintal,3,81,2180.75,2129.66,2188.822857142857
Punjab,Vegetables,Tomato,2024-03-22,272.4,Metric Tonnes,2006.35,Rs./Quintal,3,82,2091.84,2014.48,2183.42
Punjab,Vegetables,Tomato,2024-03-23,190.65,Metric Tonnes,2177.93,Rs./Quintal,3,83,2006.35,2190.92,2182.2585714285715
Punjab,Vegetables,Tomato,2024-03-24,10.77,Metric Tonnes,2299.07,Rs./Quintal,3,84,2177.93,2437.9,2180.402857142857
Punjab,Vegetables,Tomato,2024-03-25,298.69,Metric Tonnes,1654.84,Rs./Quintal,3,85,2299.07,2171.13,2160.57
Punjab,Vegetables,Tomato,2024-03-26,297.84,Metric Tonnes,1658.72,Rs./Quintal,3,86,1654.84,2196.92,2086.8142857142857
Punjab,Vegetables,Tomato,2024-03-27,287.31,Metric Tonnes,2014.5,Rs./Quintal,3,87,1658.72,2180.75,2009.9285714285713
Punjab,Vegetables,Tomato,2024-03-28,330.52,Metric Tonnes,1918.38,Rs./Quintal,3,88,2014.5,2091.84,1986.1785714285713
Punjab,Vegetables,Tomato,2024-03-29,211.35,Metric Tonnes,2103.37,Rs./Quintal,3,89,1918.38,2006.35,1961.3985714285716
Punjab,Vegetables,Tomato,2024-03-30,217.82,Metric Tonnes,1960.23,Rs./Quintal,3,90,2103.37,2177.93,1975.2585714285713
Punjab,Vegetables,Tomato,2024-03-31,20.19,Metric Tonnes,2289.8,Rs./Quintal,3,91,1960.23,2299.07,1944.1585714285716
Punjab,Vegetables,Tomato,2024-04-01,282.26,Metric Tonnes,1916.86,Rs./Quintal,4,92,2289.8,1654.84,1942.8342857142857
Punjab,Vegetables,Tomato,2024-04-02,319.28,Metric Tonnes,1787.44,Rs./Quintal,4,93,1916.86,1658.72,1980.2657142857145
Punjab,Vegetables,Tomato,2024-04-03,286.32,Metric Tonnes,1952.46,Rs./Quintal,4,94,1787.44,2014.5,1998.6542857142856
Punjab,Vegetables,Tomato,2024-04-04,266.5,Metric Tonnes,1656.18,Rs./Quintal,4,95,1952.46,1918.38,1989.7914285714287
Punjab,Vegetables,Tomato,2024-04-05,388.5,Metric Tonnes,1792.67,Rs./Quintal,4,96,1656.18,2103.37,1952.3342857142857
Punjab,Vegetables,Tomato,2024-04-06,190.22,Metric Tonnes,1944.69,Rs./Quintal,4,97,1792.67,1960.23,1907.9485714285715
Punjab,Vegetables,Tomato,2024-04-07,13.05,Metric Tonnes,2024.14,Rs./Quintal,4,98,1944.69,2289.8,1905.7285714285713
Punjab,Vegetables,Tomato,2024-04-08,416.18,Metric Tonnes,1669.44,Rs./Quintal,4,99,2024.14,1916.86,1867.777142857143
Punjab,Vegetables,Tomato,2024-04-09,508.52,Metric Tonnes,1564.76,Rs./Quintal,4,100,1669.44,1787.44,1832.4314285714286
Punjab,Vegetables,Tomato,2024-04-10,253.9,Metric Tonnes,1794.47,Rs./Quintal,4,101,1564.76,1952.46,1800.6200000000001
Punjab,Vegetables,Tomato,2024-04-11,257.09,Metric Tonnes,1902.14,Rs./Quintal,4,102,1794.47,1656.18,1778.05
Punjab,Vegetables,Tomato,2024-04-12,299.22,Metric Tonnes,1819.08,Rs./Quintal,4,103,1902.14,1792.67,1813.1871428571428
Punjab,Vegetables,Tomato,2024-04-13,282.55,Metric Tonnes,1839.48,Rs./Quintal,4,104,1819.08,1944.69,1816.9599999999998
Punjab,Vegetables,Tomato,2024-04-14,17.04,Metric Tonnes,1655.4,Rs./Quintal,4,105,1839.48,2024.14,1801.9299999999998
Punjab,Vegetables,Tomato,2024-04-15,334.46,Metric Tonnes,1721.3,Rs./Quintal,4,106,1655.4,1669.44,1749.2528571428572
Punjab,Vegetables,Tomato,2024-04-16,394.79,Metric Tonnes,1687.49,Rs./Quintal,4,107,1721.3,1564.76,1756.6614285714284
Punjab,Vegetables,Tomato,2024-04-17,180.61,Metric Tonnes,1913.69,Rs./Quintal,4,108,1687.49,1794.47,1774.1942857142856
Punjab,Vegetables,Tomato,2024-04-18,302.24,Metric Tonnes,2040.71,Rs./Quintal,4,109,1913.69,1902.14,1791.2257142857143
Punjab,Vegetables,Tomato,2024-04-19,265.53,Metric Tonnes,1680.99,Rs./Quintal,4,110,2040.71,1819.08,1811.0214285714287
Punjab,Vegetables,Tomato,2024-04-20,264.39,Metric Tonnes,1973.74,Rs./Quintal,4,111,1680.99,1839.48,1791.294285714286
Punjab,Vegetables,Tomato,2024-04-21,30.47,Metric Tonnes,1857.09,Rs./Quintal,4,112,1973.74,1655.4,1810.474285714286
Punjab,Vegetables,Tomato,2024-04-22,345.66,Metric Tonnes,1836.88,Rs./Quintal,4,113,1857.09,1721.3,1839.287142857143
Punjab,Vegetables,Tomato,2024-04-23,317.84,Metric Tonnes,2064.33,Rs./Quintal,4,114,1836.88,1687.49,1855.7985714285714
Punjab,Vegetables,Tomato,2024-04-24,291.68,Metric Tonnes,2191.24,Rs./Quintal,4,115,2064.33,1913.69,1909.6328571428571
Punjab,Vegetables,Tomato,2024-04-25,281.89,Metric Tonnes,2411.01,Rs./Quintal,4,116,2191.24,2040.71,1949.282857142857
Punjab,Vegetables,Tomato,2024-04-26,357.04,Metric Tonnes,2403.88,Rs./Quintal,4,117,2411.01,1680.99,2002.1828571428573
Punjab,Vegetables,Tomato,2024-04-27,322.68,Metric Tonnes,2106.51,Rs./Quintal,4,118,2403.88,1973.74,2105.452857142857
Punjab,Vegetables,Tomato,2024-04-28,20.44,Metric Tonnes,2157.02,Rs./Quintal,4,119,2106.51,1857.09,2124.4199999999996
Punjab,Vegetables,Tomato,2024-04-29,312.93,Metric Tonnes,1874.15,Rs./Quintal,4,120,2157.02,1836.88,2167.2671428571425
Punjab,Vegetables,Tomato,2024-04-30,247.31,Metric Tonnes,2096.15,Rs./Quintal,4,121,1874.15,2064.33,2172.5914285714284
Punjab,Vegetables,Tomato,2024-05-01,255.84,Metric Tonnes,1796.79,Rs./Quintal,5,122,2096.15,2191.24,2177.137142857143
Punjab,Vegetables,Tomato,2024-05-02,307.71,Metric Tonnes,1822.56,Rs./Quintal,5,123,1796.79,2411.01,2120.787142857143
Punjab,Vegetables,Tomato,2024-05-03,297.43,Metric Tonnes,1753.76,Rs./Quintal,5,124,1822.56,2403.88,2036.7228571428573
Punjab,Vegetables,Tomato,2024-05-04,377.06,Metric Tonnes,1707.1,Rs./Quintal,5,125,1753.76,2106.51,1943.8485714285712
Punjab,Vegetables,Tomato,2024-05-05,20.7,Metric Tonnes,2189.61,Rs./Quintal,5,126,1707.1,2157.02,1886.7900000000002
Punjab,Vegetables,Tomato,2024-05-06,338.23,Metric Tonnes,1580.7,Rs./Quintal,5,127,2189.61,1874.15,1891.4457142857143
Punjab,Vegetables,Tomato,2024-05-07,337.03,Metric Tonnes,1592.67,Rs./Quintal,5,128,1580.7,2096.15,1849.524285714286
Punjab,Vegetables,Tomato,2024-05-08,307.97,Metric Tonnes,1428.86,Rs./Quintal,5,129,1592.67,1796.79,1777.5985714285714
Punjab,Vegetables,Tomato,2024-05-09,319.64,Metric Tonnes,1478.83,Rs./Quintal,5,130,1428.86,1822.56,1725.037142857143
Punjab,Vegetables,Tomato,2024-05-10,319.93,Metric Tonnes,1511.34,Rs./Quintal,5,131,1478.83,1753.76,1675.9328571428573
Punjab,Vegetables,Tomato,2024-05-11,315.61,Metric Tonnes,1097.61,Rs./Quintal,5,132,1511.34,1707.1,1641.3014285714287
Punjab,Vegetables,Tomato,2024-05-12,14.0,Metric Tonnes,1665.0,Rs./Quintal,5,133,1097.61,2189.61,1554.2314285714288
Punjab,Vegetables,Tomato,2024-05-13,424.78,Metric Tonnes,1130.4,Rs./Quintal,5,134,1665.0,1580.7,1479.287142857143
Punjab,Vegetables,Tomato,2024-05-14,378.24,Metric Tonnes,995.1,Rs./Quintal,5,135,1130.4,1592.67,1414.9585714285713
Punjab,Vegetables,Tomato,2024-05-15,402.73,Metric Tonnes,855.51,Rs./Quintal,5,136,995.1,1428.86,1329.5914285714284
Punjab,Vegetables,Tomato,2024-05-16,457.62,Metric Tonnes,772.02,Rs./Quintal,5,137,855.51,1478.83,1247.6842857142858
Punjab,Vegetables,Tomato,2024-05-17,431.69,Metric Tonnes,703.32,Rs./Quintal,5,138,772.02,1511.34,1146.7114285714285
Punjab,Vegetables,Tomato,2024-05-18,446.55,Metric Tonnes,628.86,Rs./Quintal,5,139,703.32,1097.61,1031.28
Punjab,Vegetables,Tomato,2024-05-19,24.7,Metric Tonnes,1259.58,Rs./Quintal,5,140,628.86,1665.0,964.3157142857144
Punjab,Vegetables,Tomato,2024-05-20,404.58,Metric Tonnes,642.91,Rs./Quintal,5,141,1259.58,1130.4,906.3985714285716
Punjab,Vegetables,Tomato,2024-05-21,351.35,Metric Tonnes,667.98,Rs./Quintal,5,142,642.91,995.1,836.7571428571429
Punjab,Vegetables,Tomato,2024-05-22,431.41,Metric Tonnes,617.66,Rs./Quintal,5,143,667.98,855.51,790.0257142857142
Punjab,Vegetables,Tomato,2024-05-23,404.15,Metric Tonnes,642.6,Rs./Quintal,5,144,617.66,772.02,756.0471428571428
Punjab,Vegetables,Tomato,2024-05-24,371.8,Metric Tonnes,616.27,Rs./Quintal,5,145,642.6,703.32,737.5585714285714
Punjab,Vegetables,Tomato,2024-05-25,322.89,Metric Tonnes,589.24,Rs./Quintal,5,146,616.27,628.86,725.1228571428571
Punjab,Vegetables,Tomato,2024-05-26,13.3,Metric Tonnes,1312.84,Rs./Quintal,5,147,589.24,1259.58,719.4628571428572
Punjab,Vegetables,Tomato,2024-05-27,367.91,Metric Tonnes,593.95,Rs./Quintal,5,148,1312.84,642.91,727.0714285714286
Punjab,Vegetables,Tomato,2024-05-28,430.86,Metric Tonnes,759.55,Rs./Quintal,5,149,593.95,667.98,720.0771428571428
Punjab,Vegetables,Tomato,2024-05-29,439.59,Metric Tonnes,655.22,Rs./Quintal,5,150,759.55,617.66,733.1585714285713
Punjab,Vegetables,Tomato,2024-05-30,382.25,Metric Tonnes,660.98,Rs./Quintal,5,151,655.22,642.6,738.5242857142857
Punjab,Vegetables,Tomato,2024-05-31,344.0,Metric Tonnes,698.35,Rs./Quintal,5,152,660.98,616.27,741.15
Punjab,Vegetables,Tomato,2024-06-01,415.51,Metric Tonnes,762.77,Rs./Quintal,6,153,698.35,589.24,752.8757142857143
Punjab,Vegetables,Tomato,2024-06-02,15.32,Metric Tonnes,1255.69,Rs./Quintal,6,154,762.77,1312.84,777.6657142857142
Punjab,Vegetables,Tomato,2024-06-03,365.01,Metric Tonnes,604.99,Rs./Quintal,6,155,1255.69,593.95,769.5014285714286
Punjab,Vegetables,Tomato,2024-06-04,281.55,Metric Tonnes,616.6,Rs./Quintal,6,156,604.99,759.55,771.0785714285714
Punjab,Vegetables,Tomato,2024-06-05,266.86,Metric Tonnes,633.93,Rs./Quintal,6,157,616.6,655.22,750.657142857143
Punjab,Vegetables,Tomato,2024-06-06,312.61,Metric Tonnes,602.23,Rs./Quintal,6,158,633.93,660.98,747.6157142857143
Punjab,Vegetables,Tomato,2024-06-07,367.35,Metric Tonnes,588.18,Rs./Quintal,6,159,602.23,698.35,739.2228571428572
Punjab,Vegetables,Tomato,2024-06-08,236.43,Metric Tonnes,542.34,Rs./Quintal,6,160,588.18,762.77,723.4842857142858
Punjab,Vegetables,Tomato,2024-06-09,9.7,Metric Tonnes,1069.07,Rs./Quintal,6,161,542.34,1255.69,691.9942857142859
Punjab,Vegetables,Tomato,2024-06-10,374.78,Metric Tonnes,537.13,Rs./Quintal,6,162,1069.07,604.99,665.3342857142858
Punjab,Vegetables,Tomato,2024-06-11,411.39,Metric Tonnes,584.62,Rs./Quintal,6,163,537.13,616.6,655.6400000000001
Punjab,Vegetables,Tomato,2024-06-12,397.88,Metric Tonnes,619.84,Rs./Quintal,6,164,584.62,633.93,651.0714285714286
Punjab,Vegetables,Tomato,2024-06-13,315.93,Metric Tonnes,697.01,Rs./Quintal,6,165,619.84,602.23,649.0585714285714
Punjab,Vegetables,Tomato,2024-06-14,171.9,Metric Tonnes,642.47,Rs./Quintal,6,166,697.01,588.18,662.5985714285714
Punjab,Vegetables,Tomato,2024-06-15,141.74,Metric Tonnes,674.72,Rs./Quintal,6,167,642.47,542.34,670.3542857142858
Punjab,Vegetables,Tomato,2024-06-16,17.5,Metric Tonnes,1244.54,Rs./Quintal,6,168,674.72,1069.07,689.2657142857142
Punjab,Vegetables,Tomato,2024-06-17,261.83,Metric Tonnes,627.3,Rs./Quintal,6,169,1244.54,537.13,714.3328571428572
Punjab,Vegetables,Tomato,2024-06-18,181.35,Metric Tonnes,964.12,Rs./Quintal,6,170,627.3,584.62,727.2142857142857
Punjab,Vegetables,Tomato,2024-06-19,287.76,Metric Tonnes,1071.57,Rs./Quintal,6,171,964.12,619.84,781.4285714285714
Punjab,Vegetables,Tomato,2024-06-20,332.36,Metric Tonnes,1225.14,Rs./Quintal,6,172,1071.57,697.01,845.9614285714285
Punjab,Vegetables,Tomato,2024-06-21,356.97,Metric Tonnes,1094.58,Rs./Quintal,6,173,1225.14,642.47,921.4085714285713
Punjab,Vegetables,Tomato,2024-06-22,296.89,Metric Tonnes,1246.98,Rs./Quintal,6,174,1094.58,674.72,985.9957142857141
Punjab,Vegetables,Tomato,2024-06-23,25.94,Metric Tonnes,1704.86,Rs./Quintal,6,175,1246.98,1244.54,1067.747142857143
Punjab,Vegetables,Tomato,2024-06-24,259.73,Metric Tonnes,1260.82,Rs./Quintal,6,176,1704.86,627.3,1133.507142857143
Punjab,Vegetables,Tomato,2024-06-25,320.73,Metric Tonnes,1230.58,Rs./Quintal,6,177,1260.82,964.12,1224.01
Punjab,Vegetables,Tomato,2024-06-26,254.19,Metric Tonnes,1179.51,Rs./Quintal,6,178,1230.58,1071.57,1262.0757142857144
Punjab,Vegetables,Tomato,2024-06-27,188.34,Metric Tonnes,1117.34,Rs./Quintal,6,179,1179.51,1225.14,1277.4957142857145
Punjab,Vegetables,Tomato,2024-06-28,266.77,Metric Tonnes,1354.09,Rs./Quintal,6,180,1117.34,1094.58,1262.0957142857144
Punjab,Vegetables,Tomato,2024-06-29,176.56,Metric Tonnes,1192.55,Rs./Quintal,6,181,1354.09,1246.98,1299.1685714285716
Punjab,Vegetables,Tomato,2024-06-30,24.75,Metric Tonnes,2049.49,Rs./Quintal,6,182,1192.55,1704.86,1291.392857142857
Punjab,Vegetables,Tomato,2024-07-01,216.77,Metric Tonnes,1239.17,Rs./Quintal,7,183,2049.49,1260.82,1340.6257142857141
Punjab,Vegetables,Tomato,2024-07-02,176.18,Metric Tonnes,1926.39,Rs./Quintal,7,184,1239.17,1230.58,1337.532857142857
Punjab,Vegetables,Tomato,2024-07-03,154.55,Metric Tonnes,1744.39,Rs./Quintal,7,185,1926.39,1179.51,1436.9342857142856
Punjab,Vegetables,Tomato,2024-07-04,187.14,Metric Tonnes,1873.42,Rs./Quintal,7,186,1744.39,1117.34,1517.6314285714286
Punjab,Vegetables,Tomato,2024-07-05,129.97,Metric Tonnes,2335.34,Rs./Quintal,7,187,1873.42,1354.09,1625.642857142857
Punjab,Vegetables,Tomato,2024-07-06,157.37,Metric Tonnes,2487.25,Rs./Quintal,7,188,2335.34,1192.55,1765.8214285714287
Punjab,Vegetables,Tomato,2024-07-07,15.45,Metric Tonnes,3442.23,Rs./Quintal,7,189,2487.25,2049.49,1950.7785714285715
Punjab,Vegetables,Tomato,2024-07-08,193.25,Metric Tonnes,2546.08,Rs./Quintal,7,190,3442.23,1239.17,2149.7414285714285
Punjab,Vegetables,Tomato,2024-07-09,198.74,Metric Tonnes,2823.71,Rs./Quintal,7,191,2546.08,1926.39,2336.442857142857
Punjab,Vegetables,Tomato,2024-07-10,201.35,Metric Tonnes,3112.46,Rs./Quintal,7,192,2823.71,1744.39,2464.631428571429
Punjab,Vegetables,Tomato,2024-07-11,134.5,Metric Tonnes,3277.13,Rs./Quintal,7,193,3112.46,1873.42,2660.0699999999997
Punjab,Vegetables,Tomato,2024-07-12,133.76,Metric Tonnes,3621.41,Rs./Quintal,7,194,3277.13,2335.34,2860.6
Punjab,Vegetables,Tomato,2024-07-13,96.24,Metric Tonnes,3878.12,Rs./Quintal,7,195,3621.41,2487.25,3044.324285714286
Punjab,Vegetables,Tomato,2024-07-14,14.25,Metric Tonnes,4692.0,Rs./Quintal,7,196,3878.12,3442.23,3243.02
Punjab,Vegetables,Tomato,2024-07-15,100.64,Metric Tonnes,3547.44,Rs./Quintal,7,197,4692.0,2546.08,3421.5585714285708
Punjab,Vegetables,Tomato,2024-07-16,151.62,Metric Tonnes,4245.51,Rs./Quintal,7,198,3547.44,2823.71,3564.61
Punjab,Vegetables,Tomato,2024-07-17,117.89,Metric Tonnes,4277.56,Rs./Quintal,7,199,4245.51,3112.46,3767.7242857142855
Punjab,Vegetables,Tomato,2024-07-18,126.99,Metric Tonnes,4342.24,Rs./Quintal,7,200,4277.56,3277.13,3934.167142857143
Punjab,Vegetables,Tomato,2024-07-19,104.41,Metric Tonnes,4191.2,Rs./Quintal,7,201,4342.24,3621.41,4086.3257142857146
Punjab,Vegetables,Tomato,2024-07-20,125.92,Metric Tonnes,4729.17,Rs./Quintal,7,202,4191.2,3878.12,4167.7242857142855
Punjab,Vegetables,Tomato,2024-07-21,9.6,Metric Tonnes,4473.17,Rs./Quintal,7,203,4729.17,4692.0,4289.302857142857
Punjab,Vegetables,Tomato,2024-07-22,104.83,Metric Tonnes,4272.56,Rs./Quintal,7,204,4473.17,3547.44,4258.041428571429
Punjab,Vegetables,Tomato,2024-07-23,101.79,Metric Tonnes,3941.94,Rs./Quintal,7,205,4272.56,4245.51,4361.63
Punjab,Vegetables,Tomato,2024-07-24,96.42,Metric Tonnes,4334.97,Rs./Quintal,7,206,3941.94,4277.56,4318.262857142858
Punjab,Vegetables,Tomato,2024-07-25,125.95,Metric Tonnes,4498.09,Rs./Quintal,7,207,4334.97,4342.24,4326.464285714285
Punjab,Vegetables,Tomato,2024-07-26,107.09,Metric Tonnes,3843.41,Rs./Quintal,7,208,4498.09,4191.2,4348.728571428571
Punjab,Vegetables,Tomato,2024-07-27,113.77,Metric Tonnes,3549.3,Rs./Quintal,7,209,3843.41,4729.17,4299.044285714286
Punjab,Vegetables,Tomato,2024-07-28,10.6,Metric Tonnes,4331.79,Rs./Quintal,7,210,3549.3,4473.17,4130.4914285714285
Punjab,Vegetables,Tomato,2024-07-29,160.53,Metric Tonnes,3125.42,Rs./Quintal,7,211,4331.79,4272.56,4110.294285714286
Punjab,Vegetables,Tomato,2024-07-30,142.26,Metric Tonnes,3494.0,Rs./Quintal,7,212,3125.42,3941.94,3946.417142857143
Punjab,Vegetables,Tomato,2024-07-31,153.48,Metric Tonnes,3665.03,Rs./Quintal,7,213,3494.0,4334.97,3882.425714285714
Punjab,Vegetables,Tomato,2024-08-01,150.69,Metric Tonnes,3824.18,Rs./Quintal,8,214,3665.03,4498.09,3786.7200000000003
Punjab,Vegetables,Tomato,2024-08-02,95.92,Metric Tonnes,3693.06,Rs./Quintal,8,215,3824.18,3843.41,3690.4471428571424
Punjab,Vegetables,Tomato,2024-08-03,108.44,Metric Tonnes,3513.76,Rs./Quintal,8,216,3693.06,3549.3,3668.968571428572
Punjab,Vegetables,Tomato,2024-08-04,24.04,Metric Tonnes,3917.22,Rs./Quintal,8,217,3513.76,4331.79,3663.891428571428
Punjab,Vegetables,Tomato,2024-08-05,185.73,Metric Tonnes,3276.64,Rs./Quintal,8,218,3917.22,3125.42,3604.6671428571426
Punjab,Vegetables,Tomato,2024-08-06,223.09,Metric Tonnes,3248.97,Rs./Quintal,8,219,3276.64,3494.0,3626.27
Punjab,Vegetables,Tomato,2024-08-07,211.37,Metric Tonnes,2854.34,Rs./Quintal,8,220,3248.97,3665.03,3591.2657142857142
Punjab,Vegetables,Tomato,2024-08-08,217.74,Metric Tonnes,3007.13,Rs./Quintal,8,221,2854.34,3824.18,3475.4528571428573
Punjab,Vegetables,Tomato,2024-08-09,180.2,Metric Tonnes,3344.1,Rs./Quintal,8,222,3007.13,3693.06,3358.7314285714288
Punjab,Vegetables,Tomato,2024-08-10,118.43,Metric Tonnes,3142.1,Rs./Quintal,8,223,3344.1,3513.76,3308.88
Punjab,Vegetables,Tomato,2024-08-11,10.65,Metric Tonnes,3627.79,Rs./Quintal,8,224,3142.1,3917.22,3255.785714285714
Punjab,Vegetables,Tomato,2024-08-12,188.47,Metric Tonnes,3383.54,Rs./Quintal,8,225,3627.79,3276.64,3214.4385714285713
Punjab,Vegetables,Tomato,2024-08-13,138.28,Metric Tonnes,3214.1,Rs./Quintal,8,226,3383.54,3248.97,3229.71
Punjab,Vegetables,Tomato,2024-08-14,166.72,Metric Tonnes,3241.55,Rs./Quintal,8,227,3214.1,2854.34,3224.7285714285713
Punjab,Vegetables,Tomato,2024-08-15,158.0,Metric Tonnes,3071.25,Rs./Quintal,8,228,3241.55,3007.13,3280.0442857142853
Punjab,Vegetables,Tomato,2024-08-16,207.67,Metric Tonnes,3008.91,Rs./Quintal,8,229,3071.25,3344.1,3289.2042857142856
Punjab,Vegetables,Tomato,2024-08-17,127.42,Metric Tonnes,3055.69,Rs./Quintal,8,230,3008.91,3142.1,3241.3199999999997
Punjab,Vegetables,Tomato,2024-08-18,15.94,Metric Tonnes,3709.5,Rs./Quintal,8,231,3055.69,3627.79,3228.9757142857147
Punjab,Vegetables,Tomato,2024-08-19,197.92,Metric Tonnes,2904.11,Rs./Quintal,8,232,3709.5,3383.54,3240.6485714285714
Punjab,Vegetables,Tomato,2024-08-20,188.32,Metric Tonnes,3006.12,Rs./Quintal,8,233,2904.11,3214.1,3172.1585714285716
Punjab,Vegetables,Tomato,2024-08-21,186.85,Metric Tonnes,2669.01,Rs./Quintal,8,234,3006.12,3241.55,3142.447142857143
Punjab,Vegetables,Tomato,2024-08-22,228.56,Metric Tonnes,2582.1,Rs./Quintal,8,235,2669.01,3071.25,3060.655714285714
Punjab,Vegetables,Tomato,2024-08-23,236.06,Metric Tonnes,2581.51,Rs./Quintal,8,236,2582.1,3008.91,2990.777142857143
Punjab,Vegetables,Tomato,2024-08-24,150.12,Metric Tonnes,2833.02,Rs./Quintal,8,237,2581.51,3055.69,2929.7200000000003
Punjab,Vegetables,Tomato,2024-08-25,8.32,Metric Tonnes,2735.41,Rs./Quintal,8,238,2833.02,3709.5,2897.91
Punjab,Vegetables,Tomato,2024-08-26,343.6,Metric Tonnes,2342.55,Rs./Quintal,8,239,2735.41,2904.11,2758.7542857142857
Punjab,Vegetables,Tomato,2024-08-27,256.26,Metric Tonnes,2342.07,Rs./Quintal,8,240,2342.55,3006.12,2678.531428571428
Punjab,Vegetables,Tomato,2024-08-28,255.25,Metric Tonnes,2539.78,Rs./Quintal,8,241,2342.07,2669.01,2583.6671428571426
Punjab,Vegetables,Tomato,2024-08-29,212.93,Metric Tonnes,2377.92,Rs./Quintal,8,242,2539.78,2582.1,2565.2057142857143
Punjab,Vegetables,Tomato,2024-08-30,266.33,Metric Tonnes,2269.45,Rs./Quintal,8,243,2377.92,2581.51,2536.037142857143
Punjab,Vegetables,Tomato,2024-08-31,205.0,Metric Tonnes,2176.64,Rs./Quintal,8,244,2269.45,2833.02,2491.457142857143
Punjab,Vegetables,Tomato,2024-09-01,15.06,Metric Tonnes,2502.66,Rs./Quintal,9,245,2176.64,2735.41,2397.6885714285713
Punjab,Vegetables,Tomato,2024-09-02,344.09,Metric Tonnes,2366.15,Rs./Quintal,9,246,2502.66,2342.55,2364.4385714285713
Punjab,Vegetables,Tomato,2024-09-03,268.58,Metric Tonnes,2077.6,Rs./Quintal,9,247,2366.15,2342.07,2367.81
Punjab,Vegetables,Tomato,2024-09-04,375.73,Metric Tonnes,2164.26,Rs./Quintal,9,248,2077.6,2539.78,2330.0285714285715
Punjab,Vegetables,Tomato,2024-09-05,254.96,Metric Tonnes,2110.53,Rs./Quintal,9,249,2164.26,2377.92,2276.382857142857
Punjab,Vegetables,Tomato,2024-09-06,357.95,Metric Tonnes,2193.54,Rs./Quintal,9,250,2110.53,2269.45,2238.1842857142856
Punjab,Vegetables,Tomato,2024-09-07,222.55,Metric Tonnes,1910.2,Rs./Quintal,9,251,2193.54,2176.64,2227.34
Punjab,Vegetables,Tomato,2024-09-08,11.01,Metric Tonnes,2888.28,Rs./Quintal,9,252,1910.2,2502.66,2189.2771428571427
Punjab,Vegetables,Tomato,2024-09-09,297.08,Metric Tonnes,1917.05,Rs./Quintal,9,253,2888.28,2366.15,2244.365714285714
Punjab,Vegetables,Tomato,2024-09-10,266.71,Metric Tonnes,2027.86,Rs./Quintal,9,254,1917.05,2077.6,2180.2085714285713
Punjab,Vegetables,Tomato,2024-09-11,353.99,Metric Tonnes,2188.99,Rs./Quintal,9,255,2027.86,2164.26,2173.1028571428574
Punjab,Vegetables,Tomato,2024-09-12,395.46,Metric Tonnes,2154.25,Rs./Quintal,9,256,2188.99,2110.53,2176.635714285714
Punjab,Vegetables,Tomato,2024-09-13,335.95,Metric Tonnes,2286.4,Rs./Quintal,9,257,2154.25,2193.54,2182.8814285714284
Punjab,Vegetables,Tomato,2024-09-14,272.38,Metric Tonnes,2200.76,Rs./Quintal,9,258,2286.4,1910.2,2196.1471428571426
Punjab,Vegetables,Tomato,2024-09-15,19.1,Metric Tonnes,2369.11,Rs./Quintal,9,259,2200.76,2888.28,2237.655714285714
Punjab,Vegetables,Tomato,2024-09-16,436.66,Metric Tonnes,2159.1,Rs./Quintal,9,260,2369.11,1917.05,2163.4885714285715
Punjab,Vegetables,Tomato,2024-09-17,380.25,Metric Tonnes,2417.89,Rs./Quintal,9,261,2159.1,2027.86,2198.067142857143
Punjab,Vegetables,Tomato,2024-09-18,243.22,Metric Tonnes,2644.83,Rs./Quintal,9,262,2417.89,2188.99,2253.785714285714
Punjab,Vegetables,Tomato,2024-09-19,334.18,Metric Tonnes,2731.95,Rs./Quintal,9,263,2644.83,2154.25,2318.905714285714
Punjab,Vegetables,Tomato,2024-09-20,357.96,Metric Tonnes,2798.77,Rs./Quintal,9,264,2731.95,2286.4,2401.434285714286
Punjab,Vegetables,Tomato,2024-09-21,348.56,Metric Tonnes,2976.48,Rs./Quintal,9,265,2798.77,2200.76,2474.63
Punjab,Vegetables,Tomato,2024-09-22,14.85,Metric Tonnes,3554.68,Rs./Quintal,9,266,2976.48,2369.11,2585.447142857143
Punjab,Vegetables,Tomato,2024-09-23,396.42,Metric Tonnes,2870.19,Rs./Quintal,9,267,3554.68,2159.1,2754.8142857142857
Punjab,Vegetables,Tomato,2024-09-24,346.72,Metric Tonnes,3145.72,Rs./Quintal,9,268,2870.19,2417.89,2856.3985714285714
Punjab,Vegetables,Tomato,2024-09-25,304.99,Metric Tonnes,3049.5,Rs./Quintal,9,269,3145.72,2644.83,2960.374285714286
Punjab,Vegetables,Tomato,2024-09-26,267.44,Metric Tonnes,3144.34,Rs./Quintal,9,270,3049.5,2731.95,3018.184285714286
Punjab,Vegetables,Tomato,2024-09-27,279.42,Metric Tonnes,3350.53,Rs./Quintal,9,271,3144.34,2798.77,3077.097142857143
Punjab,Vegetables,Tomato,2024-09-28,254.74,Metric Tonnes,3362.66,Rs./Quintal,9,272,3350.53,2976.48,3155.9199999999996
Punjab,Vegetables,Tomato,2024-09-29,10.14,Metric Tonnes,3820.51,Rs./Quintal,9,273,3362.66,3554.68,3211.0885714285714
Punjab,Vegetables,Tomato,2024-09-30,341.83,Metric Tonnes,3164.92,Rs./Quintal,9,274,3820.51,2870.19,3249.0642857142852
Punjab,Vegetables,Tomato,2024-10-01,293.3,Metric Tonnes,3556.97,Rs./Quintal,10,275,3164.92,3145.72,3291.1685714285713
Punjab,Vegetables,Tomato,2024-10-02,223.62,Metric Tonnes,3117.4,Rs./Quintal,10,276,3556.97,3049.5,3349.9185714285713
Punjab,Vegetables,Tomato,2024-10-03,247.51,Metric Tonnes,3475.19,Rs./Quintal,10,277,3117.4,3144.34,3359.618571428571
Punjab,Vegetables,Tomato,2024-10-04,195.19,Metric Tonnes,3792.56,Rs./Quintal,10,278,3475.19,3350.53,3406.882857142857
Punjab,Vegetables,Tomato,2024-10-05,199.42,Metric Tonnes,3946.08,Rs./Quintal,10,279,3792.56,3362.66,3470.0299999999997
Punjab,Vegetables,Tomato,2024-10-06,19.27,Metric Tonnes,4900.62,Rs./Quintal,10,280,3946.08,3820.51,3553.3757142857144
Punjab,Vegetables,Tomato,2024-10-07,237.66,Metric Tonnes,4879.13,Rs./Quintal,10,281,4900.62,3164.92,3707.6771428571433
Punjab,Vegetables,Tomato,2024-10-08,241.6,Metric Tonnes,5358.84,Rs./Quintal,10,282,4879.13,3556.97,3952.5642857142857
Punjab,Vegetables,Tomato,2024-10-09,273.61,Metric Tonnes,4824.11,Rs./Quintal,10,283,5358.84,3117.4,4209.9742857142855
Punjab,Vegetables,Tomato,2024-10-10,298.68,Metric Tonnes,4591.13,Rs./Quintal,10,284,4824.11,3475.19,4453.79
Punjab,Vegetables,Tomato,2024-10-11,251.27,Metric Tonnes,4523.77,Rs./Quintal,10,285,4591.13,3792.56,4613.21
Punjab,Vegetables,Tomato,2024-10-12,203.84,Metric Tonnes,4459.6,Rs./Quintal,10,286,4523.77,3946.08,4717.668571428571
Punjab,Vegetables,Tomato,2024-10-13,17.06,Metric Tonnes,4629.54,Rs./Quintal,10,287,4459.6,4900.62,4791.028571428571
Punjab,Vegetables,Tomato,2024-10-14,306.37,Metric Tonnes,3964.61,Rs./Quintal,10,288,4629.54,4879.13,4752.302857142858
Punjab,Vegetables,Tomato,2024-10-15,245.73,Metric Tonnes,4246.29,Rs./Quintal,10,289,3964.61,5358.84,4621.657142857142
Punjab,Vegetables,Tomato,2024-10-16,249.16,Metric Tonnes,3784.54,Rs./Quintal,10,290,4246.29,4824.11,4462.721428571428
Punjab,Vegetables,Tomato,2024-10-17,207.9,Metric Tonnes,4281.75,Rs./Quintal,10,291,3784.54,4591.13,4314.211428571429
Punjab,Vegetables,Tomato,2024-10-18,210.79,Metric Tonnes,4502.19,Rs./Quintal,10,292,4281.75,4523.77,4270.014285714286
Punjab,Vegetables,Tomato,2024-10-19,244.62,Metric Tonnes,4036.08,Rs./Quintal,10,293,4502.19,4459.6,4266.931428571429
Punjab,Vegetables,Tomato,2024-10-20,10.1,Metric Tonnes,5213.86,Rs./Quintal,10,294,4036.08,4629.54,4206.428571428572
Punjab,Vegetables,Tomato,2024-10-21,181.34,Metric Tonnes,4194.56,Rs./Quintal,10,295,5213.86,3964.61,4289.902857142856
Punjab,Vegetables,Tomato,2024-10-22,207.86,Metric Tonnes,3463.29,Rs./Quintal,10,296,4194.56,4246.29,4322.7528571428575
Punjab,Vegetables,Tomato,2024-10-23,184.08,Metric Tonnes,3718.38,Rs./Quintal,10,297,3463.29,3784.54,4210.895714285714
Punjab,Vegetables,Tomato,2024-10-24,221.22,Metric Tonnes,3851.05,Rs./Quintal,10,298,3718.38,4281.75,4201.444285714286
Punjab,Vegetables,Tomato,2024-10-25,182.65,Metric Tonnes,3802.41,Rs./Quintal,10,299,3851.05,4502.19,4139.915714285714
Punjab,Vegetables,Tomato,2024-10-26,233.04,Metric Tonnes,3585.92,Rs./Quintal,10,300,3802.41,4036.08,4039.947142857143
Punjab,Vegetables,Tomato,2024-10-27,24.97,Metric Tonnes,4209.45,Rs./Quintal,10,301,3585.92,5213.86,3975.6385714285716
Punjab,Vegetables,Tomato,2024-10-28,319.57,Metric Tonnes,3391.73,Rs./Quintal,10,302,4209.45,4194.56,3832.151428571429
Punjab,Vegetables,Tomato,2024-10-29,189.2,Metric Tonnes,3486.24,Rs./Quintal,10,303,3391.73,3463.29,3717.4614285714283
Punjab,Vegetables,Tomato,2024-10-30,221.1,Metric Tonnes,2905.56,Rs./Quintal,10,304,3486.24,3718.38,3720.7400000000002
Punjab,Vegetables,Tomato,2024-10-31,108.55,Metric Tonnes,2730.2,Rs./Quintal,10,305,2905.56,3851.05,3604.6228571428574
Punjab,Vegetables,Tomato,2024-11-01,172.08,Metric Tonnes,2700.46,Rs./Quintal,11,306,2730.2,3802.41,3444.5014285714283
Punjab,Vegetables,Tomato,2024-11-02,137.37,Metric Tonnes,2801.58,Rs./Quintal,11,307,2700.46,3585.92,3287.0799999999995
Punjab,Vegetables,Tomato,2024-11-03,10.06,Metric Tonnes,4279.32,Rs./Quintal,11,308,2801.58,4209.45,3175.031428571429
Punjab,Vegetables,Tomato,2024-11-04,241.2,Metric Tonnes,2643.57,Rs./Quintal,11,309,4279.32,3391.73,3185.0128571428572
Punjab,Vegetables,Tomato,2024-11-05,196.53,Metric Tonnes,2935.17,Rs./Quintal,11,310,2643.57,3486.24,3078.132857142857
Punjab,Vegetables,Tomato,2024-11-06,189.52,Metric Tonnes,2539.95,Rs./Quintal,11,311,2935.17,2905.56,2999.408571428571
Punjab,Vegetables,Tomato,2024-11-07,227.79,Metric Tonnes,2578.06,Rs./Quintal,11,312,2539.95,2730.2,2947.1785714285716
Punjab,Vegetables,Tomato,2024-11-08,196.82,Metric Tonnes,2813.33,Rs./Quintal,11,313,2578.06,2700.46,2925.444285714286
Punjab,Vegetables,Tomato,2024-11-09,633.15,Metric Tonnes,1891.94,Rs./Quintal,11,314,2813.33,2801.58,2941.5685714285714
Punjab,Vegetables,Tomato,2024-11-10,11.2,Metric Tonnes,3985.71,Rs./Quintal,11,315,1891.94,4279.32,2811.62
Punjab,Vegetables,Tomato,2024-11-11,287.95,Metric Tonnes,2694.19,Rs./Quintal,11,316,3985.71,2643.57,2769.675714285714
Punjab,Vegetables,Tomato,2024-11-12,234.0,Metric Tonnes,2873.17,Rs./Quintal,11,317,2694.19,2935.17,2776.907142857143
Punjab,Vegetables,Tomato,2024-11-13,176.89,Metric Tonnes,2705.16,Rs./Quintal,11,318,2873.17,2539.95,2768.05
Punjab,Vegetables,Tomato,2024-11-14,195.01,Metric Tonnes,2990.87,Rs./Quintal,11,319,2705.16,2578.06,2791.651428571429
Punjab,Vegetables,Tomato,2024-11-15,190.1,Metric Tonnes,2646.75,Rs./Quintal,11,320,2990.87,2813.33,2850.6242857142856
Punjab,Vegetables,Tomato,2024-11-16,146.16,Metric Tonnes,2443.3,Rs./Quintal,11,321,2646.75,1891.94,2826.827142857143
Punjab,Vegetables,Tomato,2024-11-17,5.4,Metric Tonnes,3761.11,Rs./Quintal,11,322,2443.3,3985.71,2905.5928571428567
Punjab,Vegetables,Tomato,2024-11-18,240.64,Metric Tonnes,2426.65,Rs./Quintal,11,323,3761.11,2694.19,2873.5071428571428
Punjab,Vegetables,Tomato,2024-11-19,185.1,Metric Tonnes,2944.88,Rs./Quintal,11,324,2426.65,2873.17,2835.287142857143
Punjab,Vegetables,Tomato,2024-11-20,241.92,Metric Tonnes,2880.11,Rs./Quintal,11,325,2944.88,2705.16,2845.531428571429
Punjab,Vegetables,Tomato,2024-11-21,250.17,Metric Tonnes,2668.4,Rs./Quintal,11,326,2880.11,2990.87,2870.5242857142853
Punjab,Vegetables,Tomato,2024-11-22,317.7,Metric Tonnes,2927.44,Rs./Quintal,11,327,2668.4,2646.75,2824.457142857143
Punjab,Vegetables,Tomato,2024-11-23,243.58,Metric Tonnes,3072.71,Rs./Quintal,11,328,2927.44,2443.3,2864.555714285714
Punjab,Vegetables,Tomato,2024-11-24,12.97,Metric Tonnes,3178.87,Rs./Quintal,11,329,3072.71,3761.11,2954.471428571429
Punjab,Vegetables,Tomato,2024-11-25,355.71,Metric Tonnes,2867.98,Rs./Quintal,11,330,3178.87,2426.65,2871.2942857142857
Punjab,Vegetables,Tomato,2024-11-26,324.96,Metric Tonnes,3114.75,Rs./Quintal,11,331,2867.98,2944.88,2934.3414285714284
Punjab,Vegetables,Tomato,2024-11-27,292.9,Metric Tonnes,3111.06,Rs./Quintal,11,332,3114.75,2880.11,2958.608571428572
Punjab,Vegetables,Tomato,2024-11-28,294.02,Metric Tonnes,3195.81,Rs./Quintal,11,333,3111.06,2668.4,2991.601428571429
Punjab,Vegetables,Tomato,2024-11-29,264.55,Metric Tonnes,3033.31,Rs./Quintal,11,334,3195.81,2927.44,3066.945714285714
Punjab,Vegetables,Tomato,2024-11-30,263.8,Metric Tonnes,3009.34,Rs./Quintal,11,335,3033.31,3072.71,3082.07
Punjab,Vegetables,Tomato,2024-12-01,39.88,Metric Tonnes,3776.58,Rs./Quintal,12,336,3009.34,3178.87,3073.0171428571425
Punjab,Vegetables,Tomato,2024-12-02,341.11,Metric Tonnes,3129.38,Rs./Quintal,12,337,3776.58,2867.98,3158.4042857142854
Punjab,Vegetables,Tomato,2024-12-03,272.27,Metric Tonnes,3131.75,Rs./Quintal,12,338,3129.38,3114.75,3195.747142857143
Punjab,Vegetables,Tomato,2024-12-04,195.42,Metric Tonnes,2810.73,Rs./Quintal,12,339,3131.75,3111.06,3198.175714285714
Punjab,Vegetables,Tomato,2024-12-05,188.77,Metric Tonnes,2841.86,Rs./Quintal,12,340,2810.73,3195.81,3155.2714285714283
Punjab,Vegetables,Tomato,2024-12-06,237.45,Metric Tonnes,3036.66,Rs./Quintal,12,341,2841.86,3033.31,3104.707142857143
Punjab,Vegetables,Tomato,2024-12-07,237.65,Metric Tonnes,2904.55,Rs./Quintal,12,342,3036.66,3009.34,3105.1857142857143
Punjab,Vegetables,Tomato,2024-12-08,16.16,Metric Tonnes,3675.74,Rs./Quintal,12,343,2904.55,3776.58,3090.215714285714
Punjab,Vegetables,Tomato,2024-12-09,437.11,Metric Tonnes,2724.4,Rs./Quintal,12,344,3675.74,3129.38,3075.8100000000004
Punjab,Vegetables,Tomato,2024-12-10,264.06,Metric Tonnes,2909.46,Rs./Quintal,12,345,2724.4,3131.75,3017.9557142857147
Punjab,Vegetables,Tomato,2024-12-11,440.54,Metric Tonnes,3365.95,Rs./Quintal,12,346,2909.46,2810.73,2986.2000000000003
Punjab,Vegetables,Tomato,2024-12-12,276.86,Metric Tonnes,2996.39,Rs./Quintal,12,347,3365.95,2841.86,3065.5171428571434
Punjab,Vegetables,Tomato,2024-12-13,339.07,Metric Tonnes,2391.02,Rs./Quintal,12,348,2996.39,3036.66,3087.592857142857
Punjab,Vegetables,Tomato,2024-12-14,191.55,Metric Tonnes,2175.46,Rs./Quintal,12,349,2391.02,2904.55,2995.358571428572
Punjab,Vegetables,Tomato,2024-12-15,12.59,Metric Tonnes,3196.58,Rs./Quintal,12,350,2175.46,3675.74,2891.2028571428573
Punjab,Vegetables,Tomato,2024-12-16,477.84,Metric Tonnes,2064.78,Rs./Quintal,12,351,3196.58,2724.4,2822.7514285714283
Punjab,Vegetables,Tomato,2024-12-17,226.29,Metric Tonnes,2280.69,Rs./Quintal,12,352,2064.78,2909.46,2728.5200000000004
Punjab,Vegetables,Tomato,2024-12-18,264.81,Metric Tonnes,2450.05,Rs./Quintal,12,353,2280.69,3365.95,2638.695714285714
Punjab,Vegetables,Tomato,2024-12-19,303.89,Metric Tonnes,2522.84,Rs./Quintal,12,354,2450.05,2996.39,2507.8528571428574
Punjab,Vegetables,Tomato,2024-12-20,362.75,Metric Tonnes,2762.67,Rs./Quintal,12,355,2522.84,2391.02,2440.2028571428573
Punjab,Vegetables,Tomato,2024-12-21,267.76,Metric Tonnes,2413.02,Rs./Quintal,12,356,2762.67,2175.46,2493.2957142857144
Punjab,Vegetables,Tomato,2024-12-22,46.84,Metric Tonnes,3915.35,Rs./Quintal,12,357,2413.02,3196.58,2527.2328571428575
Punjab,Vegetables,Tomato,2024-12-23,306.46,Metric Tonnes,2227.16,Rs./Quintal,12,358,3915.35,2064.78,2629.914285714286
Punjab,Vegetables,Tomato,2024-12-24,274.35,Metric Tonnes,2597.92,Rs./Quintal,12,359,2227.16,2280.69,2653.1114285714284
Punjab,Vegetables,Tomato,2024-12-25,248.66,Metric Tonnes,2424.47,Rs./Quintal,12,360,2597.92,2450.05,2698.4300000000003
Punjab,Vegetables,Tomato,2024-12-26,250.08,Metric Tonnes,2483.69,Rs./Quintal,12,361,2424.47,2522.84,2694.7757142857145
Punjab,Vegetables,Tomato,2024-12-27,218.53,Metric Tonnes,2321.95,Rs./Quintal,12,362,2483.69,2762.67,2689.182857142857
Punjab,Vegetables,Tomato,2024-12-28,131.12,Metric Tonnes,2243.04,Rs./Quintal,12,363,2321.95,2413.02,2626.222857142857
Punjab,Vegetables,Tomato,2024-12-29,7.6,Metric Tonnes,2668.42,Rs./Quintal,12,364,2243.04,3915.35,2601.94
Punjab,Vegetables,Tomato,2024-12-30,152.07,Metric Tonnes,1866.55,Rs./Quintal,12,365,2668.42,2227.16,2423.807142857143
Punjab,Vegetables,Tomato,2024-12-31,325.65,Metric Tonnes,1995.36,Rs./Quintal,12,366,1866.55,2597.92,2372.2914285714287
Punjab,Vegetables,Tomato,2025-01-01,224.55,Metric Tonnes,1797.29,Rs./Quintal,1,1,1995.36,2424.47,2286.2114285714283
Punjab,Vegetables,Tomato,2025-01-02,262.4,Metric Tonnes,2043.35,Rs./Quintal,1,2,1797.29,2483.69,2196.6142857142854
Punjab,Vegetables,Tomato,2025-01-03,249.88,Metric Tonnes,1772.02,Rs./Quintal,1,3,2043.35,2321.95,2133.7085714285713
Punjab,Vegetables,Tomato,2025-01-04,195.53,Metric Tonnes,1523.22,Rs./Quintal,1,4,1772.02,2243.04,2055.1471428571426
Punjab,Vegetables,Tomato,2025-01-05,11.12,Metric Tonnes,2395.32,Rs./Quintal,1,5,1523.22,2668.42,1952.3157142857142
Punjab,Vegetables,Tomato,2025-01-06,425.51,Metric Tonnes,1615.21,Rs./Quintal,1,6,2395.32,1866.55,1913.3014285714287
Punjab,Vegetables,Tomato,2025-01-07,378.37,Metric Tonnes,1568.77,Rs./Quintal,1,7,1615.21,1995.36,1877.3957142857143
Punjab,Vegetables,Tomato,2025-01-08,295.5,Metric Tonnes,1480.43,Rs./Quintal,1,8,1568.77,1797.29,1816.4542857142858
Punjab,Vegetables,Tomato,2025-01-09,329.83,Metric Tonnes,1470.99,Rs./Quintal,1,9,1480.43,2043.35,1771.1885714285713
Punjab,Vegetables,Tomato,2025-01-10,280.11,Metric Tonnes,1176.19,Rs./Quintal,1,10,1470.99,1772.02,1689.4228571428573
Punjab,Vegetables,Tomato,2025-01-11,187.16,Metric Tonnes,1493.91,Rs./Quintal,1,11,1176.19,1523.22,1604.304285714286
Punjab,Vegetables,Tomato,2025-01-12,16.49,Metric Tonnes,2370.59,Rs./Quintal,1,12,1493.91,2395.32,1600.117142857143
Punjab,Vegetables,Tomato,2025-01-13,255.17,Metric Tonnes,1487.51,Rs./Quintal,1,13,2370.59,1615.21,1596.5842857142857
Punjab,Vegetables,Tomato,2025-01-14,259.02,Metric Tonnes,1505.17,Rs./Quintal,1,14,1487.51,1568.77,1578.3414285714284
Punjab,Vegetables,Tomato,2025-01-15,371.61,Metric Tonnes,1446.7,Rs./Quintal,1,15,1505.17,1480.43,1569.2557142857142
Punjab,Vegetables,Tomato,2025-01-16,249.86,Metric Tonnes,1434.61,Rs./Quintal,1,16,1446.7,1470.99,1564.4371428571428
Punjab,Vegetables,Tomato,2025-01-17,248.06,Metric Tonnes,1370.97,Rs./Quintal,1,17,1434.61,1176.19,1559.24
Punjab,Vegetables,Tomato,2025-01-18,287.33,Metric Tonnes,1259.64,Rs./Quintal,1,18,1370.97,1493.91,1587.0657142857144
Punjab,Vegetables,Tomato,2025-01-19,32.8,Metric Tonnes,1284.6,Rs./Quintal,1,19,1259.64,2370.59,1553.5985714285712
Punjab,Vegetables,Tomato,2025-01-20,317.48,Metric Tonnes,1262.01,Rs./Quintal,1,20,1284.6,1487.51,1398.4571428571428
Punjab,Vegetables,Tomato,2025-01-21,222.78,Metric Tonnes,1267.48,Rs./Quintal,1,21,1262.01,1505.17,1366.2428571428572
Punjab,Vegetables,Tomato,2025-01-22,272.11,Metric Tonnes,1211.52,Rs./Quintal,1,22,1267.48,1446.7,1332.287142857143
Punjab,Vegetables,Tomato,2025-01-23,301.67,Metric Tonnes,1091.61,Rs./Quintal,1,23,1211.52,1434.61,1298.69
Punjab,Vegetables,Tomato,2025-01-24,214.97,Metric Tonnes,1120.37,Rs./Quintal,1,24,1091.61,1370.97,1249.69
Punjab,Vegetables,Tomato,2025-01-25,307.0,Metric Tonnes,957.22,Rs./Quintal,1,25,1120.37,1259.64,1213.8899999999999
Punjab,Vegetables,Tomato,2025-01-26,35.65,Metric Tonnes,1469.58,Rs./Quintal,1,26,957.22,1284.6,1170.6871428571428
Punjab,Vegetables,Tomato,2025-01-27,320.78,Metric Tonnes,1014.52,Rs./Quintal,1,27,1469.58,1262.01,1197.1128571428574
Punjab,Vegetables,Tomato,2025-01-28,261.24,Metric Tonnes,1067.06,Rs./Quintal,1,28,1014.52,1267.48,1161.7571428571428
Punjab,Vegetables,Tomato,2025-01-29,290.33,Metric Tonnes,1001.4,Rs./Quintal,1,29,1067.06,1211.52,1133.1257142857144
Punjab,Vegetables,Tomato,2025-01-30,245.19,Metric Tonnes,1018.32,Rs./Quintal,1,30,1001.4,1091.61,1103.1085714285714
Punjab,Vegetables,Tomato,2025-01-31,227.01,Metric Tonnes,1063.01,Rs./Quintal,1,31,1018.32,1120.37,1092.6385714285714
Punjab,Vegetables,Tomato,2025-02-01,228.78,Metric Tonnes,946.31,Rs./Quintal,2,32,1063.01,957.22,1084.4442857142858
Punjab,Vegetables,Tomato,2025-02-02,12.5,Metric Tonnes,1485.6,Rs./Quintal,2,33,946.31,1469.58,1082.8857142857144
Punjab,Vegetables,Tomato,2025-02-03,254.45,Metric Tonnes,878.16,Rs./Quintal,2,34,1485.6,1014.52,1085.1742857142856
Punjab,Vegetables,Tomato,2025-02-04,285.18,Metric Tonnes,1011.75,Rs./Quintal,2,35,878.16,1067.06,1065.6942857142856
Punjab,Vegetables,Tomato,2025-02-05,358.7,Metric Tonnes,1053.36,Rs./Quintal,2,36,1011.75,1001.4,1057.7928571428572
Punjab,Vegetables,Tomato,2025-02-06,370.34,Metric Tonnes,1063.09,Rs./Quintal,2,37,1053.36,1018.32,1065.2157142857143
Punjab,Vegetables,Tomato,2025-02-07,343.67,Metric Tonnes,972.53,Rs./Quintal,2,38,1063.09,1063.01,1071.6114285714286
Punjab,Vegetables,Tomato,2025-02-08,260.34,Metric Tonnes,1043.21,Rs./Quintal,2,39,972.53,946.31,1058.6857142857143
Punjab,Vegetables,Tomato,2025-02-09,15.66,Metric Tonnes,1366.99,Rs./Quintal,2,40,1043.21,1485.6,1072.5285714285715
Punjab,Vegetables,Tomato,2025-02-10,496.33,Metric Tonnes,840.71,Rs./Quintal,2,41,1366.99,878.16,1055.5842857142857
Punjab,Vegetables,Tomato,2025-02-11,282.91,Metric Tonnes,1036.63,Rs./Quintal,2,42,840.71,1011.75,1050.2342857142855
Punjab,Vegetables,Tomato,2025-02-12,268.12,Metric Tonnes,878.35,Rs./Quintal,2,43,1036.63,1053.36,1053.7885714285715
Punjab,Vegetables,Tomato,2025-02-13,464.48,Metric Tonnes,913.58,Rs./Quintal,2,44,878.35,1063.09,1028.787142857143
Punjab,Vegetables,Tomato,2025-02-14,409.79,Metric Tonnes,1002.57,Rs./Quintal,2,45,913.58,972.53,1007.4285714285714
Punjab,Vegetables,Tomato,2025-02-15,282.6,Metric Tonnes,986.01,Rs./Quintal,2,46,1002.57,1043.21,1011.72
Punjab,Vegetables,Tomato,2025-02-16,18.0,Metric Tonnes,1202.61,Rs./Quintal,2,47,986.01,1366.99,1003.5485714285714
Punjab,Vegetables,Tomato,2025-02-17,392.29,Metric Tonnes,912.68,Rs./Quintal,2,48,1202.61,840.71,980.0657142857144
Punjab,Vegetables,Tomato,2025-02-18,571.64,Metric Tonnes,951.19,Rs./Quintal,2,49,912.68,1036.63,990.3471428571429
Punjab,Vegetables,Tomato,2025-02-19,396.17,Metric Tonnes,852.56,Rs./Quintal,2,50,951.19,878.35,978.1414285714287
Punjab,Vegetables,Tomato,2025-02-20,283.51,Metric Tonnes,920.31,Rs./Quintal,2,51,852.56,913.58,974.4571428571428
Punjab,Vegetables,Tomato,2025-02-21,445.14,Metric Tonnes,881.82,Rs./Quintal,2,52,920.31,1002.57,975.4185714285715
Punjab,Vegetables,Tomato,2025-02-22,210.47,Metric Tonnes,1007.59,Rs./Quintal,2,53,881.82,986.01,958.1685714285715
Punjab,Vegetables,Tomato,2025-02-23,40.0,Metric Tonnes,1203.88,Rs./Quintal,2,54,1007.59,1202.61,961.2514285714286
Punjab,Vegetables,Tomato,2025-02-24,372.46,Metric Tonnes,1021.74,Rs./Quintal,2,55,1203.88,912.68,961.4328571428571
Punjab,Vegetables,Tomato,2025-02-25,268.27,Metric Tonnes,1147.83,Rs./Quintal,2,56,1021.74,951.19,977.0128571428571
Punjab,Vegetables,Tomato,2025-02-26,225.05,Metric Tonnes,987.09,Rs./Quintal,2,57,1147.83,852.56,1005.1042857142857
Punjab,Vegetables,Tomato,2025-02-27,343.9,Metric Tonnes,864.62,Rs./Quintal,2,58,987.09,920.31,1024.3228571428572
Punjab,Vegetables,Tomato,2025-02-28,348.18,Metric Tonnes,909.42,Rs./Quintal,2,59,864.62,881.82,1016.3671428571428
Punjab,Vegetables,Tomato,2025-03-01,256.18,Metric Tonnes,964.62,Rs./Quintal,3,60,909.42,1007.59,1020.3100000000001
Punjab,Vegetables,Tomato,2025-03-02,40.15,Metric Tonnes,1281.44,Rs./Quintal,3,61,964.62,1203.88,1014.1714285714286
Punjab,Vegetables,Tomato,2025-03-03,252.2,Metric Tonnes,928.89,Rs./Quintal,3,62,1281.44,1021.74,1025.2514285714285
Punjab,Vegetables,Tomato,2025-03-04,320.5,Metric Tonnes,916.62,Rs./Quintal,3,63,928.89,1147.83,1011.9871428571429
Punjab,Vegetables,Tomato,2025-03-05,229.54,Metric Tonnes,1051.84,Rs./Quintal,3,64,916.62,987.09,978.9571428571429
Punjab,Vegetables,Tomato,2025-03-06,321.53,Metric Tonnes,950.4,Rs./Quintal,3,65,1051.84,864.62,988.2071428571428
Punjab,Vegetables,Tomato,2025-03-07,485.06,Metric Tonnes,844.89,Rs./Quintal,3,66,950.4,909.42,1000.4614285714287
Punjab,Vegetables,Tomato,2025-03-08,253.2,Metric Tonnes,854.31,Rs./Quintal,3,67,844.89,964.62,991.2428571428571
Punjab,Vegetables,Tomato,2025-03-09,21.4,Metric Tonnes,1158.64,Rs./Quintal,3,68,854.31,1281.44,975.4842857142858
Punjab,Vegetables,Tomato,2025-03-10,565.07,Metric Tonnes,815.85,Rs./Quintal,3,69,1158.64,928.89,957.9414285714286
Punjab,Vegetables,Tomato,2025-03-11,324.69,Metric Tonnes,751.5,Rs./Quintal,3,70,815.85,916.62,941.7928571428572
Punjab,Vegetables,Tomato,2025-03-12,363.6,Metric Tonnes,763.1,Rs./Quintal,3,71,751.5,1051.84,918.2042857142858
Punjab,Vegetables,Tomato,2025-03-13,302.2,Metric Tonnes,814.03,Rs./Quintal,3,72,763.1,950.4,876.9557142857144
Punjab,Vegetables,Tomato,2025-03-14,220.53,Metric Tonnes,836.78,Rs./Quintal,3,73,814.03,844.89,857.4742857142857
Punjab,Vegetables,Tomato,2025-03-15,309.4,Metric Tonnes,796.97,Rs./Quintal,3,74,836.78,854.31,856.3157142857143
Punjab,Vegetables,Tomato,2025-03-16,18.59,Metric Tonnes,1332.17,Rs./Quintal,3,75,796.97,1158.64,848.1242857142857
Punjab,Vegetables,Tomato,2025-03-17,372.57,Metric Tonnes,877.45,Rs./Quintal,3,76,1332.17,815.85,872.9142857142857
Punjab,Vegetables,Tomato,2025-03-18,410.95,Metric Tonnes,997.6,Rs./Quintal,3,77,877.45,751.5,881.7142857142857
Punjab,Vegetables,Tomato,2025-03-19,334.72,Metric Tonnes,956.09,Rs./Quintal,3,78,997.6,763.1,916.8714285714286
Punjab,Vegetables,Tomato,2025-03-20,360.11,Metric Tonnes,925.94,Rs./Quintal,3,79,956.09,814.03,944.4414285714286
Punjab,Vegetables,Tomato,2025-03-21,336.95,Metric Tonnes,886.07,Rs./Quintal,3,80,925.94,836.78,960.4285714285714
Punjab,Vegetables,Tomato,2025-03-22,381.33,Metric Tonnes,933.47,Rs./Quintal,3,81,886.07,796.97,967.4700000000001
Punjab,Vegetables,Tomato,2025-03-23,46.11,Metric Tonnes,1403.93,Rs./Quintal,3,82,933.47,1332.17,986.97
Punjab,Vegetables,Tomato,2025-03-24,459.76,Metric Tonnes,951.97,Rs./Quintal,3,83,1403.93,877.45,997.2214285714286
Punjab,Vegetables,Tomato,2025-03-25,442.8,Metric Tonnes,859.81,Rs./Quintal,3,84,951.97,997.6,1007.867142857143
Punjab,Vegetables,Tomato,2025-03-26,331.96,Metric Tonnes,851.89,Rs./Quintal,3,85,859.81,956.09,988.1828571428571
Punjab,Vegetables,Tomato,2025-03-27,456.37,Metric Tonnes,898.83,Rs./Quintal,3,86,851.89,925.94,973.2971428571428
Punjab,Vegetables,Tomato,2025-03-28,362.7,Metric Tonnes,865.56,Rs./Quintal,3,87,898.83,886.07,969.4242857142857
Punjab,Vegetables,Tomato,2025-03-29,116.14,Metric Tonnes,782.7,Rs./Quintal,3,88,865.56,933.47,966.4942857142856
Punjab,Vegetables,Tomato,2025-03-30,6.33,Metric Tonnes,952.92,Rs./Quintal,3,89,782.7,1403.93,944.9557142857144
Punjab,Vegetables,Tomato,2025-03-31,281.44,Metric Tonnes,818.48,Rs./Quintal,3,90,952.92,951.97,880.5257142857143
Punjab,Vegetables,Tomato,2025-04-01,247.02,Metric Tonnes,870.36,Rs./Quintal,4,91,818.48,859.81,861.4557142857142
Punjab,Vegetables,Tomato,2025-04-02,241.03,Metric Tonnes,922.56,Rs./Quintal,4,92,870.36,851.89,862.9628571428572
Punjab,Vegetables,Tomato,2025-04-03,350.15,Metric Tonnes,908.82,Rs./Quintal,4,93,922.56,898.83,873.0585714285714
Punjab,Vegetables,Tomato,2025-04-04,442.52,Metric Tonnes,968.42,Rs./Quintal,4,94,908.82,865.56,874.4857142857143
Punjab,Vegetables,Tomato,2025-04-05,335.38,Metric Tonnes,894.11,Rs./Quintal,4,95,968.42,782.7,889.1800000000001
Punjab,Vegetables,Tomato,2025-04-06,17.4,Metric Tonnes,1253.16,Rs./Quintal,4,96,894.11,952.92,905.0957142857143
Punjab,Vegetables,Tomato,2025-04-07,465.08,Metric Tonnes,931.08,Rs./Quintal,4,97,1253.16,818.48,947.9871428571429
Punjab,Vegetables,Tomato,2025-04-08,379.49,Metric Tonnes,893.26,Rs./Quintal,4,98,931.08,870.36,964.0728571428572
Punjab,Vegetables,Tomato,2025-04-09,259.17,Metric Tonnes,856.17,Rs./Quintal,4,99,893.26,922.56,967.3442857142857
Punjab,Vegetables,Tomato,2025-04-10,358.62,Metric Tonnes,901.42,Rs./Quintal,4,100,856.17,908.82,957.86
Punjab,Vegetables,Tomato,2025-04-11,443.74,Metric Tonnes,959.09,Rs./Quintal,4,101,901.42,968.42,956.8028571428573
Punjab,Vegetables,Tomato,2025-04-12,236.68,Metric Tonnes,902.8,Rs./Quintal,4,102,959.09,894.11,955.4700000000001
Punjab,Vegetables,Tomato,2025-04-13,20.2,Metric Tonnes,1033.66,Rs./Quintal,4,103,902.8,1253.16,956.7114285714285
Punjab,Vegetables,Tomato,2025-04-14,385.9,Metric Tonnes,1102.93,Rs./Quintal,4,104,1033.66,931.08,925.3542857142857
Punjab,Vegetables,Tomato,2025-04-15,379.81,Metric Tonnes,1097.12,Rs./Quintal,4,105,1102.93,893.26,949.9042857142857
Punjab,Vegetables,Tomato,2025-04-16,408.62,Metric Tonnes,1085.06,Rs./Quintal,4,106,1097.12,856.17,979.0271428571428
Punjab,Vegetables,Tomato,2025-04-17,337.65,Metric Tonnes,1004.48,Rs./Quintal,4,107,1085.06,901.42,1011.7257142857143
Punjab,Vegetables,Tomato,2025-04-18,351.7,Metric Tonnes,942.8,Rs./Quintal,4,108,1004.48,959.09,1026.4485714285713
Punjab,Vegetables,Tomato,2025-04-19,287.51,Metric Tonnes,1101.98,Rs./Quintal,4,109,942.8,902.8,1024.1214285714284
Punjab,Vegetables,Tomato,2025-04-20,18.25,Metric Tonnes,1422.74,Rs./Quintal,4,110,1101.98,1033.66,1052.5757142857144
Punjab,Vegetables,Tomato,2025-04-21,501.19,Metric Tonnes,911.89,Rs./Quintal,4,111,1422.74,1102.93,1108.1585714285716
Punjab,Vegetables,Tomato,2025-04-22,473.64,Metric Tonnes,1125.62,Rs./Quintal,4,112,911.89,1097.12,1080.8671428571429
Punjab,Vegetables,Tomato,2025-04-23,430.96,Metric Tonnes,1139.53,Rs./Quintal,4,113,1125.62,1085.06,1084.9385714285713
Punjab,Vegetables,Tomato,2025-04-24,393.35,Metric Tonnes,1038.81,Rs./Quintal,4,114,1139.53,1004.48,1092.72
Punjab,Vegetables,Tomato,2025-04-25,436.92,Metric Tonnes,1105.86,Rs./Quintal,4,115,1038.81,942.8,1097.6242857142856
Punjab,Vegetables,Tomato,2025-04-26,379.32,Metric Tonnes,1052.47,Rs./Quintal,4,116,1105.86,1101.98,1120.9185714285716
Punjab,Vegetables,Tomato,2025-04-27,51.01,Metric Tonnes,1159.96,Rs./Quintal,4,117,1052.47,1422.74,1113.8457142857144
Punjab,Vegetables,Tomato,2025-04-28,429.63,Metric Tonnes,792.05,Rs./Quintal,4,118,1159.96,911.89,1076.3057142857142
Punjab,Vegetables,Tomato,2025-04-29,427.74,Metric Tonnes,841.52,Rs./Quintal,4,119,792.05,1125.62,1059.1857142857143
Punjab,Vegetables,Tomato,2025-04-30,335.01,Metric Tonnes,989.65,Rs./Quintal,4,120,841.52,1139.53,1018.6000000000001
Punjab,Vegetables,Tomato,2025-05-01,334.87,Metric Tonnes,1101.55,Rs./Quintal,5,121,989.65,1038.81,997.1885714285714
Punjab,Vegetables,Tomato,2025-05-02,493.57,Metric Tonnes,1109.45,Rs./Quintal,5,122,1101.55,1105.86,1006.1514285714285
Punjab,Vegetables,Tomato,2025-05-03,224.79,Metric Tonnes,730.84,Rs./Quintal,5,123,1109.45,1052.47,1006.6642857142857
Punjab,Vegetables,Tomato,2025-05-04,15.9,Metric Tonnes,1269.81,Rs./Quintal,5,124,730.84,1159.96,960.7171428571429
Punjab,Vegetables,Tomato,2025-05-05,407.2,Metric Tonnes,1021.44,Rs./Quintal,5,125,1269.81,792.05,976.41
Punjab,Vegetables,Tomato,2025-05-06,401.19,Metric Tonnes,956.78,Rs./Quintal,5,126,1021.44,841.52,1009.1800000000001
Punjab,Vegetables,Tomato,2025-05-07,403.48,Metric Tonnes,981.72,Rs./Quintal,5,127,956.78,989.65,1025.6457142857141
Punjab,Vegetables,Tomato,2025-05-08,418.69,Metric Tonnes,922.36,Rs./Quintal,5,128,981.72,1101.55,1024.5128571428572
Punjab,Vegetables,Tomato,2025-05-09,386.22,Metric Tonnes,920.86,Rs./Quintal,5,129,922.36,1109.45,998.9142857142858
Punjab,Vegetables,Tomato,2025-05-10,344.96,Metric Tonnes,960.24,Rs./Quintal,5,130,920.86,730.84,971.972857142857
Punjab,Vegetables,Tomato,2025-05-11,11.78,Metric Tonnes,942.28,Rs./Quintal,5,131,960.24,1269.81,1004.7442857142856
Punjab,Vegetables,Tomato,2025-05-12,456.24,Metric Tonnes,878.62,Rs./Quintal,5,132,942.28,1021.44,957.9542857142858
Punjab,Vegetables,Tomato,2025-05-13,405.18,Metric Tonnes,879.5,Rs./Quintal,5,133,878.62,956.78,937.5514285714286
Punjab,Vegetables,Tomato,2025-05-14,331.59,Metric Tonnes,819.18,Rs./Quintal,5,134,879.5,981.72,926.5114285714286
Punjab,Vegetables,Tomato,2025-05-15,364.41,Metric Tonnes,753.09,Rs./Quintal,5,135,819.18,922.36,903.2914285714287
Punjab,Vegetables,Tomato,2025-05-16,444.11,Metric Tonnes,795.3,Rs./Quintal,5,136,753.09,920.86,879.1099999999999
Punjab,Vegetables,Tomato,2025-05-17,320.01,Metric Tonnes,796.59,Rs./Quintal,5,137,795.3,960.24,861.1728571428572
Punjab,Vegetables,Tomato,2025-05-18,16.16,Metric Tonnes,1035.33,Rs./Quintal,5,138,796.59,942.28,837.7942857142856
Punjab,Vegetables,Tomato,2025-05-19,435.35,Metric Tonnes,811.13,Rs./Quintal,5,139,1035.33,878.62,851.0871428571428
Punjab,Vegetables,Tomato,2025-05-20,471.06,Metric Tonnes,788.0,Rs./Quintal,5,140,811.13,879.5,841.4457142857143
Punjab,Vegetables,Tomato,2025-05-21,453.42,Metric Tonnes,766.73,Rs./Quintal,5,141,788.0,819.18,828.3742857142857
Punjab,Vegetables,Tomato,2025-05-22,499.75,Metric Tonnes,711.63,Rs./Quintal,5,142,766.73,753.09,820.8814285714286
Punjab,Vegetables,Tomato,2025-05-23,423.29,Metric Tonnes,745.39,Rs./Quintal,5,143,711.63,795.3,814.9585714285714
Punjab,Vegetables,Tomato,2025-05-24,313.58,Metric Tonnes,833.87,Rs./Quintal,5,144,745.39,796.59,807.8285714285714
Punjab,Vegetables,Tomato,2025-05-25,32.19,Metric Tonnes,1152.16,Rs./Quintal,5,145,833.87,1035.33,813.1542857142857
Punjab,Vegetables,Tomato,2025-05-26,396.4,Metric Tonnes,816.88,Rs./Quintal,5,146,1152.16,811.13,829.8442857142857
Punjab,Vegetables,Tomato,2025-05-27,283.13,Metric Tonnes,783.75,Rs./Quintal,5,147,816.88,788.0,830.6657142857142
Punjab,Vegetables,Tomato,2025-05-28,413.5,Metric Tonnes,580.45,Rs./Quintal,5,148,783.75,766.73,830.0585714285714
Punjab,Vegetables,Tomato,2025-05-29,429.83,Metric Tonnes,831.67,Rs./Quintal,5,149,580.45,711.63,803.4471428571429
Punjab,Vegetables,Tomato,2025-05-30,338.16,Metric Tonnes,638.89,Rs./Quintal,5,150,831.67,745.39,820.5957142857143
Punjab,Vegetables,Tomato,2025-05-31,331.95,Metric Tonnes,667.29,Rs./Quintal,5,151,638.89,833.87,805.3814285714286
Punjab,Vegetables,Tomato,2025-06-01,17.25,Metric Tonnes,958.26,Rs./Quintal,6,152,667.29,1152.16,781.5842857142858
Punjab,Vegetables,Tomato,2025-06-02,371.86,Metric Tonnes,776.01,Rs./Quintal,6,153,958.26,816.88,753.8842857142857
Punjab,Vegetables,Tomato,2025-06-03,435.39,Metric Tonnes,697.69,Rs./Quintal,6,154,776.01,783.75,748.0457142857142
Punjab,Vegetables,Tomato,2025-06-04,511.37,Metric Tonnes,790.99,Rs./Quintal,6,155,697.69,580.45,735.7514285714286
Punjab,Vegetables,Tomato,2025-06-05,420.25,Metric Tonnes,812.83,Rs./Quintal,6,156,790.99,831.67,765.8285714285714
Punjab,Vegetables,Tomato,2025-06-06,335.52,Metric Tonnes,910.5,Rs./Quintal,6,157,812.83,638.89,763.1371428571429
Punjab,Vegetables,Tomato,2025-06-07,289.61,Metric Tonnes,1062.12,Rs./Quintal,6,158,910.5,667.29,801.9385714285714
Punjab,Vegetables,Tomato,2025-06-08,17.01,Metric Tonnes,1167.37,Rs./Quintal,6,159,1062.12,958.26,858.342857142857
Punjab,Vegetables,Tomato,2025-06-09,292.05,Metric Tonnes,1244.64,Rs./Quintal,6,160,1167.37,776.01,888.2157142857142
Punjab,Vegetables,Tomato,2025-06-10,274.62,Metric Tonnes,1133.52,Rs./Quintal,6,161,1244.64,697.69,955.1628571428572
Punjab,Vegetables,Tomato,2025-06-11,292.43,Metric Tonnes,1180.56,Rs./Quintal,6,162,1133.52,790.99,1017.4242857142856
Punjab,Vegetables,Tomato,2025-06-12,363.98,Metric Tonnes,1448.83,Rs./Quintal,6,163,1180.56,812.83,1073.077142857143
Punjab,Vegetables,Tomato,2025-06-13,257.37,Metric Tonnes,1968.58,Rs./Quintal,6,164,1448.83,910.5,1163.9342857142858
Punjab,Vegetables,Tomato,2025-06-14,162.58,Metric Tonnes,1633.62,Rs./Quintal,6,165,1968.58,1062.12,1315.0885714285712
Punjab,Vegetables,Tomato,2025-06-15,15.16,Metric Tonnes,1784.04,Rs./Quintal,6,166,1633.62,1167.37,1396.7314285714285
Punjab,Vegetables,Tomato,2025-06-16,388.29,Metric Tonnes,1514.98,Rs./Quintal,6,167,1784.04,1244.64,1484.8271428571427
Punjab,Vegetables,Tomato,2025-06-17,295.59,Metric Tonnes,1834.23,Rs./Quintal,6,168,1514.98,1133.52,1523.4471428571428
Punjab,Vegetables,Tomato,2025-06-18,331.16,Metric Tonnes,1723.96,Rs./Quintal,6,169,1834.23,1180.56,1623.5485714285714
Punjab,Vegetables,Tomato,2025-06-19,279.16,Metric Tonnes,1727.64,Rs./Quintal,6,170,1723.96,1448.83,1701.1771428571428
Punjab,Vegetables,Tomato,2025-06-20,311.6,Metric Tonnes,1528.87,Rs./Quintal,6,171,1727.64,1968.58,1741.0071428571428
Punjab,Vegetables,Tomato,2025-06-21,270.3,Metric Tonnes,1315.7,Rs./Quintal,6,172,1528.87,1633.62,1678.1914285714286
Punjab,Vegetables,Tomato,2025-06-22,17.17,Metric Tonnes,1421.67,Rs./Quintal,6,173,1315.7,1784.04,1632.774285714286
Punjab,Vegetables,Tomato,2025-06-23,309.03,Metric Tonnes,1342.16,Rs./Quintal,6,174,1421.67,1514.98,1581.0071428571428
Punjab,Vegetables,Tomato,2025-06-24,211.16,Metric Tonnes,1479.43,Rs./Quintal,6,175,1342.16,1834.23,1556.3185714285717
Punjab,Vegetables,Tomato,2025-06-25,248.61,Metric Tonnes,1541.34,Rs./Quintal,6,176,1479.43,1723.96,1505.6328571428571
Punjab,Vegetables,Tomato,2025-06-26,272.49,Metric Tonnes,1555.45,Rs./Quintal,6,177,1541.34,1727.64,1479.5442857142857
Punjab,Vegetables,Tomato,2025-06-27,329.28,Metric Tonnes,1527.47,Rs./Quintal,6,178,1555.45,1528.87,1454.9457142857143
Punjab,Vegetables,Tomato,2025-06-28,156.07,Metric Tonnes,1639.9,Rs./Quintal,6,179,1527.47,1315.7,1454.7457142857143
Punjab,Vegetables,Tomato,2025-06-29,20.56,Metric Tonnes,1282.44,Rs./Quintal,6,180,1639.9,1421.67,1501.0600000000002
Punjab,Vegetables,Tomato,2025-06-30,235.78,Metric Tonnes,1405.98,Rs./Quintal,6,181,1282.44,1342.16,1481.1699999999998
Punjab,Vegetables,Tomato,2025-07-01,170.27,Metric Tonnes,1802.56,Rs./Quintal,7,182,1405.98,1479.43,1490.287142857143
Punjab,Vegetables,Tomato,2025-07-02,243.11,Metric Tonnes,1883.2,Rs./Quintal,7,183,1802.56,1541.34,1536.4485714285715
Punjab,Vegetables,Tomato,2025-07-03,158.12,Metric Tonnes,1770.28,Rs./Quintal,7,184,1883.2,1555.45,1585.2857142857142
Punjab,Vegetables,Tomato,2025-07-04,273.92,Metric Tonnes,1875.49,Rs./Quintal,7,185,1770.28,1527.47,1615.9757142857143
Punjab,Vegetables,Tomato,2025-07-05,155.93,Metric Tonnes,1943.18,Rs./Quintal,7,186,1875.49,1639.9,1665.6928571428573
Punjab,Vegetables,Tomato,2025-07-06,9.4,Metric Tonnes,1870.21,Rs./Quintal,7,187,1943.18,1282.44,1709.0185714285712
Punjab,Vegetables,Tomato,2025-07-07,202.25,Metric Tonnes,2065.58,Rs./Quintal,7,188,1870.21,1405.98,1792.9857142857145
Punjab,Vegetables,Tomato,2025-07-08,241.89,Metric Tonnes,1990.11,Rs./Quintal,7,189,2065.58,1802.56,1887.2142857142858
Punjab,Vegetables,Tomato,2025-07-09,270.43,Metric Tonnes,2088.37,Rs./Quintal,7,190,1990.11,1883.2,1914.0071428571428
Punjab,Vegetables,Tomato,2025-07-10,244.26,Metric Tonnes,2000.87,Rs./Quintal,7,191,2088.37,1770.28,1943.3171428571425
Punjab,Vegetables,Tomato,2025-07-11,175.55,Metric Tonnes,2224.2,Rs./Quintal,7,192,2000.87,1875.49,1976.2585714285713
Punjab,Vegetables,Tomato,2025-07-12,203.28,Metric Tonnes,2123.35,Rs./Quintal,7,193,2224.2,1943.18,2026.0742857142857
Punjab,Vegetables,Tomato,2025-07-13,11.38,Metric Tonnes,2194.64,Rs./Quintal,7,194,2123.35,1870.21,2051.812857142857
Punjab,Vegetables,Tomato,2025-07-14,275.92,Metric Tonnes,2157.29,Rs./Quintal,7,195,2194.64,2065.58,2098.16
Punjab,Vegetables,Tomato,2025-07-15,217.02,Metric Tonnes,2370.0,Rs./Quintal,7,196,2157.29,1990.11,2111.2614285714285
Punjab,Vegetables,Tomato,2025-07-16,224.82,Metric Tonnes,2138.31,Rs./Quintal,7,197,2370.0,2088.37,2165.5314285714285
Punjab,Vegetables,Tomato,2025-07-17,313.12,Metric Tonnes,2292.37,Rs./Quintal,7,198,2138.31,2000.87,2172.665714285714
Punjab,Vegetables,Tomato,2025-07-18,276.46,Metric Tonnes,2051.95,Rs./Quintal,7,199,2292.37,2224.2,2214.308571428571
Punjab,Vegetables,Tomato,2025-07-19,172.65,Metric Tonnes,2183.65,Rs./Quintal,7,200,2051.95,2123.35,2189.701428571428
Punjab,Vegetables,Tomato,2025-07-20,12.98,Metric Tonnes,2580.43,Rs./Quintal,7,201,2183.65,2194.64,2198.315714285714
Punjab,Vegetables,Tomato,2025-07-21,226.49,Metric Tonnes,2170.33,Rs./Quintal,7,202,2580.43,2157.29,2253.4285714285716
Punjab,Vegetables,Tomato,2025-07-22,216.0,Metric Tonnes,2211.55,Rs./Quintal,7,203,2170.33,2370.0,2255.2914285714282
Punjab,Vegetables,Tomato,2025-07-23,215.25,Metric Tonnes,2496.65,Rs./Quintal,7,204,2211.55,2138.31,2232.655714285714
Punjab,Vegetables,Tomato,2025-07-24,212.59,Metric Tonnes,2577.75,Rs./Quintal,7,205,2496.65,2292.37,2283.847142857143
Punjab,Vegetables,Tomato,2025-07-25,239.73,Metric Tonnes,2401.06,Rs./Quintal,7,206,2577.75,2051.95,2324.615714285714
Punjab,Vegetables,Tomato,2025-07-26,216.48,Metric Tonnes,2497.93,Rs./Quintal,7,207,2401.06,2183.65,2374.4885714285715
Punjab,Vegetables,Tomato,2025-07-27,13.68,Metric Tonnes,1758.04,Rs./Quintal,7,208,2497.93,2580.43,2419.3857142857137
Punjab,Vegetables,Tomato,2025-07-28,271.79,Metric Tonnes,3206.22,Rs./Quintal,7,209,1758.04,2170.33,2301.901428571429
Punjab,Vegetables,Tomato,2025-07-29,261.43,Metric Tonnes,3492.41,Rs./Quintal,7,210,3206.22,2211.55,2449.8857142857146
Punjab,Vegetables,Tomato,2025-07-30,236.76,Metric Tonnes,3655.02,Rs./Quintal,7,211,3492.41,2496.65,2632.865714285714
Punjab,Vegetables,Tomato,2025-07-31,193.14,Metric Tonnes,4050.73,Rs./Quintal,7,212,3655.02,2577.75,2798.347142857143
Punjab,Vegetables,Tomato,2025-08-01,162.69,Metric Tonnes,4112.35,Rs./Quintal,8,213,4050.73,2401.06,3008.772857142857
Punjab,Vegetables,Tomato,2025-08-02,171.62,Metric Tonnes,3227.83,Rs./Quintal,8,214,4112.35,2497.93,3253.242857142857
Punjab,Vegetables,Tomato,2025-08-03,5.84,Metric Tonnes,3470.89,Rs./Quintal,8,215,3227.83,1758.04,3357.5142857142855
Punjab,Vegetables,Tomato,2025-08-04,159.2,Metric Tonnes,3195.9,Rs./Quintal,8,216,3470.89,3206.22,3602.207142857143
Punjab,Vegetables,Tomato,2025-08-05,153.43,Metric Tonnes,3586.4,Rs./Quintal,8,217,3195.9,3492.41,3600.7328571428575
Punjab,Vegetables,Tomato,2025-08-06,204.91,Metric Tonnes,3755.99,Rs./Quintal,8,218,3586.4,3655.02,3614.16
Punjab,Vegetables,Tomato,2025-08-07,130.81,Metric Tonnes,4064.46,Rs./Quintal,8,219,3755.99,4050.73,3628.5842857142857
Punjab,Vegetables,Tomato,2025-08-08,187.0,Metric Tonnes,4407.25,Rs./Quintal,8,220,4064.46,4112.35,3630.5457142857144
Punjab,Vegetables,Tomato,2025-08-09,202.66,Metric Tonnes,3942.71,Rs./Quintal,8,221,4407.25,3227.83,3672.674285714286
Punjab,Vegetables,Tomato,2025-08-10,10.35,Metric Tonnes,4005.7,Rs./Quintal,8,222,3942.71,3470.89,3774.7999999999997
Punjab,Vegetables,Tomato,2025-08-11,240.93,Metric Tonnes,3595.38,Rs./Quintal,8,223,4005.7,3195.9,3851.2014285714286
Punjab,Vegetables,Tomato,2025-08-12,271.83,Metric Tonnes,3539.29,Rs./Quintal,8,224,3595.38,3586.4,3908.27
Punjab,Vegetables,Tomato,2025-08-13,196.29,Metric Tonnes,3660.49,Rs./Quintal,8,225,3539.29,3755.99,3901.54
Punjab,Vegetables,Tomato,2025-08-14,176.5,Metric Tonnes,3805.45,Rs./Quintal,8,226,3660.49,4064.46,3887.8971428571426
Punjab,Vegetables,Tomato,2025-08-15,143.89,Metric Tonnes,3887.61,Rs./Quintal,8,227,3805.45,4407.25,3850.8957142857143
Punjab,Vegetables,Tomato,2025-08-16,151.89,Metric Tonnes,3564.24,Rs./Quintal,8,228,3887.61,3942.71,3776.6614285714286
Punjab,Vegetables,Tomato,2025-08-17,28.57,Metric Tonnes,3025.24,Rs./Quintal,8,229,3564.24,4005.7,3722.594285714286
Punjab,Vegetables,Tomato,2025-08-18,316.96,Metric Tonnes,4147.85,Rs./Quintal,8,230,3025.24,3595.38,3582.5285714285715
Punjab,Vegetables,Tomato,2025-08-19,218.66,Metric Tonnes,4162.67,Rs./Quintal,8,231,4147.85,3539.29,3661.452857142857
Punjab,Vegetables,Tomato,2025-08-20,260.74,Metric Tonnes,4069.51,Rs./Quintal,8,232,4162.67,3660.49,3750.5071428571423
Punjab,Vegetables,Tomato,2025-08-21,191.54,Metric Tonnes,3739.73,Rs./Quintal,8,233,4069.51,3805.45,3808.9385714285713
Punjab,Vegetables,Tomato,2025-08-22,176.27,Metric Tonnes,3405.46,Rs./Quintal,8,234,3739.73,3887.61,3799.5499999999997
Punjab,Vegetables,Tomato,2025-08-23,171.5,Metric Tonnes,3258.38,Rs./Quintal,8,235,3405.46,3564.24,3730.6714285714284
Punjab,Vegetables,Tomato,2025-08-24,8.48,Metric Tonnes,3865.68,Rs./Quintal,8,236,3258.38,3025.24,3686.977142857143
Punjab,Vegetables,Tomato,2025-08-25,187.31,Metric Tonnes,3247.89,Rs./Quintal,8,237,3865.68,4147.85,3807.04
Punjab,Vegetables,Tomato,2025-08-26,167.57,Metric Tonnes,3381.72,Rs./Quintal,8,238,3247.89,4162.67,3678.4742857142855
Punjab,Vegetables,Tomato,2025-08-27,258.22,Metric Tonnes,3245.98,Rs./Quintal,8,239,3381.72,4069.51,3566.9100000000003
Punjab,Vegetables,Tomato,2025-08-28,369.37,Metric Tonnes,2589.29,Rs./Quintal,8,240,3245.98,3739.73,3449.2628571428572
Punjab,Vegetables,Tomato,2025-08-29,360.89,Metric Tonnes,2589.82,Rs./Quintal,8,241,2589.29,3405.46,3284.914285714286
Punjab,Vegetables,Tomato,2025-08-30,265.06,Metric Tonnes,2730.18,Rs./Quintal,8,242,2589.82,3258.38,3168.394285714286
Punjab,Vegetables,Tomato,2025-08-31,6.44,Metric Tonnes,3232.45,Rs./Quintal,8,243,2730.18,3865.68,3092.937142857143
Punjab,Vegetables,Tomato,2025-09-01,198.67,Metric Tonnes,3069.36,Rs./Quintal,9,244,3232.45,3247.89,3002.475714285714
Punjab,Vegetables,Tomato,2025-09-02,310.11,Metric Tonnes,2963.48,Rs./Quintal,9,245,3069.36,3381.72,2976.9714285714285
Punjab,Vegetables,Tomato,2025-09-03,247.45,Metric Tonnes,2847.69,Rs./Quintal,9,246,2963.48,3245.98,2917.222857142857
Punjab,Vegetables,Tomato,2025-09-04,330.2,Metric Tonnes,2761.11,Rs./Quintal,9,247,2847.69,2589.29,2860.324285714286
Punjab,Vegetables,Tomato,2025-09-05,336.59,Metric Tonnes,2677.73,Rs./Quintal,9,248,2761.11,2589.82,2884.87
Punjab,Vegetables,Tomato,2025-09-06,245.07,Metric Tonnes,2560.96,Rs./Quintal,9,249,2677.73,2730.18,2897.4285714285716
Punjab,Vegetables,Tomato,2025-09-07,11.3,Metric Tonnes,3120.35,Rs./Quintal,9,250,2560.96,3232.45,2873.2542857142857
Punjab,Vegetables,Tomato,2025-09-08,361.14,Metric Tonnes,2409.41,Rs./Quintal,9,251,3120.35,3069.36,2857.2400000000002
Punjab,Vegetables,Tomato,2025-09-09,387.47,Metric Tonnes,2159.72,Rs./Quintal,9,252,2409.41,2963.48,2762.9614285714283
Punjab,Vegetables,Tomato,2025-09-10,305.37,Metric Tonnes,2045.6,Rs./Quintal,9,253,2159.72,2847.69,2648.1385714285716
Punjab,Vegetables,Tomato,2025-09-11,334.33,Metric Tonnes,1922.51,Rs./Quintal,9,254,2045.6,2761.11,2533.554285714286
Punjab,Vegetables,Tomato,2025-09-12,368.32,Metric Tonnes,1785.15,Rs./Quintal,9,255,1922.51,2677.73,2413.7542857142857
Punjab,Vegetables,Tomato,2025-09-13,353.29,Metric Tonnes,1592.05,Rs./Quintal,9,256,1785.15,2560.96,2286.2428571428572
Punjab,Vegetables,Tomato,2025-09-14,35.21,Metric Tonnes,1604.69,Rs./Quintal,9,257,1592.05,3120.35,2147.827142857143
Punjab,Vegetables,Tomato,2025-09-15,300.8,Metric Tonnes,1691.08,Rs./Quintal,9,258,1604.69,2409.41,1931.3042857142857
Punjab,Vegetables,Tomato,2025-09-16,285.25,Metric Tonnes,1924.23,Rs./Quintal,9,259,1691.08,2159.72,1828.685714285714
Punjab,Vegetables,Tomato,2025-09-17,363.11,Metric Tonnes,1777.73,Rs./Quintal,9,260,1924.23,2045.6,1795.0442857142857
Punjab,Vegetables,Tomato,2025-09-18,381.31,Metric Tonnes,1804.1,Rs./Quintal,9,261,1777.73,1922.51,1756.7771428571427
Punjab,Vegetables,Tomato,2025-09-19,357.94,Metric Tonnes,1630.37,Rs./Quintal,9,262,1804.1,1785.15,1739.8614285714284
Punjab,Vegetables,Tomato,2025-09-20,159.45,Metric Tonnes,2041.88,Rs./Quintal,9,263,1630.37,1592.05,1717.75
Punjab,Vegetables,Tomato,2025-09-21,59.7,Metric Tonnes,2601.84,Rs./Quintal,9,264,2041.88,1604.69,1782.0114285714285
Punjab,Vegetables,Tomato,2025-09-22,409.96,Metric Tonnes,1729.59,Rs./Quintal,9,265,2601.84,1691.08,1924.4614285714285
Punjab,Vegetables,Tomato,2025-09-23,396.46,Metric Tonnes,1907.37,Rs./Quintal,9,266,1729.59,1924.23,1929.962857142857
Punjab,Vegetables,Tomato,2025-09-24,408.47,Metric Tonnes,1964.74,Rs./Quintal,9,267,1907.37,1777.73,1927.554285714286
Punjab,Vegetables,Tomato,2025-09-25,401.74,Metric Tonnes,1956.66,Rs./Quintal,9,268,1964.74,1804.1,1954.2700000000002
Punjab,Vegetables,Tomato,2025-09-26,297.03,Metric Tonnes,1928.56,Rs./Quintal,9,269,1956.66,1630.37,1976.064285714286
Punjab,Vegetables,Tomato,2025-09-27,225.07,Metric Tonnes,1983.87,Rs./Quintal,9,270,1928.56,2041.88,2018.662857142857
Punjab,Vegetables,Tomato,2025-09-28,48.9,Metric Tonnes,2495.3,Rs./Quintal,9,271,1983.87,2601.84,2010.3757142857144
Punjab,Vegetables,Tomato,2025-09-29,360.93,Metric Tonnes,1908.67,Rs./Quintal,9,272,2495.3,1729.59,1995.1557142857143
Punjab,Vegetables,Tomato,2025-09-30,360.2,Metric Tonnes,1948.19,Rs./Quintal,9,273,1908.67,1907.37,2020.7385714285715
Punjab,Vegetables,Tomato,2025-10-01,339.51,Metric Tonnes,1888.47,Rs./Quintal,10,274,1948.19,1964.74,2026.57
Punjab,Vegetables,Tomato,2025-10-02,365.46,Metric Tonnes,1852.25,Rs./Quintal,10,275,1888.47,1956.66,2015.6742857142856
Punjab,Vegetables,Tomato,2025-10-03,722.48,Metric Tonnes,2003.1,Rs./Quintal,10,276,1852.25,1928.56,2000.7585714285713
Punjab,Vegetables,Tomato,2025-10-04,717.26,Metric Tonnes,2042.98,Rs./Quintal,10,277,2003.1,1983.87,2011.4071428571428
Punjab,Vegetables,Tomato,2025-10-05,13.1,Metric Tonnes,2556.49,Rs./Quintal,10,278,2042.98,2495.3,2019.8514285714284
Punjab,Vegetables,Tomato,2025-10-06,382.45,Metric Tonnes,2668.65,Rs./Quintal,10,279,2556.49,1908.67,2028.5928571428572
Punjab,Vegetables,Tomato,2025-10-07,227.11,Metric Tonnes,1947.91,Rs./Quintal,10,280,2668.65,1948.19,2137.1614285714286
Punjab,Vegetables,Tomato,2025-10-08,426.11,Metric Tonnes,2618.89,Rs./Quintal,10,281,1947.91,1888.47,2137.121428571428
Punjab,Vegetables,Tomato,2025-10-09,311.72,Metric Tonnes,1942.09,Rs./Quintal,10,282,2618.89,1852.25,2241.467142857143
Punjab,Vegetables,Tomato,2025-10-10,304.11,Metric Tonnes,1925.98,Rs./Quintal,10,283,1942.09,2003.1,2254.3014285714285
Punjab,Vegetables,Tomato,2025-10-11,867.12,Metric Tonnes,1588.36,Rs./Quintal,10,284,1925.98,2042.98,2243.2842857142855
Punjab,Vegetables,Tomato,2025-10-12,15.29,Metric Tonnes,2563.9,Rs./Quintal,10,285,1588.36,2556.49,2178.3385714285714
Punjab,Vegetables,Tomato,2025-10-13,440.48,Metric Tonnes,1679.89,Rs./Quintal,10,286,2563.9,2668.65,2179.3971428571426
Punjab,Vegetables,Tomato,2025-10-14,368.75,Metric Tonnes,1867.17,Rs./Quintal,10,287,1679.89,1947.91,2038.1457142857143
Punjab,Vegetables,Tomato,2025-10-15,317.41,Metric Tonnes,1855.61,Rs./Quintal,10,288,1867.17,2618.89,2026.6114285714286
Punjab,Vegetables,Tomato,2025-10-16,386.57,Metric Tonnes,2231.94,Rs./Quintal,10,289,1855.61,1942.09,1917.5714285714287
Punjab,Vegetables,Tomato,2025-10-17,374.6,Metric Tonnes,2228.31,Rs./Quintal,10,290,2231.94,1925.98,1958.9785714285715
Punjab,Vegetables,Tomato,2025-10-18,202.76,Metric Tonnes,2787.47,Rs./Quintal,10,291,2228.31,1588.36,2002.1685714285716
Punjab,Vegetables,Tomato,2025-10-19,17.7,Metric Tonnes,2456.67,Rs./Quintal,10,292,2787.47,2563.9,2173.4700000000003
Punjab,Vegetables,Tomato,2025-10-20,313.76,Metric Tonnes,1735.64,Rs./Quintal,10,293,2456.67,1679.89,2158.1514285714284
Punjab,Vegetables,Tomato,2025-10-21,231.67,Metric Tonnes,2007.67,Rs./Quintal,10,294,1735.64,1867.17,2166.115714285714
Punjab,Vegetables,Tomato,2025-10-22,310.8,Metric Tonnes,2697.98,Rs./Quintal,10,295,2007.67,1855.61,2186.1871428571426
Punjab,Vegetables,Tomato,2025-10-23,363.5,Metric Tonnes,2355.89,Rs./Quintal,10,296,2697.98,2231.94,2306.5257142857145
Punjab,Vegetables,Tomato,2025-10-24,353.6,Metric Tonnes,2310.29,Rs./Quintal,10,297,2355.89,2228.31,2324.2328571428575
Punjab,Vegetables,Tomato,2025-10-25,284.34,Metric Tonnes,1928.07,Rs./Quintal,10,298,2310.29,2787.47,2335.9442857142853
Punjab,Vegetables,Tomato,2025-10-26,11.01,Metric Tonnes,2271.21,Rs./Quintal,10,299,1928.07,2456.67,2213.172857142857
Punjab,Vegetables,Tomato,2025-10-27,371.41,Metric Tonnes,2101.94,Rs./Quintal,10,300,2271.21,1735.64,2186.6785714285716
Punjab,Vegetables,Tomato,2025-10-28,320.68,Metric Tonnes,1829.47,Rs./Quintal,10,301,2101.94,2007.67,2239.007142857143
Punjab,Vegetables,Tomato,2025-10-29,254.79,Metric Tonnes,1809.41,Rs./Quintal,10,302,1829.47,2697.98,2213.55
Punjab,Vegetables,Tomato,2025-10-30,276.51,Metric Tonnes,1805.3,Rs./Quintal,10,303,1809.41,2355.89,2086.6114285714284
Punjab,Vegetables,Tomato,2025-10-31,338.7,Metric Tonnes,1984.65,Rs./Quintal,10,304,1805.3,2310.29,2007.9557142857143
Punjab,Vegetables,Tomato,2025-11-01,280.51,Metric Tonnes,1843.76,Rs./Quintal,11,305,1984.65,1928.07,1961.4357142857145
Punjab,Vegetables,Tomato,2025-11-02,7.8,Metric Tonnes,2351.28,Rs./Quintal,11,306,1843.76,2271.21,1949.3914285714288
Punjab,Vegetables,Tomato,2025-11-03,266.05,Metric Tonnes,1856.29,Rs./Quintal,11,307,2351.28,2101.94,1960.8300000000002
Punjab,Vegetables,Tomato,2025-11-04,90.79,Metric Tonnes,2042.38,Rs./Quintal,11,308,1856.29,1829.47,1925.7371428571428
Punjab,Vegetables,Tomato,2025-11-05,82.31,Metric Tonnes,2119.68,Rs./Quintal,11,309,2042.38,1809.41,1956.152857142857
Punjab,Vegetables,Tomato,2025-11-06,144.39,Metric Tonnes,1740.41,Rs./Quintal,11,310,2119.68,1805.3,2000.4771428571428
Punjab,Vegetables,Tomato,2025-11-07,54.41,Metric Tonnes,1953.59,Rs./Quintal,11,311,1740.41,1984.65,1991.2071428571428
Punjab,Vegetables,Tomato,2025-11-08,40.86,Metric Tonnes,1886.81,Rs./Quintal,11,312,1953.59,1843.76,1986.77
Punjab,Vegetables,Tomato,2025-11-09,13.56,Metric Tonnes,2245.94,Rs./Quintal,11,313,1886.81,2351.28,1992.9199999999998
Punjab,Vegetables,Tomato,2025-11-10,200.6,Metric Tonnes,1950.31,Rs./Quintal,11,314,2245.94,1856.29,1977.8714285714286
Punjab,Vegetables,Tomato,2025-11-11,166.21,Metric Tonnes,1780.18,Rs./Quintal,11,315,1950.31,2042.38,1991.302857142857
Punjab,Vegetables,Tomato,2025-11-12,150.11,Metric Tonnes,2085.1,Rs./Quintal,11,316,1780.18,2119.68,1953.845714285714
Punjab,Vegetables,Tomato,2025-11-13,138.26,Metric Tonnes,2341.68,Rs./Quintal,11,317,2085.1,1740.41,1948.9057142857143
Punjab,Vegetables,Tomato,2025-11-14,225.47,Metric Tonnes,1741.15,Rs./Quintal,11,318,2341.68,1953.59,2034.8014285714287
Punjab,Vegetables,Tomato,2025-11-15,66.57,Metric Tonnes,2597.92,Rs./Quintal,11,319,1741.15,1886.81,2004.452857142857
Punjab,Vegetables,Tomato,2025-11-16,10.48,Metric Tonnes,3064.12,Rs./Quintal,11,320,2597.92,2245.94,2106.04
Punjab,Vegetables,Tomato,2025-11-17,254.68,Metric Tonnes,2187.92,Rs./Quintal,11,321,3064.12,1950.31,2222.922857142857
Punjab,Vegetables,Tomato,2025-11-18,146.55,Metric Tonnes,2851.85,Rs./Quintal,11,322,2187.92,1780.18,2256.867142857143
Punjab,Vegetables,Tomato,2025-11-19,159.3,Metric Tonnes,2707.68,Rs./Quintal,11,323,2851.85,2085.1,2409.9628571428575
Punjab,Vegetables,Tomato,2025-11-20,161.73,Metric Tonnes,3110.72,Rs./Quintal,11,324,2707.68,2341.68,2498.902857142857
Punjab,Vegetables,Tomato,2025-11-21,258.75,Metric Tonnes,2859.58,Rs./Quintal,11,325,3110.72,1741.15,2608.7657142857142
Punjab,Vegetables,Tomato,2025-11-22,81.65,Metric Tonnes,3349.08,Rs./Quintal,11,326,2859.58,2597.92,2768.5414285714282
Punjab,Vegetables,Tomato,2025-11-23,15.6,Metric Tonnes,2438.14,Rs./Quintal,11,327,3349.08,3064.12,2875.85
Punjab,Vegetables,Tomato,2025-11-24,224.31,Metric Tonnes,3293.17,Rs./Quintal,11,328,2438.14,2187.92,2786.424285714286
Punjab,Vegetables,Tomato,2025-11-25,154.31,Metric Tonnes,3082.61,Rs./Quintal,11,329,3293.17,2851.85,2944.3171428571427
Punjab,Vegetables,Tomato,2025-11-26,289.55,Metric Tonnes,2799.87,Rs./Quintal,11,330,3082.61,2707.68,2977.282857142857
Punjab,Vegetables,Tomato,2025-11-27,300.9,Metric Tonnes,2981.54,Rs./Quintal,11,331,2799.87,3110.72,2990.452857142857
Punjab,Vegetables,Tomato,2025-11-28,264.58,Metric Tonnes,2725.19,Rs./Quintal,11,332,2981.54,2859.58,2971.9985714285713
Punjab,Vegetables,Tomato,2025-11-29,70.61,Metric Tonnes,2798.38,Rs./Quintal,11,333,2725.19,3349.08,2952.7999999999997
Punjab,Vegetables,Tomato,2025-11-30,12.19,Metric Tonnes,3515.59,Rs./Quintal,11,334,2798.38,2438.14,2874.128571428571
Punjab,Vegetables,Tomato,2025-12-01,262.9,Metric Tonnes,2889.39,Rs./Quintal,12,335,3515.59,3293.17,3028.0499999999997
Punjab,Vegetables,Tomato,2025-12-02,373.07,Metric Tonnes,2561.29,Rs./Quintal,12,336,2889.39,3082.61,2970.367142857143
Punjab,Vegetables,Tomato,2025-12-03,252.64,Metric Tonnes,2541.42,Rs./Quintal,12,337,2561.29,2799.87,2895.8928571428573
Punjab,Vegetables,Tomato,2025-12-04,349.95,Metric Tonnes,2610.21,Rs./Quintal,12,338,2541.42,2981.54,2858.971428571429
Punjab,Vegetables,Tomato,2025-12-05,2420.35,Metric Tonnes,2254.92,Rs./Quintal,12,339,2610.21,2725.19,2805.924285714286
Punjab,Vegetables,Tomato,2025-12-06,83.27,Metric Tonnes,2759.46,Rs./Quintal,12,340,2254.92,2798.38,2738.742857142857
Punjab,Vegetables,Tomato,2025-12-07,85.39,Metric Tonnes,2231.97,Rs./Quintal,12,341,2759.46,3515.59,2733.1828571428573
Punjab,Vegetables,Tomato,2025-12-08,343.06,Metric Tonnes,2237.79,Rs./Quintal,12,342,2231.97,2889.39,2549.808571428571
Punjab,Vegetables,Tomato,2025-12-09,318.04,Metric Tonnes,2638.91,Rs./Quintal,12,343,2237.79,2561.29,2456.722857142857
Punjab,Vegetables,Tomato,2025-12-10,291.32,Metric Tonnes,2635.15,Rs./Quintal,12,344,2638.91,2541.42,2467.8114285714287
Punjab,Vegetables,Tomato,2025-12-11,159.09,Metric Tonnes,3028.57,Rs./Quintal,12,345,2635.15,2610.21,2481.2014285714286
Punjab,Vegetables,Tomato,2025-12-12,244.28,Metric Tonnes,2720.46,Rs./Quintal,12,346,3028.57,2254.92,2540.967142857143
Punjab,Vegetables,Tomato,2025-12-13,87.03,Metric Tonnes,2681.46,Rs./Quintal,12,347,2720.46,2759.46,2607.472857142857
Punjab,Vegetables,Tomato,2025-12-14,82.34,Metric Tonnes,1829.91,Rs./Quintal,12,348,2681.46,2231.97,2596.3300000000004
Punjab,Vegetables,Tomato,2025-12-15,261.28,Metric Tonnes,2509.93,Rs./Quintal,12,349,1829.91,2237.79,2538.8928571428573
Punjab,Vegetables,Tomato,2025-12-16,307.93,Metric Tonnes,3155.08,Rs./Quintal,12,350,2509.93,2638.91,2577.77
Punjab,Vegetables,Tomato,2025-12-17,268.03,Metric Tonnes,3126.71,Rs./Quintal,12,351,3155.08,2635.15,2651.5085714285715
Punjab,Vegetables,Tomato,2025-12-18,271.3,Metric Tonnes,3227.06,Rs./Quintal,12,352,3126.71,3028.57,2721.7314285714288
Punjab,Vegetables,Tomato,2025-12-19,196.69,Metric Tonnes,3324.71,Rs./Quintal,12,353,3227.06,2720.46,2750.087142857143
Punjab,Vegetables,Tomato,2025-12-20,163.0,Metric Tonnes,2950.7,Rs./Quintal,12,354,3324.71,2681.46,2836.4085714285716
Punjab,Vegetables,Tomato,2025-12-21,10.6,Metric Tonnes,2833.49,Rs./Quintal,12,355,2950.7,1829.91,2874.871428571428
Punjab,Vegetables,Tomato,2025-12-22,324.08,Metric Tonnes,3284.41,Rs./Quintal,12,356,2833.49,2509.93,3018.2400000000002
Punjab,Vegetables,Tomato,2025-12-23,279.73,Metric Tonnes,3329.4,Rs./Quintal,12,357,3284.41,3155.08,3128.88
Punjab,Vegetables,Tomato,2025-12-24,304.86,Metric Tonnes,2872.32,Rs./Quintal,12,358,3329.4,3126.71,3153.782857142857
Punjab,Vegetables,Tomato,2025-12-25,2225.17,Metric Tonnes,2568.14,Rs./Quintal,12,359,2872.32,3227.06,3117.441428571428
Punjab,Vegetables,Tomato,2025-12-26,242.47,Metric Tonnes,3168.23,Rs./Quintal,12,360,2568.14,3324.71,3023.31
Punjab,Vegetables,Tomato,2025-12-27,185.66,Metric Tonnes,3048.55,Rs./Quintal,12,361,3168.23,2950.7,3000.9557142857147
Punjab,Vegetables,Tomato,2025-12-28,11.2,Metric Tonnes,2746.43,Rs./Quintal,12,362,3048.55,2833.49,3014.934285714286
Punjab,Vegetables,Tomato,2025-12-29,295.89,Metric Tonnes,3181.05,Rs./Quintal,12,363,2746.43,3284.41,3002.497142857143
Punjab,Vegetables,Tomato,2025-12-30,265.35,Metric Tonnes,3017.73,Rs./Quintal,12,364,3181.05,3329.4,2987.7314285714283
Punjab,Vegetables,Tomato,2025-12-31,260.28,Metric Tonnes,3184.46,Rs./Quintal,12,365,3017.73,2872.32,2943.207142857143
Punjab,Vegetables,Tomato,2026-01-01,224.52,Metric Tonnes,3165.43,Rs./Quintal,1,1,3184.46,2568.14,2987.7985714285714
Punjab,Vegetables,Tomato,2026-01-02,270.15,Metric Tonnes,3147.56,Rs./Quintal,1,2,3165.43,3168.23,3073.125714285714
Punjab,Vegetables,Tomato,2026-01-03,159.09,Metric Tonnes,3185.59,Rs./Quintal,1,3,3147.56,3048.55,3070.172857142857
Punjab,Vegetables,Tomato,2026-01-04,12.21,Metric Tonnes,3119.59,Rs./Quintal,1,4,3185.59,2746.43,3089.75
Punjab,Vegetables,Tomato,2026-01-05,326.72,Metric Tonnes,3059.73,Rs./Quintal,1,5,3119.59,3181.05,3143.058571428571
Punjab,Vegetables,Tomato,2026-01-06,287.62,Metric Tonnes,3147.73,Rs./Quintal,1,6,3059.73,3017.73,3125.727142857143
Punjab,Vegetables,Tomato,2026-01-07,204.81,Metric Tonnes,3167.37,Rs./Quintal,1,7,3147.73,3184.46,3144.2985714285714
Punjab,Vegetables,Tomato,2026-01-08,250.61,Metric Tonnes,3159.27,Rs./Quintal,1,8,3167.37,3165.43,3141.8571428571427
Punjab,Vegetables,Tomato,2026-01-09,253.39,Metric Tonnes,3132.59,Rs./Quintal,1,9,3159.27,3147.56,3140.977142857143
Punjab,Vegetables,Tomato,2026-01-10,220.54,Metric Tonnes,3059.5,Rs./Quintal,1,10,3132.59,3185.59,3138.8385714285714
Punjab,Vegetables,Tomato,2026-01-11,8.88,Metric Tonnes,3147.95,Rs./Quintal,1,11,3059.5,3119.59,3120.825714285714
Punjab,Vegetables,Tomato,2026-01-12,379.14,Metric Tonnes,2836.87,Rs./Quintal,1,12,3147.95,3059.73,3124.8771428571426
Punjab,Vegetables,Tomato,2026-01-13,366.77,Metric Tonnes,2674.14,Rs./Quintal,1,13,2836.87,3147.73,3093.04
Punjab,Vegetables,Tomato,2026-01-14,330.01,Metric Tonnes,2873.87,Rs./Quintal,1,14,2674.14,3167.37,3025.3842857142854
Punjab,Vegetables,Tomato,2026-01-15,363.09,Metric Tonnes,2611.67,Rs./Quintal,1,15,2873.87,3159.27,2983.4557142857147
Punjab,Vegetables,Tomato,2026-01-16,289.24,Metric Tonnes,2640.74,Rs./Quintal,1,16,2611.67,3132.59,2905.227142857143
Punjab,Vegetables,Tomato,2026-01-17,210.2,Metric Tonnes,2462.43,Rs./Quintal,1,17,2640.74,3059.5,2834.9628571428575
Punjab,Vegetables,Tomato,2026-01-18,17.3,Metric Tonnes,3018.32,Rs./Quintal,1,18,2462.43,3147.95,2749.6671428571426
Punjab,Vegetables,Tomato,2026-01-19,354.38,Metric Tonnes,2532.04,Rs./Quintal,1,19,3018.32,2836.87,2731.1485714285714
Punjab,Vegetables,Tomato,2026-01-20,347.33,Metric Tonnes,2633.56,Rs./Quintal,1,20,2532.04,2674.14,2687.6014285714286
Punjab,Vegetables,Tomato,2026-01-21,286.43,Metric Tonnes,2589.24,Rs./Quintal,1,21,2633.56,2873.87,2681.8042857142855
Punjab,Vegetables,Tomato,2026-01-22,293.58,Metric Tonnes,2645.42,Rs./Quintal,1,22,2589.24,2611.67,2641.1428571428573
Punjab,Vegetables,Tomato,2026-01-23,245.08,Metric Tonnes,2588.74,Rs./Quintal,1,23,2645.42,2640.74,2645.964285714286
Punjab,Vegetables,Tomato,2026-01-24,180.3,Metric Tonnes,2589.98,Rs./Quintal,1,24,2588.74,2462.43,2638.535714285714
Punjab,Vegetables,Tomato,2026-01-25,8.54,Metric Tonnes,2402.11,Rs./Quintal,1,25,2589.98,3018.32,2656.7571428571428
Punjab,Vegetables,Tomato,2026-01-26,300.29,Metric Tonnes,2266.42,Rs./Quintal,1,26,2402.11,2532.04,2568.727142857143
Punjab,Vegetables,Tomato,2026-01-27,273.41,Metric Tonnes,2479.67,Rs./Quintal,1,27,2266.42,2633.56,2530.781428571429
Punjab,Vegetables,Tomato,2026-01-28,265.54,Metric Tonnes,2136.09,Rs./Quintal,1,28,2479.67,2589.24,2508.797142857143
Punjab,Vegetables,Tomato,2026-01-29,263.1,Metric Tonnes,2136.93,Rs./Quintal,1,29,2136.09,2645.42,2444.0614285714287
Punjab,Vegetables,Tomato,2026-01-30,331.16,Metric Tonnes,2386.41,Rs./Quintal,1,30,2136.93,2588.74,2371.4199999999996
Punjab,Vegetables,Tomato,2026-01-31,228.42,Metric Tonnes,2319.89,Rs./Quintal,1,31,2386.41,2589.98,2342.5157142857142
Punjab,Vegetables,Tomato,2026-02-01,10.2,Metric Tonnes,2538.76,Rs./Quintal,2,32,2319.89,2402.11,2303.9314285714286
Punjab,Vegetables,Tomato,2026-02-02,365.06,Metric Tonnes,1729.95,Rs./Quintal,2,33,2538.76,2266.42,2323.4528571428573
Punjab,Vegetables,Tomato,2026-02-03,375.82,Metric Tonnes,2015.84,Rs./Quintal,2,34,1729.95,2479.67,2246.8142857142857
Punjab,Vegetables,Tomato,2026-02-04,430.07,Metric Tonnes,1856.46,Rs./Quintal,2,35,2015.84,2136.09,2180.552857142857
Punjab,Vegetables,Tomato,2026-02-05,279.52,Metric Tonnes,1718.7,Rs./Quintal,2,36,1856.46,2136.93,2140.6057142857144
Punjab,Vegetables,Tomato,2026-02-06,288.21,Metric Tonnes,1646.35,Rs./Quintal,2,37,1718.7,2386.41,2080.8585714285714
Punjab,Vegetables,Tomato,2026-02-07,224.36,Metric Tonnes,1775.49,Rs./Quintal,2,38,1646.35,2319.89,1975.1357142857141
Punjab,Vegetables,Tomato,2026-02-08,33.14,Metric Tonnes,1843.37,Rs./Quintal,2,39,1775.49,2538.76,1897.3642857142856
Punjab,Vegetables,Tomato,2026-02-09,336.06,Metric Tonnes,1659.9,Rs./Quintal,2,40,1843.37,1729.95,1798.0228571428572
Punjab,Vegetables,Tomato,2026-02-10,444.53,Metric Tonnes,1562.29,Rs./Quintal,2,41,1659.9,2015.84,1788.015714285714
Punjab,Vegetables,Tomato,2026-02-11,453.23,Metric Tonnes,1606.32,Rs./Quintal,2,42,1562.29,1856.46,1723.2228571428573
Punjab,Vegetables,Tomato,2026-02-12,284.79,Metric Tonnes,1516.61,Rs./Quintal,2,43,1606.32,1718.7,1687.4885714285715
Punjab,Vegetables,Tomato,2026-02-13,374.31,Metric Tonnes,1711.5,Rs./Quintal,2,44,1516.61,1646.35,1658.6185714285712
Punjab,Vegetables,Tomato,2026-02-14,220.84,Metric Tonnes,1515.79,Rs./Quintal,2,45,1711.5,1775.49,1667.9257142857143
Punjab,Vegetables,Tomato,2026-02-15,16.17,Metric Tonnes,1985.34,Rs./Quintal,2,46,1515.79,1843.37,1630.8257142857142
Punjab,Vegetables,Tomato,2026-02-16,435.5,Metric Tonnes,1754.35,Rs./Quintal,2,47,1985.34,1659.9,1651.107142857143
Punjab,Vegetables,Tomato,2026-02-17,409.32,Metric Tonnes,1719.62,Rs./Quintal,2,48,1754.35,1562.29,1664.6000000000001
Punjab,Vegetables,Tomato,2026-02-18,437.46,Metric Tonnes,1506.64,Rs./Quintal,2,49,1719.62,1606.32,1687.0757142857142
Punjab,Vegetables,Tomato,2026-02-19,361.18,Metric Tonnes,1526.67,Rs./Quintal,2,50,1506.64,1516.61,1672.8357142857142
Punjab,Vegetables,Tomato,2026-02-20,370.68,Metric Tonnes,1587.54,Rs./Quintal,2,51,1526.67,1711.5,1674.2728571428572
Punjab,Vegetables,Tomato,2026-02-21,266.92,Metric Tonnes,1626.75,Rs./Quintal,2,52,1587.54,1515.79,1656.5642857142855
Punjab,Vegetables,Tomato,2026-02-22,12.87,Metric Tonnes,1994.87,Rs./Quintal,2,53,1626.75,1985.34,1672.4157142857143
Punjab,Vegetables,Tomato,2026-02-23,944.3,Metric Tonnes,2295.09,Rs./Quintal,2,54,1994.87,1754.35,1673.7771428571427
Punjab,Vegetables,Tomato,2026-02-24,467.15,Metric Tonnes,1421.29,Rs./Quintal,2,55,2295.09,1719.62,1751.0257142857142
Punjab,Vegetables,Tomato,2026-02-25,391.12,Metric Tonnes,1623.57,Rs./Quintal,2,56,1421.29,1506.64,1708.4071428571428
Punjab,Vegetables,Tomato,2026-02-26,389.61,Metric Tonnes,1582.57,Rs./Quintal,2,57,1623.57,1526.67,1725.1114285714284
Punjab,Vegetables,Tomato,2026-02-27,329.41,Metric Tonnes,1597.82,Rs./Quintal,2,58,1582.57,1587.54,1733.097142857143
Punjab,Vegetables,Tomato,2026-02-28,257.92,Metric Tonnes,1605.32,Rs./Quintal,2,59,1597.82,1626.75,1734.5657142857142
Punjab,Vegetables,Tomato,2026-03-01,18.78,Metric Tonnes,2252.88,Rs./Quintal,3,60,1605.32,1994.87,1731.5042857142855
Punjab,Vegetables,Tomato,2026-03-02,386.37,Metric Tonnes,1594.18,Rs./Quintal,3,61,2252.88,2295.09,1768.3628571428574
Punjab,Vegetables,Tomato,2026-03-03,304.46,Metric Tonnes,1439.25,Rs./Quintal,3,62,1594.18,1421.29,1668.2328571428573
Punjab,Vegetables,Tomato,2026-03-04,411.76,Metric Tonnes,1566.27,Rs./Quintal,3,63,1439.25,1623.57,1670.7985714285714
Punjab,Vegetables,Tomato,2026-03-05,776.96,Metric Tonnes,1120.28,Rs./Quintal,3,64,1566.27,1582.57,1662.6128571428574
Punjab,Vegetables,Tomato,2026-03-06,395.79,Metric Tonnes,1626.0,Rs./Quintal,3,65,1120.28,1597.82,1596.5714285714287
Punjab,Vegetables,Tomato,2026-03-07,259.49,Metric Tonnes,1713.6,Rs./Quintal,3,66,1626.0,1605.32,1600.597142857143
Punjab,Vegetables,Tomato,2026-03-08,13.72,Metric Tonnes,2148.72,Rs./Quintal,3,67,1713.6,2252.88,1616.0657142857144
Punjab,Vegetables,Tomato,2026-03-09,408.85,Metric Tonnes,1659.67,Rs./Quintal,3,68,2148.72,1594.18,1601.185714285714
Punjab,Vegetables,Tomato,2026-03-10,402.16,Metric Tonnes,1679.38,Rs./Quintal,3,69,1659.67,1439.25,1610.5414285714285
Punjab,Vegetables,Tomato,2026-03-11,335.69,Metric Tonnes,1719.19,Rs./Quintal,3,70,1679.38,1566.27,1644.8457142857144
Punjab,Vegetables,Tomato,2026-03-12,991.19,Metric Tonnes,1140.93,Rs./Quintal,3,71,1719.19,1120.28,1666.6914285714286
Punjab,Vegetables,Tomato,2026-03-13,418.12,Metric Tonnes,1472.23,Rs./Quintal,3,72,1140.93,1626.0,1669.6414285714286
Punjab,Vegetables,Tomato,2026-03-14,291.29,Metric Tonnes,1690.15,Rs./Quintal,3,73,1472.23,1713.6,1647.6742857142858
Punjab,Vegetables,Tomato,2026-03-15,12.92,Metric Tonnes,1811.53,Rs./Quintal,3,74,1690.15,2148.72,1644.3242857142857
Punjab,Vegetables,Tomato,2026-03-16,464.77,Metric Tonnes,1481.33,Rs./Quintal,3,75,1811.53,1659.67,1596.154285714286
Punjab,Vegetables,Tomato,2026-03-17,416.77,Metric Tonnes,1637.94,Rs./Quintal,3,76,1481.33,1679.38,1570.677142857143
Punjab,Vegetables,Tomato,2026-03-18,403.15,Metric Tonnes,1544.81,Rs./Quintal,3,77,1637.94,1719.19,1564.7571428571428
Punjab,Vegetables,Tomato,2026-03-19,485.27,Metric Tonnes,1501.32,Rs./Quintal,3,78,1544.81,1140.93,1539.8457142857146
Punjab,Vegetables,Tomato,2026-03-20,419.76,Metric Tonnes,1499.39,Rs./Quintal,3,79,1501.32,1472.23,1591.3300000000002
Punjab,Vegetables,Tomato,2026-03-21,151.89,Metric Tonnes,1137.33,Rs./Quintal,3,80,1499.39,1690.15,1595.2099999999998
Punjab,Vegetables,Tomato,2026-03-22,12.26,Metric Tonnes,2053.67,Rs./Quintal,3,81,1137.33,1811.53,1516.2357142857143
Punjab,Vegetables,Tomato,2026-03-23,436.98,Metric Tonnes,1441.47,Rs./Quintal,3,82,2053.67,1481.33,1550.8271428571427
Punjab,Vegetables,Tomato,2026-03-24,430.52,Metric Tonnes,1433.05,Rs./Quintal,3,83,1441.47,1637.94,1545.132857142857
Punjab,Vegetables,Tomato,2026-03-25,388.2,Metric Tonnes,1399.72,Rs./Quintal,3,84,1433.05,1544.81,1515.8628571428574
Punjab,Vegetables,Tomato,2026-03-26,391.23,Metric Tonnes,1353.06,Rs./Quintal,3,85,1399.72,1501.32,1495.1357142857141
Punjab,Vegetables,Tomato,2026-03-27,389.67,Metric Tonnes,1374.12,Rs./Quintal,3,86,1353.06,1499.39,1473.955714285714
Punjab,Vegetables,Tomato,2026-03-28,174.83,Metric Tonnes,1501.0,Rs./Quintal,3,87,1374.12,1137.33,1456.06
Punjab,Vegetables,Tomato,2026-03-29,12.07,Metric Tonnes,1852.94,Rs./Quintal,3,88,1501.0,2053.67,1508.0128571428572
Punjab,Vegetables,Tomato,2026-03-30,394.46,Metric Tonnes,1380.13,Rs./Quintal,3,89,1852.94,1441.47,1479.337142857143
Punjab,Vegetables,Tomato,2026-03-31,290.06,Metric Tonnes,1193.31,Rs./Quintal,3,90,1380.13,1433.05,1470.5742857142857
Punjab,Vegetables,Tomato,2026-04-01,319.29,Metric Tonnes,1505.27,Rs./Quintal,4,91,1193.31,1399.72,1436.3257142857142
Punjab,Vegetables,Tomato,2026-04-02,163.82,Metric Tonnes,1239.1,Rs./Quintal,4,92,1505.27,1353.06,1451.4042857142856
Punjab,Vegetables,Tomato,2026-04-03,206.34,Metric Tonnes,1304.38,Rs./Quintal,4,93,1239.1,1374.12,1435.1242857142859
Punjab,Vegetables,Tomato,2026-04-04,277.17,Metric Tonnes,1537.64,Rs./Quintal,4,94,1304.38,1501.0,1425.1614285714284
Punjab,Vegetables,Tomato,2026-04-05,15.3,Metric Tonnes,1742.16,Rs./Quintal,4,95,1537.64,1852.94,1430.3957142857143
Punjab,Vegetables,Tomato,2026-04-06,276.68,Metric Tonnes,1556.66,Rs./Quintal,4,96,1742.16,1380.13,1414.57
Punjab,Vegetables,Tomato,2026-04-07,312.6,Metric Tonnes,1486.12,Rs./Quintal,4,97,1556.66,1193.31,1439.7885714285715
Punjab,Vegetables,Tomato,2026-04-08,290.52,Metric Tonnes,1478.05,Rs./Quintal,4,98,1486.12,1505.27,1481.6185714285714
Punjab,Vegetables,Tomato,2026-04-09,386.03,Metric Tonnes,1459.98,Rs./Quintal,4,99,1478.05,1239.1,1477.7299999999998
Punjab,Vegetables,Tomato,2026-04-10,332.11,Metric Tonnes,1453.34,Rs./Quintal,4,100,1459.98,1304.38,1509.284285714286
Punjab,Vegetables,Tomato,2026-04-11,221.08,Metric Tonnes,1351.98,Rs./Quintal,4,101,1453.34,1537.64,1530.564285714286
Punjab,Vegetables,Tomato,2026-04-12,12.3,Metric Tonnes,1546.37,Rs./Quintal,4,102,1351.98,1742.16,1504.0414285714287
Punjab,Vegetables,Tomato,2026-04-13,371.92,Metric Tonnes,1419.75,Rs./Quintal,4,103,1546.37,1556.66,1476.0714285714287
Punjab,Vegetables,Tomato,2026-04-14,347.29,Metric Tonnes,1398.87,Rs./Quintal,4,104,1419.75,1486.12,1456.5128571428572
Punjab,Vegetables,Tomato,2026-04-15,338.18,Metric Tonnes,1420.73,Rs./Quintal,4,105,1398.87,1478.05,1444.0485714285714
Punjab,Vegetables,Tomato,2026-04-16,398.54,Metric Tonnes,1468.49,Rs./Quintal,4,106,1420.73,1459.98,1435.8600000000001
Punjab,Vegetables,Tomato,2026-04-17,224.7,Metric Tonnes,1680.46,Rs./Quintal,4,107,1468.49,1453.34,1437.0757142857142
Punjab,Vegetables,Tomato,2026-04-18,203.28,Metric Tonnes,1845.12,Rs./Quintal,4,108,1680.46,1351.98,1469.5214285714285
Punjab,Vegetables,Tomato,2026-04-19,12.38,Metric Tonnes,1579.62,Rs./Quintal,4,109,1845.12,1546.37,1539.9699999999998
Punjab,Vegetables,Tomato,2026-04-20,306.04,Metric Tonnes,1753.21,Rs./Quintal,4,110,1579.62,1419.75,1544.72
Punjab,Vegetables,Tomato,2026-04-21,327.06,Metric Tonnes,1430.85,Rs./Quintal,4,111,1753.21,1398.87,1592.357142857143
Punjab,Vegetables,Tomato,2026-04-22,307.87,Metric Tonnes,1874.34,Rs./Quintal,4,112,1430.85,1420.73,1596.9257142857143
Punjab,Vegetables,Tomato,2026-04-23,325.06,Metric Tonnes,1628.25,Rs./Quintal,4,113,1874.34,1468.49,1661.7271428571428
Punjab,Vegetables,Tomato,2026-04-24,263.81,Metric Tonnes,1683.05,Rs./Quintal,4,114,1628.25,1680.46,1684.55
Punjab,Vegetables,Tomato,2026-04-25,219.23,Metric Tonnes,1925.18,Rs./Quintal,4,115,1683.05,1845.12,1684.9199999999998
Punjab,Vegetables,Tomato,2026-04-26,9.42,Metric Tonnes,2476.65,Rs./Quintal,4,116,1925.18,1579.62,1696.357142857143
Punjab,Vegetables,Tomato,2026-04-27,317.62,Metric Tonnes,1501.75,Rs./Quintal,4,117,2476.65,1753.21,1824.5042857142855
Punjab,Vegetables,Tomato,2026-04-28,377.47,Metric Tonnes,1605.71,Rs./Quintal,4,118,1501.75,1430.85,1788.5814285714284
Punjab,Vegetables,Tomato,2026-04-29,324.32,Metric Tonnes,1644.63,Rs./Quintal,4,119,1605.71,1874.34,1813.5614285714287
Punjab,Vegetables,Tomato,2026-04-30,262.39,Metric Tonnes,1663.17,Rs./Quintal,4,120,1644.63,1628.25,1780.7457142857143
Punjab,Vegetables,Tomato,2026-05-01,477.97,Metric Tonnes,1644.61,Rs./Quintal,5,121,1663.17,1683.05,1785.7342857142855
Punjab,Vegetables,Tomato,2026-05-02,104.84,Metric Tonnes,1439.52,Rs./Quintal,5,122,1644.61,1925.18,1780.2428571428572
Punjab,Vegetables,Tomato,2026-05-03,194.7,Metric Tonnes,1505.33,Rs./Quintal,5,123,1439.52,2476.65,1710.8628571428574
Punjab,Vegetables,Tomato,2026-05-04,163.91,Metric Tonnes,1430.92,Rs./Quintal,5,124,1505.33,1501.75,1572.1028571428574
Punjab,Vegetables,Tomato,2026-05-05,301.46,Metric Tonnes,1101.41,Rs./Quintal,5,125,1430.92,1605.71,1561.984285714286
Punjab,Vegetables,Tomato,2026-05-06,307.38,Metric Tonnes,1474.82,Rs./Quintal,5,126,1101.41,1644.63,1489.9414285714286
Punjab,Vegetables,Tomato,2026-05-07,516.69,Metric Tonnes,1537.83,Rs./Quintal,5,127,1474.82,1663.17,1465.6828571428573
Punjab,Vegetables,Tomato,2026-05-08,337.66,Metric Tonnes,1428.01,Rs./Quintal,5,128,1537.83,1644.61,1447.777142857143
Punjab,Vegetables,Tomato,2026-05-09,183.63,Metric Tonnes,1502.22,Rs./Quintal,5,129,1428.01,1439.52,1416.8342857142857
Punjab,Vegetables,Tomato,2026-05-10,16.55,Metric Tonnes,1642.18,Rs./Quintal,5,130,1502.22,1505.33,1425.7914285714285
Punjab,Vegetables,Tomato,2026-05-11,251.32,Metric Tonnes,1143.05,Rs./Quintal,5,131,1642.18,1430.92,1445.3414285714284
Punjab,Vegetables,Tomato,2026-05-12,283.95,Metric Tonnes,1158.09,Rs./Quintal,5,132,1143.05,1101.41,1404.2171428571426
Punjab,Vegetables,Tomato,2026-05-13,271.33,Metric Tonnes,1135.7,Rs./Quintal,5,133,1158.09,1474.82,1412.3142857142855
Punjab,Vegetables,Tomato,2026-05-14,212.05,Metric Tonnes,1211.91,Rs./Quintal,5,134,1135.7,1537.83,1363.8685714285714
Punjab,Vegetables,Tomato,2026-05-15,279.42,Metric Tonnes,1137.83,Rs./Quintal,5,135,1211.91,1428.01,1317.3085714285714
Punjab,Vegetables,Tomato,2026-05-16,154.91,Metric Tonnes,1239.22,Rs./Quintal,5,136,1137.83,1502.22,1275.8542857142857
Punjab,Vegetables,Tomato,2026-05-17,5.21,Metric Tonnes,1177.93,Rs./Quintal,5,137,1239.22,1642.18,1238.282857142857
Punjab,Vegetables,Tomato,2026-05-18,254.47,Metric Tonnes,1060.71,Rs./Quintal,5,138,1177.93,1143.05,1171.9614285714285
Punjab,Vegetables,Tomato,2026-05-19,216.84,Metric Tonnes,1126.74,Rs./Quintal,5,139,1060.71,1158.09,1160.1985714285713
Punjab,Vegetables,Tomato,2026-05-20,177.67,Metric Tonnes,1107.13,Rs./Quintal,5,140,1126.74,1135.7,1155.72
Punjab,Vegetables,Tomato,2026-05-21,306.7,Metric Tonnes,901.2,Rs./Quintal,5,141,1107.13,1211.91,1151.6385714285714
Punjab,Vegetables,Tomato,2026-05-22,281.7,Metric Tonnes,920.49,Rs./Quintal,5,142,901.2,1137.83,1107.2514285714285
Punjab,Vegetables,Tomato,2026-05-23,169.91,Metric Tonnes,962.82,Rs./Quintal,5,143,920.49,1239.22,1076.202857142857
Punjab,Vegetables,Tomato,2026-05-24,12.36,Metric Tonnes,1510.28,Rs./Quintal,5,144,962.82,1177.93,1036.717142857143
Punjab,Vegetables,Tomato,2026-05-25,224.25,Metric Tonnes,839.74,Rs./Quintal,5,145,1510.28,1060.71,1084.1957142857143
Punjab,Vegetables,Tomato,2026-05-26,321.69,Metric Tonnes,860.18,Rs./Quintal,5,146,839.74,1126.74,1052.6285714285714
Punjab,Vegetables,Tomato,2026-05-27,407.56,Metric Tonnes,1132.88,Rs./Quintal,5,147,860.18,1107.13,1014.5485714285714
Punjab,Vegetables,Tomato,2026-05-28,244.68,Metric Tonnes,914.78,Rs./Quintal,5,148,1132.88,901.2,1018.2271428571429
Punjab,Vegetables,Tomato,2026-05-29,220.8,Metric Tonnes,889.93,Rs./Quintal,5,149,914.78,920.49,1020.1671428571428
Punjab,Vegetables,Tomato,2026-05-30,241.59,Metric Tonnes,888.89,Rs./Quintal,5,150,889.93,962.82,1015.8014285714287
Punjab,Vegetables,Tomato,2026-05-31,9.53,Metric Tonnes,1123.76,Rs./Quintal,5,151,888.89,1510.28,1005.24
Punjab,Vegetables,Tomato,2026-06-01,460.21,Metric Tonnes,1462.89,Rs./Quintal,6,152,1123.76,839.74,950.0228571428571
Punjab,Vegetables,Tomato,2026-06-02,277.99,Metric Tonnes,1021.0,Rs./Quintal,6,153,1462.89,860.18,1039.0442857142857
Punjab,Vegetables,Tomato,2026-06-03,243.6,Metric Tonnes,937.2,Rs./Quintal,6,154,1021.0,1132.88,1062.0185714285715
Punjab,Vegetables,Tomato,2026-06-04,262.95,Metric Tonnes,966.06,Rs./Quintal,6,155,937.2,914.78,1034.0642857142857
Punjab,Vegetables,Tomato,2026-06-05,349.06,Metric Tonnes,979.1,Rs./Quintal,6,156,966.06,889.93,1041.39
Punjab,Vegetables,Tomato,2026-06-06,134.7,Metric Tonnes,1060.39,Rs./Quintal,6,157,979.1,888.89,1054.1285714285714
Punjab,Vegetables,Tomato,2026-06-07,17.42,Metric Tonnes,1568.7,Rs./Quintal,6,158,1060.39,1123.76,1078.6285714285716
Punjab,Vegetables,Tomato,2026-06-08,318.8,Metric Tonnes,1084.69,Rs./Quintal,6,159,1568.7,1462.89,1142.1914285714286
Punjab,Vegetables,Tomato,2026-06-09,526.66,Metric Tonnes,987.28,Rs./Quintal,6,160,1084.69,1021.0,1088.162857142857
Punjab,Vegetables,Tomato,2026-06-10,179.93,Metric Tonnes,1359.94,Rs./Quintal,6,161,987.28,937.2,1083.3457142857144
Punjab,Vegetables,Tomato,2026-06-11,144.36,Metric Tonnes,1581.75,Rs./Quintal,6,162,1359.94,966.06,1143.7371428571428
Punjab,Vegetables,Tomato,2026-06-12,266.02,Metric Tonnes,1316.18,Rs./Quintal,6,163,1581.75,979.1,1231.6928571428573
Punjab,Vegetables,Tomato,2026-06-13,231.68,Metric Tonnes,1379.91,Rs./Quintal,6,164,1316.18,1060.39,1279.847142857143
Punjab,Vegetables,Tomato,2026-06-14,16.28,Metric Tonnes,1535.07,Rs./Quintal,6,165,1379.91,1568.7,1325.4928571428572
Punjab,Vegetables,Tomato,2026-06-15,210.38,Metric Tonnes,1598.92,Rs./Quintal,6,166,1535.07,1084.69,1320.6885714285713
Punjab,Vegetables,Tomato,2026-06-16,221.63,Metric Tonnes,1535.56,Rs./Quintal,6,167,1598.92,987.28,1394.1499999999999
Punjab,Vegetables,Tomato,2026-06-17,252.69,Metric Tonnes,1491.68,Rs./Quintal,6,168,1535.56,1359.94,1472.4757142857145
Punjab,Vegetables,Tomato,2026-06-18,167.35,Metric Tonnes,1652.53,Rs./Quintal,6,169,1491.68,1581.75,1491.2957142857142
Punjab,Vegetables,Tomato,2026-06-19,170.07,Metric Tonnes,1635.24,Rs./Quintal,6,170,1652.53,1316.18,1501.4071428571428
Punjab,Vegetables,Tomato,2026-06-20,156.78,Metric Tonnes,1572.64,Rs./Quintal,6,171,1635.24,1379.91,1546.9871428571428
Punjab,Vegetables,Tomato,2026-06-21,11.25,Metric Tonnes,2403.78,Rs./Quintal,6,172,1572.64,1535.07,1574.5200000000002
Punjab,Vegetables,Tomato,2026-06-22,237.43,Metric Tonnes,1780.45,Rs./Quintal,6,173,2403.78,1598.92,1698.6214285714289
Punjab,Vegetables,Tomato,2026-06-23,218.4,Metric Tonnes,1811.34,Rs./Quintal,6,174,1780.45,1535.56,1724.554285714286
Punjab,Vegetables,Tomato,2026-06-24,313.76,Metric Tonnes,2067.87,Rs./Quintal,6,175,1811.34,1491.68,1763.9514285714286
Punjab,Vegetables,Tomato,2026-06-25,214.55,Metric Tonnes,1987.65,Rs./Quintal,6,176,2067.87,1652.53,1846.2642857142855
Punjab,Vegetables,Tomato,2026-06-26,212.79,Metric Tonnes,1816.3,Rs./Quintal,6,177,1987.65,1635.24,1894.1385714285716
Punjab,Vegetables,Tomato,2026-06-27,139.68,Metric Tonnes,2132.04,Rs./Quintal,6,178,1816.3,1572.64,1920.0042857142857
Punjab,Vegetables,Tomato,2026-06-28,11.3,Metric Tonnes,2294.3,Rs./Quintal,6,179,2132.04,2403.78,1999.9185714285716
Punjab,Vegetables,Tomato,2026-06-29,235.42,Metric Tonnes,2023.45,Rs./Quintal,6,180,2294.3,1780.45,1984.2785714285715
Punjab,Vegetables,Tomato,2026-06-30,295.07,Metric Tonnes,1780.04,Rs./Quintal,6,181,2023.45,1811.34,2018.9928571428572
Punjab,Vegetables,Tomato,2026-07-01,323.34,Metric Tonnes,1869.48,Rs./Quintal,7,182,1780.04,2067.87,2014.5214285714285
Punjab,Vegetables,Tomato,2026-07-02,294.97,Metric Tonnes,1920.26,Rs./Quintal,7,183,1869.48,1987.65,1986.1799999999998
Punjab,Vegetables,Tomato,2026-07-03,304.53,Metric Tonnes,1776.78,Rs./Quintal,7,184,1920.26,1816.3,1976.552857142857
Punjab,Vegetables,Tomato,2026-07-04,155.86,Metric Tonnes,1614.75,Rs./Quintal,7,185,1776.78,2132.04,1970.9071428571428
Punjab,Vegetables,Tomato,2026-07-05,17.59,Metric Tonnes,2457.93,Rs./Quintal,7,186,1614.75,2294.3,1897.0085714285717
Punjab,Vegetables,Tomato,2026-07-06,329.23,Metric Tonnes,2235.36,Rs./Quintal,7,187,2457.93,2023.45,1920.3842857142856
Punjab,Vegetables,Tomato,2026-07-07,297.52,Metric Tonnes,1965.21,Rs./Quintal,7,188,2235.36,1780.04,1950.6571428571426
Punjab,Vegetables,Tomato,2026-07-08,274.0,Metric Tonnes,1981.1,Rs./Quintal,7,189,1965.21,1869.48,1977.1100000000001
Punjab,Vegetables,Tomato,2026-07-09,326.84,Metric Tonnes,2202.5,Rs./Quintal,7,190,1981.1,1920.26,1993.0557142857142
Punjab,Vegetables,Tomato,2026-07-10,337.22,Metric Tonnes,1980.72,Rs./Quintal,7,191,2202.5,1776.78,2033.3757142857144
Punjab,Vegetables,Tomato,2026-07-11,229.73,Metric Tonnes,2061.41,Rs./Quintal,7,192,1980.72,1614.75,2062.5099999999998
Punjab,Vegetables,Tomato,2026-07-12,10.36,Metric Tonnes,2364.76,Rs./Quintal,7,193,2061.41,2457.93,2126.3185714285714
Punjab,Vegetables,Tomato,2026-07-13,365.14,Metric Tonnes,1943.13,Rs./Quintal,7,194,2364.76,2235.36,2113.0085714285715
Punjab,Vegetables,Tomato,2026-07-14,382.51,Metric Tonnes,1968.83,Rs./Quintal,7,195,1943.13,1965.21,2071.261428571429
Punjab,Vegetables,Tomato,2026-07-15,395.96,Metric Tonnes,1919.89,Rs./Quintal,7,196,1968.83,1981.1,2071.7785714285715
Punjab,Vegetables,Tomato,2026-07-16,327.51,Metric Tonnes,1914.98,Rs./Quintal,7,197,1919.89,2202.5,2063.034285714286
Punjab,Vegetables,Tomato,2026-07-17,244.64,Metric Tonnes,1811.72,Rs./Quintal,7,198,1914.98,1980.72,2021.9600000000003
Punjab,Vegetables,Tomato,2026-07-18,244.73,Metric Tonnes,2295.82,Rs./Quintal,7,199,1811.72,2061.41,1997.817142857143
Punjab,Vegetables,Tomato,2026-07-19,12.3,Metric Tonnes,2643.32,Rs./Quintal,7,200,2295.82,2364.76,2031.304285714286
Punjab,Vegetables,Tomato,2026-07-20,274.56,Metric Tonnes,1834.05,Rs./Quintal,7,201,2643.32,1943.13,2071.0985714285716
Punjab,Vegetables,Tomato,2026-07-21,384.09,Metric Tonnes,1992.52,Rs./Quintal,7,202,1834.05,1968.83,2055.5157142857142
Punjab,Vegetables,Tomato,2026-07-22,273.55,Metric Tonnes,2007.65,Rs./Quintal,7,203,1992.52,1919.89,2058.9
Punjab,Vegetables,Tomato,2026-07-23,344.8,Metric Tonnes,1944.24,Rs./Quintal,7,204,2007.65,1914.98,2071.4371428571426
Punjab,Vegetables,Tomato,2026-07-24,2683.74,Metric Tonnes,2249.24,Rs./Quintal,7,205,1944.24,1811.72,2075.617142857143
Punjab,Vegetables,Tomato,2026-07-25,242.17,Metric Tonnes,1949.29,Rs./Quintal,7,206,2249.24,2295.82,2138.12
Punjab,Vegetables,Tomato,2026-07-26,17.45,Metric Tonnes,2414.05,Rs./Quintal,7,207,1949.29,2643.32,2088.615714285714
Punjab,Vegetables,Tomato,2026-07-27,427.79,Metric Tonnes,2036.63,Rs./Quintal,7,208,2414.05,1834.05,2055.862857142857
Punjab,Vegetables,Tomato,2026-07-28,406.14,Metric Tonnes,1863.91,Rs./Quintal,7,209,2036.63,1992.52,2084.802857142857
Punjab,Vegetables,Tomato,2026-07-29,372.34,Metric Tonnes,1972.86,Rs./Quintal,7,210,1863.91,2007.65,2066.43
Punjab,Vegetables,Tomato,2026-07-30,302.64,Metric Tonnes,1906.21,Rs./Quintal,7,211,1972.86,1944.24,2061.46
Punjab,Vegetables,Tomato,2026-07-31,274.22,Metric Tonnes,1901.97,Rs./Quintal,7,212,1906.21,2249.24,2056.0271428571427
Punjab,Vegetables,Tomato,2026-08-01,301.43,Metric Tonnes,2020.48,Rs./Quintal,8,213,1901.97,1949.29,2006.417142857143
Punjab,Vegetables,Tomato,2026-08-02,22.66,Metric Tonnes,2444.18,Rs./Quintal,8,214,2020.48,2414.05,2016.587142857143
Punjab,Vegetables,Tomato,2026-08-03,428.71,Metric Tonnes,1888.04,Rs./Quintal,8,215,2444.18,2036.63,2020.8914285714288
Punjab,Vegetables,Tomato,2026-08-04,423.14,Metric Tonnes,1929.29,Rs./Quintal,8,216,1888.04,1863.91,1999.6642857142856
Punjab,Vegetables,Tomato,2026-08-05,330.38,Metric Tonnes,1812.43,Rs./Quintal,8,217,1929.29,1972.86,2009.0042857142855
Punjab,Vegetables,Tomato,2026-08-06,382.11,Metric Tonnes,1902.13,Rs./Quintal,8,218,1812.43,1906.21,1986.0857142857142
Punjab,Vegetables,Tomato,2026-08-07,393.24,Metric Tonnes,1902.65,Rs./Quintal,8,219,1902.13,1901.97,1985.5028571428572
Punjab,Vegetables,Tomato,2026-08-08,278.1,Metric Tonnes,1905.9,Rs./Quintal,8,220,1902.65,2020.48,1985.6
Punjab,Vegetables,Tomato,2026-08-09,18.78,Metric Tonnes,2445.75,Rs./Quintal,8,221,1905.9,2444.18,1969.2314285714285
Punjab,Vegetables,Tomato,2026-08-10,432.87,Metric Tonnes,1936.12,Rs./Quintal,8,222,2445.75,1888.04,1969.455714285714
Punjab,Vegetables,Tomato,2026-08-11,390.68,Metric Tonnes,1994.08,Rs./Quintal,8,223,1936.12,1929.29,1976.3242857142857
Punjab,Vegetables,Tomato,2026-08-12,313.6,Metric Tonnes,1896.27,Rs./Quintal,8,224,1994.08,1812.43,1985.58
Punjab,Vegetables,Tomato,2026-08-13,324.0,Metric Tonnes,2020.98,Rs./Quintal,8,225,1896.27,1902.13,1997.5571428571432
Punjab,Vegetables,Tomato,2026-08-14,336.6,Metric Tonnes,2060.3,Rs./Quintal,8,226,2020.98,1902.65,2014.5357142857142
Punjab,Vegetables,Tomato,2026-08-15,260.2,Metric Tonnes,2119.08,Rs./Quintal,8,227,2060.3,1905.9,2037.0571428571432
Punjab,Vegetables,Tomato,2026-08-16,22.97,Metric Tonnes,2519.81,Rs./Quintal,8,228,2119.08,2445.75,2067.511428571429
Punjab,Vegetables,Tomato,2026-08-17,408.15,Metric Tonnes,1967.27,Rs./Quintal,8,229,2519.81,1936.12,2078.091428571429
Punjab,Vegetables,Tomato,2026-08-18,426.2,Metric Tonnes,2065.25,Rs./Quintal,8,230,1967.27,1994.08,2082.5414285714287
Punjab,Vegetables,Tomato,2026-08-19,439.58,Metric Tonnes,2120.88,Rs./Quintal,8,231,2065.25,1896.27,2092.7085714285713
Punjab,Vegetables,Tomato,2026-08-20,399.67,Metric Tonnes,2137.76,Rs./Quintal,8,232,2120.88,2020.98,2124.7957142857144
Punjab,Vegetables,Tomato,2026-08-21,303.44,Metric Tonnes,1925.09,Rs./Quintal,8,233,2137.76,2060.3,2141.4785714285713
Punjab,Vegetables,Tomato,2026-08-22,294.19,Metric Tonnes,1987.36,Rs./Quintal,8,234,1925.09,2119.08,2122.162857142857
Punjab,Vegetables,Tomato,2026-08-23,44.41,Metric Tonnes,2094.46,Rs./Quintal,8,235,1987.36,2519.81,2103.3457142857146
Punjab,Vegetables,Tomato,2026-08-24,589.33,Metric Tonnes,2464.57,Rs./Quintal,8,236,2094.46,1967.27,2042.5814285714284
Punjab,Vegetables,Tomato,2026-08-25,390.3,Metric Tonnes,1812.33,Rs./Quintal,8,237,2464.57,2065.25,2113.6242857142856
Punjab,Vegetables,Tomato,2026-08-26,331.56,Metric Tonnes,1857.93,Rs./Quintal,8,238,1812.33,2120.88,2077.492857142857
Punjab,Vegetables,Tomato,2026-08-27,157.63,Metric Tonnes,1988.46,Rs./Quintal,8,239,1857.93,2137.76,2039.9285714285713
Punjab,Vegetables,Tomato,2026-08-28,248.37,Metric Tonnes,1977.14,Rs./Quintal,8,240,1988.46,1925.09,2018.6000000000001
Punjab,Vegetables,Tomato,2026-08-29,273.3,Metric Tonnes,2100.59,Rs./Quintal,8,241,1977.14,1987.36,2026.0357142857142
Punjab,Vegetables,Tomato,2026-08-30,21.05,Metric Tonnes,2059.16,Rs./Quintal,8,242,2100.59,2094.46,2042.2114285714285
Punjab,Vegetables,Tomato,2026-08-31,372.12,Metric Tonnes,1913.1,Rs./Quintal,8,243,2059.16,2464.57,2037.1685714285716
Punjab,Vegetables,Tomato,2026-09-01,309.17,Metric Tonnes,1960.75,Rs./Quintal,9,244,1913.1,1812.33,1958.387142857143
Punjab,Vegetables,Tomato,2026-09-02,357.23,Metric Tonnes,1978.26,Rs./Quintal,9,245,1960.75,1857.93,1979.5900000000001
Punjab,Vegetables,Tomato,2026-09-03,277.67,Metric Tonnes,1872.61,Rs./Quintal,9,246,1978.26,1988.46,1996.7800000000002
Punjab,Vegetables,Tomato,2026-09-04,319.04,Metric Tonnes,2054.47,Rs./Quintal,9,247,1872.61,1977.14,1980.2299999999998
Punjab,Vegetables,Tomato,2026-09-05,290.18,Metric Tonnes,2023.8,Rs./Quintal,9,248,2054.47,2100.59,1991.2771428571427
Punjab,Vegetables,Tomato,2026-09-06,25.55,Metric Tonnes,2606.83,Rs./Quintal,9,249,2023.8,2059.16,1980.3071428571427
Punjab,Vegetables,Tomato,2026-09-07,414.1,Metric Tonnes,2116.32,Rs./Quintal,9,250,2606.83,1913.1,2058.5457142857144
Punjab,Vegetables,Tomato,2026-09-08,360.39,Metric Tonnes,2198.57,Rs./Quintal,9,251,2116.32,1960.75,2087.577142857143
Punjab,Vegetables,Tomato,2026-09-09,433.82,Metric Tonnes,2198.19,Rs./Quintal,9,252,2198.57,1978.26,2121.5514285714285
Punjab,Vegetables,Tomato,2026-09-10,396.44,Metric Tonnes,2138.57,Rs./Quintal,9,253,2198.19,1872.61,2152.97
