State/UT,Commodity Group,Commodity,Date,Arrival Quantity,Arrival Unit,Modal Price,Price Unit
Punjab,Vegetables,Onion,2024-01-01,838.07,Metric Tonnes,1529.68,Rs./Quintal
Punjab,Vegetables,Onion,2024-01-02,638.71,Metric Tonnes,1683.97,Rs./Quintal
Punjab,Vegetables,Onion,2024-01-03,548.36,Metric Tonnes,2024.44,Rs./Quintal
Punjab,Vegetables,Onion,2024-01-04,473.8,Metric Tonnes,1968.58,Rs./Quintal
Punjab,Vegetables,Onion,2024-01-05,523.49,Metric Tonnes,1848.19,Rs./Quintal
Punjab,Vegetables,Onion,2024-01-06,563.08,Metric Tonnes,1677.39,Rs./Quintal
Punjab,Vegetables,Onion,2024-01-07,97.1,Metric Tonnes,2022.76,Rs./Quintal
Punjab,Vegetables,Onion,2024-01-08,897.64,Metric Tonnes,1736.41,Rs./Quintal
Punjab,Vegetables,Onion,2024-01-09,655.81,Metric Tonnes,1849.43,Rs./Quintal
Punjab,Vegetables,Onion,2024-01-10,538.35,Metric Tonnes,1835.06,Rs./Quintal
Punjab,Vegetables,Onion,2024-01-11,573.82,Metric Tonnes,1847.58,Rs./Quintal
Punjab,Vegetables,Onion,2024-01-12,1089.47,Metric Tonnes,1926.58,Rs./Quintal
Punjab,Vegetables,Onion,2024-01-13,785.49,Metric Tonnes,1763.43,Rs./Quintal
Punjab,Vegetables,Onion,2024-01-14,58.05,Metric Tonnes,2011.63,Rs./Quintal
Punjab,Vegetables,Onion,2024-01-15,1055.33,Metric Tonnes,1834.49,Rs./Quintal
Punjab,Vegetables,Onion,2024-01-16,919.41,Metric Tonnes,1776.69,Rs./Quintal
Punjab,Vegetables,Onion,2024-01-17,535.26,Metric Tonnes,1875.88,Rs./Quintal
Punjab,Vegetables,Onion,2024-01-18,775.74,Metric Tonnes,2029.59,Rs./Quintal
Punjab,Vegetables,Onion,2024-01-19,664.51,Metric Tonnes,1794.4,Rs./Quintal
Punjab,Vegetables,Onion,2024-01-20,676.19,Metric Tonnes,1777.67,Rs./Quintal
Punjab,Vegetables,Onion,2024-01-21,57.5,Metric Tonnes,2060.87,Rs./Quintal
Punjab,Vegetables,Onion,2024-01-22,1112.19,Metric Tonnes,1630.69,Rs./Quintal
Punjab,Vegetables,Onion,2024-01-23,837.8,Metric Tonnes,1658.86,Rs./Quintal
Punjab,Vegetables,Onion,2024-01-24,1002.31,Metric Tonnes,1631.99,Rs./Quintal
Punjab,Vegetables,Onion,2024-01-25,796.48,Metric Tonnes,1502.34,Rs./Quintal
Punjab,Vegetables,Onion,2024-01-26,560.85,Metric Tonnes,1559.72,Rs./Quintal
Punjab,Vegetables,Onion,2024-01-27,527.73,Metric Tonnes,1539.57,Rs./Quintal
Punjab,Vegetables,Onion,2024-01-28,54.82,Metric Tonnes,1819.23,Rs./Quintal
Punjab,Vegetables,Onion,2024-01-29,1030.39,Metric Tonnes,1536.22,Rs./Quintal
Punjab,Vegetables,Onion,2024-01-30,1032.41,Metric Tonnes,1475.66,Rs./Quintal
Punjab,Vegetables,Onion,2024-01-31,826.05,Metric Tonnes,1521.85,Rs./Quintal
Punjab,Vegetables,Onion,2024-02-01,1080.91,Metric Tonnes,1447.01,Rs./Quintal
Punjab,Vegetables,Onion,2024-02-02,1041.74,Metric Tonnes,1428.31,Rs./Quintal
Punjab,Vegetables,Onion,2024-02-03,702.72,Metric Tonnes,1425.0,Rs./Quintal
Punjab,Vegetables,Onion,2024-02-04,74.0,Metric Tonnes,1630.81,Rs./Quintal
Punjab,Vegetables,Onion,2024-02-05,1412.88,Metric Tonnes,1418.91,Rs./Quintal
Punjab,Vegetables,Onion,2024-02-06,1238.79,Metric Tonnes,1341.35,Rs./Quintal
Punjab,Vegetables,Onion,2024-02-07,911.34,Metric Tonnes,1390.48,Rs./Quintal
Punjab,Vegetables,Onion,2024-02-08,1009.63,Metric Tonnes,1323.94,Rs./Quintal
Punjab,Vegetables,Onion,2024-02-09,1029.14,Metric Tonnes,1305.78,Rs./Quintal
Punjab,Vegetables,Onion,2024-02-10,912.35,Metric Tonnes,1324.97,Rs./Quintal
Punjab,Vegetables,Onion,2024-02-11,96.05,Metric Tonnes,1662.36,Rs./Quintal
Punjab,Vegetables,Onion,2024-02-12,1511.49,Metric Tonnes,1298.87,Rs./Quintal
Punjab,Vegetables,Onion,2024-02-13,1295.86,Metric Tonnes,1337.69,Rs./Quintal
Punjab,Vegetables,Onion,2024-02-14,602.92,Metric Tonnes,1401.42,Rs./Quintal
Punjab,Vegetables,Onion,2024-02-15,684.85,Metric Tonnes,1404.98,Rs./Quintal
Punjab,Vegetables,Onion,2024-02-16,275.6,Metric Tonnes,1476.88,Rs./Quintal
Punjab,Vegetables,Onion,2024-02-17,977.33,Metric Tonnes,1311.07,Rs./Quintal
Punjab,Vegetables,Onion,2024-02-18,78.61,Metric Tonnes,1407.52,Rs./Quintal
Punjab,Vegetables,Onion,2024-02-19,1038.98,Metric Tonnes,1392.34,Rs./Quintal
Punjab,Vegetables,Onion,2024-02-20,787.1,Metric Tonnes,1441.43,Rs./Quintal
Punjab,Vegetables,Onion,2024-02-21,433.25,Metric Tonnes,1437.26,Rs./Quintal
Punjab,Vegetables,Onion,2024-02-22,603.14,Metric Tonnes,1448.08,Rs./Quintal
Punjab,Vegetables,Onion,2024-02-23,502.14,Metric Tonnes,1480.82,Rs./Quintal
Punjab,Vegetables,Onion,2024-02-24,595.22,Metric Tonnes,1398.44,Rs./Quintal
Punjab,Vegetables,Onion,2024-02-25,42.33,Metric Tonnes,1804.91,Rs./Quintal
Punjab,Vegetables,Onion,2024-02-26,994.5,Metric Tonnes,1425.3,Rs./Quintal
Punjab,Vegetables,Onion,2024-02-27,912.76,Metric Tonnes,1442.79,Rs./Quintal
Punjab,Vegetables,Onion,2024-02-28,835.97,Metric Tonnes,1540.37,Rs./Quintal
Punjab,Vegetables,Onion,2024-02-29,821.72,Metric Tonnes,1515.79,Rs./Quintal
Punjab,Vegetables,Onion,2024-03-01,722.08,Metric Tonnes,1518.33,Rs./Quintal
Punjab,Vegetables,Onion,2024-03-02,503.72,Metric Tonnes,1509.25,Rs./Quintal
Punjab,Vegetables,Onion,2024-03-03,64.25,Metric Tonnes,1638.13,Rs./Quintal
Punjab,Vegetables,Onion,2024-03-04,1089.81,Metric Tonnes,1497.36,Rs./Quintal
Punjab,Vegetables,Onion,2024-03-05,1406.83,Metric Tonnes,1665.26,Rs./Quintal
Punjab,Vegetables,Onion,2024-03-06,843.5,Metric Tonnes,1511.83,Rs./Quintal
Punjab,Vegetables,Onion,2024-03-07,472.49,Metric Tonnes,1741.36,Rs./Quintal
Punjab,Vegetables,Onion,2024-03-08,697.34,Metric Tonnes,1469.13,Rs./Quintal
Punjab,Vegetables,Onion,2024-03-09,909.95,Metric Tonnes,1605.36,Rs./Quintal
Punjab,Vegetables,Onion,2024-03-10,44.9,Metric Tonnes,1666.15,Rs./Quintal
Punjab,Vegetables,Onion,2024-03-11,1197.76,Metric Tonnes,1581.89,Rs./Quintal
Punjab,Vegetables,Onion,2024-03-12,1210.0,Metric Tonnes,1656.24,Rs./Quintal
Punjab,Vegetables,Onion,2024-03-13,636.86,Metric Tonnes,1605.6,Rs./Quintal
Punjab,Vegetables,Onion,2024-03-14,909.58,Metric Tonnes,1696.06,Rs./Quintal
Punjab,Vegetables,Onion,2024-03-15,431.9,Metric Tonnes,1623.75,Rs./Quintal
Punjab,Vegetables,Onion,2024-03-16,678.85,Metric Tonnes,1631.28,Rs./Quintal
Punjab,Vegetables,Onion,2024-03-17,42.9,Metric Tonnes,1874.48,Rs./Quintal
Punjab,Vegetables,Onion,2024-03-18,1585.16,Metric Tonnes,1630.55,Rs./Quintal
Punjab,Vegetables,Onion,2024-03-19,1323.98,Metric Tonnes,1572.76,Rs./Quintal
Punjab,Vegetables,Onion,2024-03-20,1367.58,Metric Tonnes,1536.93,Rs./Quintal
Punjab,Vegetables,Onion,2024-03-21,790.44,Metric Tonnes,1559.1,Rs./Quintal
Punjab,Vegetables,Onion,2024-03-22,622.39,Metric Tonnes,1631.06,Rs./Quintal
Punjab,Vegetables,Onion,2024-03-23,534.13,Metric Tonnes,1539.3,Rs./Quintal
Punjab,Vegetables,Onion,2024-03-24,39.7,Metric Tonnes,1801.89,Rs./Quintal
Punjab,Vegetables,Onion,2024-03-25,1190.27,Metric Tonnes,1545.17,Rs./Quintal
Punjab,Vegetables,Onion,2024-03-26,1334.68,Metric Tonnes,1638.4,Rs./Quintal
Punjab,Vegetables,Onion,2024-03-27,1100.22,Metric Tonnes,1634.53,Rs./Quintal
Punjab,Vegetables,Onion,2024-03-28,1239.98,Metric Tonnes,1629.56,Rs./Quintal
Punjab,Vegetables,Onion,2024-03-29,613.41,Metric Tonnes,1706.22,Rs./Quintal
Punjab,Vegetables,Onion,2024-03-30,369.53,Metric Tonnes,1662.13,Rs./Quintal
Punjab,Vegetables,Onion,2024-03-31,191.42,Metric Tonnes,1703.35,Rs./Quintal
Punjab,Vegetables,Onion,2024-04-01,1012.66,Metric Tonnes,1486.56,Rs./Quintal
Punjab,Vegetables,Onion,2024-04-02,786.43,Metric Tonnes,1500.18,Rs./Quintal
Punjab,Vegetables,Onion,2024-04-03,519.22,Metric Tonnes,1616.96,Rs./Quintal
Punjab,Vegetables,Onion,2024-04-04,1287.94,Metric Tonnes,1590.17,Rs./Quintal
Punjab,Vegetables,Onion,2024-04-05,1084.98,Metric Tonnes,1570.59,Rs./Quintal
Punjab,Vegetables,Onion,2024-04-06,637.95,Metric Tonnes,1454.24,Rs./Quintal
Punjab,Vegetables,Onion,2024-04-07,59.81,Metric Tonnes,1831.75,Rs./Quintal
Punjab,Vegetables,Onion,2024-04-08,1241.79,Metric Tonnes,1525.24,Rs./Quintal
Punjab,Vegetables,Onion,2024-04-09,1695.23,Metric Tonnes,1541.68,Rs./Quintal
Punjab,Vegetables,Onion,2024-04-10,1140.87,Metric Tonnes,1492.97,Rs./Quintal
Punjab,Vegetables,Onion,2024-04-11,584.29,Metric Tonnes,1598.15,Rs./Quintal
Punjab,Vegetables,Onion,2024-04-12,798.84,Metric Tonnes,1550.2,Rs./Quintal
Punjab,Vegetables,Onion,2024-04-13,622.24,Metric Tonnes,1520.43,Rs./Quintal
Punjab,Vegetables,Onion,2024-04-14,85.8,Metric Tonnes,1871.18,Rs./Quintal
Punjab,Vegetables,Onion,2024-04-15,1037.21,Metric Tonnes,1495.25,Rs./Quintal
Punjab,Vegetables,Onion,2024-04-16,1107.3,Metric Tonnes,1469.1,Rs./Quintal
Punjab,Vegetables,Onion,2024-04-17,794.5,Metric Tonnes,1452.75,Rs./Quintal
Punjab,Vegetables,Onion,2024-04-18,1071.94,Metric Tonnes,1479.93,Rs./Quintal
Punjab,Vegetables,Onion,2024-04-19,467.62,Metric Tonnes,1485.16,Rs./Quintal
Punjab,Vegetables,Onion,2024-04-20,518.95,Metric Tonnes,1594.72,Rs./Quintal
Punjab,Vegetables,Onion,2024-04-21,131.51,Metric Tonnes,1770.57,Rs./Quintal
Punjab,Vegetables,Onion,2024-04-22,1482.72,Metric Tonnes,1512.61,Rs./Quintal
Punjab,Vegetables,Onion,2024-04-23,1184.25,Metric Tonnes,1575.01,Rs./Quintal
Punjab,Vegetables,Onion,2024-04-24,1072.99,Metric Tonnes,1611.22,Rs./Quintal
Punjab,Vegetables,Onion,2024-04-25,1190.17,Metric Tonnes,1574.59,Rs./Quintal
Punjab,Vegetables,Onion,2024-04-26,1102.97,Metric Tonnes,1518.49,Rs./Quintal
Punjab,Vegetables,Onion,2024-04-27,1256.94,Metric Tonnes,1503.71,Rs./Quintal
Punjab,Vegetables,Onion,2024-04-28,76.0,Metric Tonnes,1665.89,Rs./Quintal
Punjab,Vegetables,Onion,2024-04-29,1652.2,Metric Tonnes,1478.47,Rs./Quintal
Punjab,Vegetables,Onion,2024-04-30,1384.35,Metric Tonnes,1505.67,Rs./Quintal
Punjab,Vegetables,Onion,2024-05-01,1296.28,Metric Tonnes,1382.15,Rs./Quintal
Punjab,Vegetables,Onion,2024-05-02,1160.34,Metric Tonnes,1400.54,Rs./Quintal
Punjab,Vegetables,Onion,2024-05-03,686.97,Metric Tonnes,1443.61,Rs./Quintal
Punjab,Vegetables,Onion,2024-05-04,655.46,Metric Tonnes,1445.05,Rs./Quintal
Punjab,Vegetables,Onion,2024-05-05,107.49,Metric Tonnes,1875.87,Rs./Quintal
Punjab,Vegetables,Onion,2024-05-06,978.48,Metric Tonnes,1486.85,Rs./Quintal
Punjab,Vegetables,Onion,2024-05-07,818.42,Metric Tonnes,1525.36,Rs./Quintal
Punjab,Vegetables,Onion,2024-05-08,754.55,Metric Tonnes,1469.54,Rs./Quintal
Punjab,Vegetables,Onion,2024-05-09,539.44,Metric Tonnes,1493.14,Rs./Quintal
Punjab,Vegetables,Onion,2024-05-10,791.29,Metric Tonnes,1470.88,Rs./Quintal
Punjab,Vegetables,Onion,2024-05-11,741.36,Metric Tonnes,1449.42,Rs./Quintal
Punjab,Vegetables,Onion,2024-05-12,69.6,Metric Tonnes,1498.71,Rs./Quintal
Punjab,Vegetables,Onion,2024-05-13,1011.15,Metric Tonnes,1479.97,Rs./Quintal
Punjab,Vegetables,Onion,2024-05-14,594.04,Metric Tonnes,1518.56,Rs./Quintal
Punjab,Vegetables,Onion,2024-05-15,1145.13,Metric Tonnes,1490.93,Rs./Quintal
Punjab,Vegetables,Onion,2024-05-16,1180.42,Metric Tonnes,1483.17,Rs./Quintal
Punjab,Vegetables,Onion,2024-05-17,1250.84,Metric Tonnes,1488.37,Rs./Quintal
Punjab,Vegetables,Onion,2024-05-18,1170.02,Metric Tonnes,1392.31,Rs./Quintal
Punjab,Vegetables,Onion,2024-05-19,84.4,Metric Tonnes,1547.03,Rs./Quintal
Punjab,Vegetables,Onion,2024-05-20,1209.26,Metric Tonnes,1421.04,Rs./Quintal
Punjab,Vegetables,Onion,2024-05-21,807.09,Metric Tonnes,1434.7,Rs./Quintal
Punjab,Vegetables,Onion,2024-05-22,1424.53,Metric Tonnes,1498.42,Rs./Quintal
Punjab,Vegetables,Onion,2024-05-23,689.53,Metric Tonnes,1434.34,Rs./Quintal
Punjab,Vegetables,Onion,2024-05-24,1458.63,Metric Tonnes,1418.0,Rs./Quintal
Punjab,Vegetables,Onion,2024-05-25,635.16,Metric Tonnes,1394.34,Rs./Quintal
Punjab,Vegetables,Onion,2024-05-26,47.46,Metric Tonnes,1564.25,Rs./Quintal
Punjab,Vegetables,Onion,2024-05-27,803.46,Metric Tonnes,1482.63,Rs./Quintal
Punjab,Vegetables,Onion,2024-05-28,1223.92,Metric Tonnes,1464.8,Rs./Quintal
Punjab,Vegetables,Onion,2024-05-29,1294.4,Metric Tonnes,1516.18,Rs./Quintal
Punjab,Vegetables,Onion,2024-05-30,1213.58,Metric Tonnes,1503.64,Rs./Quintal
Punjab,Vegetables,Onion,2024-05-31,1317.88,Metric Tonnes,1499.44,Rs./Quintal
Punjab,Vegetables,Onion,2024-06-01,1069.0,Metric Tonnes,1480.81,Rs./Quintal
Punjab,Vegetables,Onion,2024-06-02,37.4,Metric Tonnes,1796.12,Rs./Quintal
Punjab,Vegetables,Onion,2024-06-03,995.43,Metric Tonnes,1427.07,Rs./Quintal
Punjab,Vegetables,Onion,2024-06-04,586.31,Metric Tonnes,1464.34,Rs./Quintal
Punjab,Vegetables,Onion,2024-06-05,476.21,Metric Tonnes,1498.43,Rs./Quintal
Punjab,Vegetables,Onion,2024-06-06,617.26,Metric Tonnes,1606.37,Rs./Quintal
Punjab,Vegetables,Onion,2024-06-07,783.17,Metric Tonnes,1654.45,Rs./Quintal
Punjab,Vegetables,Onion,2024-06-08,693.78,Metric Tonnes,1610.63,Rs./Quintal
Punjab,Vegetables,Onion,2024-06-09,35.35,Metric Tonnes,1949.65,Rs./Quintal
Punjab,Vegetables,Onion,2024-06-10,1161.4,Metric Tonnes,1831.46,Rs./Quintal
Punjab,Vegetables,Onion,2024-06-11,1358.4,Metric Tonnes,2000.07,Rs./Quintal
Punjab,Vegetables,Onion,2024-06-12,1206.98,Metric Tonnes,2135.25,Rs./Quintal
Punjab,Vegetables,Onion,2024-06-13,1212.06,Metric Tonnes,2153.3,Rs./Quintal
Punjab,Vegetables,Onion,2024-06-14,831.21,Metric Tonnes,1905.68,Rs./Quintal
Punjab,Vegetables,Onion,2024-06-15,628.12,Metric Tonnes,1969.6,Rs./Quintal
Punjab,Vegetables,Onion,2024-06-16,40.95,Metric Tonnes,2634.09,Rs./Quintal
Punjab,Vegetables,Onion,2024-06-17,722.02,Metric Tonnes,1909.43,Rs./Quintal
Punjab,Vegetables,Onion,2024-06-18,672.63,Metric Tonnes,1988.09,Rs./Quintal
Punjab,Vegetables,Onion,2024-06-19,559.68,Metric Tonnes,2068.92,Rs./Quintal
Punjab,Vegetables,Onion,2024-06-20,819.32,Metric Tonnes,2274.57,Rs./Quintal
Punjab,Vegetables,Onion,2024-06-21,850.05,Metric Tonnes,2169.87,Rs./Quintal
Punjab,Vegetables,Onion,2024-06-22,903.09,Metric Tonnes,2469.54,Rs./Quintal
Punjab,Vegetables,Onion,2024-06-23,163.32,Metric Tonnes,2772.09,Rs./Quintal
Punjab,Vegetables,Onion,2024-06-24,1113.68,Metric Tonnes,2383.4,Rs./Quintal
Punjab,Vegetables,Onion,2024-06-25,1078.51,Metric Tonnes,2316.17,Rs./Quintal
Punjab,Vegetables,Onion,2024-06-26,978.54,Metric Tonnes,2437.37,Rs./Quintal
Punjab,Vegetables,Onion,2024-06-27,503.54,Metric Tonnes,2377.5,Rs./Quintal
Punjab,Vegetables,Onion,2024-06-28,1094.11,Metric Tonnes,2609.4,Rs./Quintal
Punjab,Vegetables,Onion,2024-06-29,884.14,Metric Tonnes,2567.13,Rs./Quintal
Punjab,Vegetables,Onion,2024-06-30,149.09,Metric Tonnes,2335.39,Rs./Quintal
Punjab,Vegetables,Onion,2024-07-01,1396.07,Metric Tonnes,2346.43,Rs./Quintal
Punjab,Vegetables,Onion,2024-07-02,870.9,Metric Tonnes,2431.18,Rs./Quintal
Punjab,Vegetables,Onion,2024-07-03,425.23,Metric Tonnes,2275.38,Rs./Quintal
Punjab,Vegetables,Onion,2024-07-04,497.42,Metric Tonnes,2411.12,Rs./Quintal
Punjab,Vegetables,Onion,2024-07-05,606.7,Metric Tonnes,2208.28,Rs./Quintal
Punjab,Vegetables,Onion,2024-07-06,828.27,Metric Tonnes,2383.52,Rs./Quintal
Punjab,Vegetables,Onion,2024-07-07,80.0,Metric Tonnes,2853.08,Rs./Quintal
Punjab,Vegetables,Onion,2024-07-08,1094.6,Metric Tonnes,2402.24,Rs./Quintal
Punjab,Vegetables,Onion,2024-07-09,1107.29,Metric Tonnes,2654.93,Rs./Quintal
Punjab,Vegetables,Onion,2024-07-10,767.11,Metric Tonnes,2762.45,Rs./Quintal
Punjab,Vegetables,Onion,2024-07-11,644.41,Metric Tonnes,2541.16,Rs./Quintal
Punjab,Vegetables,Onion,2024-07-12,518.3,Metric Tonnes,2374.22,Rs./Quintal
Punjab,Vegetables,Onion,2024-07-13,544.61,Metric Tonnes,2372.74,Rs./Quintal
Punjab,Vegetables,Onion,2024-07-14,32.02,Metric Tonnes,3279.01,Rs./Quintal
Punjab,Vegetables,Onion,2024-07-15,846.99,Metric Tonnes,2294.11,Rs./Quintal
Punjab,Vegetables,Onion,2024-07-16,1009.63,Metric Tonnes,2546.31,Rs./Quintal
Punjab,Vegetables,Onion,2024-07-17,694.04,Metric Tonnes,2534.59,Rs./Quintal
Punjab,Vegetables,Onion,2024-07-18,798.15,Metric Tonnes,2520.38,Rs./Quintal
Punjab,Vegetables,Onion,2024-07-19,807.87,Metric Tonnes,2335.59,Rs./Quintal
Punjab,Vegetables,Onion,2024-07-20,645.79,Metric Tonnes,2449.63,Rs./Quintal
Punjab,Vegetables,Onion,2024-07-21,29.99,Metric Tonnes,3330.94,Rs./Quintal
Punjab,Vegetables,Onion,2024-07-22,798.76,Metric Tonnes,2110.3,Rs./Quintal
Punjab,Vegetables,Onion,2024-07-23,520.34,Metric Tonnes,2227.25,Rs./Quintal
Punjab,Vegetables,Onion,2024-07-24,506.48,Metric Tonnes,2356.78,Rs./Quintal
Punjab,Vegetables,Onion,2024-07-25,723.96,Metric Tonnes,2481.14,Rs./Quintal
Punjab,Vegetables,Onion,2024-07-26,832.99,Metric Tonnes,2373.1,Rs./Quintal
Punjab,Vegetables,Onion,2024-07-27,900.44,Metric Tonnes,2328.97,Rs./Quintal
Punjab,Vegetables,Onion,2024-07-28,34.81,Metric Tonnes,2905.17,Rs./Quintal
Punjab,Vegetables,Onion,2024-07-29,1059.92,Metric Tonnes,2320.73,Rs./Quintal
Punjab,Vegetables,Onion,2024-07-30,853.55,Metric Tonnes,2437.42,Rs./Quintal
Punjab,Vegetables,Onion,2024-07-31,663.18,Metric Tonnes,2488.19,Rs./Quintal
Punjab,Vegetables,Onion,2024-08-01,627.81,Metric Tonnes,2473.32,Rs./Quintal
Punjab,Vegetables,Onion,2024-08-02,423.5,Metric Tonnes,2322.98,Rs./Quintal
Punjab,Vegetables,Onion,2024-08-03,621.63,Metric Tonnes,2372.5,Rs./Quintal
Punjab,Vegetables,Onion,2024-08-04,89.06,Metric Tonnes,2939.02,Rs./Quintal
Punjab,Vegetables,Onion,2024-08-05,830.52,Metric Tonnes,2320.22,Rs./Quintal
Punjab,Vegetables,Onion,2024-08-06,683.75,Metric Tonnes,2712.87,Rs./Quintal
Punjab,Vegetables,Onion,2024-08-07,803.66,Metric Tonnes,2639.16,Rs./Quintal
Punjab,Vegetables,Onion,2024-08-08,533.17,Metric Tonnes,2703.75,Rs./Quintal
Punjab,Vegetables,Onion,2024-08-09,648.38,Metric Tonnes,2734.69,Rs./Quintal
Punjab,Vegetables,Onion,2024-08-10,447.47,Metric Tonnes,2477.95,Rs./Quintal
Punjab,Vegetables,Onion,2024-08-11,40.4,Metric Tonnes,3038.84,Rs./Quintal
Punjab,Vegetables,Onion,2024-08-12,1025.59,Metric Tonnes,2593.43,Rs./Quintal
Punjab,Vegetables,Onion,2024-08-13,525.2,Metric Tonnes,2764.12,Rs./Quintal
Punjab,Vegetables,Onion,2024-08-14,613.43,Metric Tonnes,3209.24,Rs./Quintal
Punjab,Vegetables,Onion,2024-08-15,587.2,Metric Tonnes,2881.35,Rs./Quintal
Punjab,Vegetables,Onion,2024-08-16,725.69,Metric Tonnes,2719.88,Rs./Quintal
Punjab,Vegetables,Onion,2024-08-17,503.01,Metric Tonnes,2749.29,Rs./Quintal
Punjab,Vegetables,Onion,2024-08-18,38.58,Metric Tonnes,3380.73,Rs./Quintal
Punjab,Vegetables,Onion,2024-08-19,690.55,Metric Tonnes,2721.67,Rs./Quintal
Punjab,Vegetables,Onion,2024-08-20,744.59,Metric Tonnes,2971.53,Rs./Quintal
Punjab,Vegetables,Onion,2024-08-21,556.01,Metric Tonnes,3004.78,Rs./Quintal
Punjab,Vegetables,Onion,2024-08-22,693.66,Metric Tonnes,3198.04,Rs./Quintal
Punjab,Vegetables,Onion,2024-08-23,681.77,Metric Tonnes,3004.13,Rs./Quintal
Punjab,Vegetables,Onion,2024-08-24,287.47,Metric Tonnes,3126.23,Rs./Quintal
Punjab,Vegetables,Onion,2024-08-25,40.2,Metric Tonnes,3549.97,Rs./Quintal
Punjab,Vegetables,Onion,2024-08-26,831.82,Metric Tonnes,3238.96,Rs./Quintal
Punjab,Vegetables,Onion,2024-08-27,769.88,Metric Tonnes,3471.95,Rs./Quintal
Punjab,Vegetables,Onion,2024-08-28,662.9,Metric Tonnes,3366.7,Rs./Quintal
Punjab,Vegetables,Onion,2024-08-29,666.3,Metric Tonnes,3416.77,Rs./Quintal
Punjab,Vegetables,Onion,2024-08-30,792.89,Metric Tonnes,3472.46,Rs./Quintal
Punjab,Vegetables,Onion,2024-08-31,733.77,Metric Tonnes,3497.85,Rs./Quintal
Punjab,Vegetables,Onion,2024-09-01,84.25,Metric Tonnes,3361.01,Rs./Quintal
Punjab,Vegetables,Onion,2024-09-02,1022.65,Metric Tonnes,3268.31,Rs./Quintal
Punjab,Vegetables,Onion,2024-09-03,864.81,Metric Tonnes,3577.92,Rs./Quintal
Punjab,Vegetables,Onion,2024-09-04,745.85,Metric Tonnes,3421.77,Rs./Quintal
Punjab,Vegetables,Onion,2024-09-05,719.04,Metric Tonnes,3474.53,Rs./Quintal
Punjab,Vegetables,Onion,2024-09-06,789.32,Metric Tonnes,3658.3,Rs./Quintal
Punjab,Vegetables,Onion,2024-09-07,530.1,Metric Tonnes,3419.92,Rs./Quintal
Punjab,Vegetables,Onion,2024-09-08,36.41,Metric Tonnes,3619.12,Rs./Quintal
Punjab,Vegetables,Onion,2024-09-09,940.99,Metric Tonnes,3077.33,Rs./Quintal
Punjab,Vegetables,Onion,2024-09-10,736.31,Metric Tonnes,3242.45,Rs./Quintal
Punjab,Vegetables,Onion,2024-09-11,725.99,Metric Tonnes,3495.08,Rs./Quintal
Punjab,Vegetables,Onion,2024-09-12,779.58,Metric Tonnes,3605.78,Rs./Quintal
Punjab,Vegetables,Onion,2024-09-13,838.7,Metric Tonnes,3499.12,Rs./Quintal
Punjab,Vegetables,Onion,2024-09-14,807.78,Metric Tonnes,3514.96,Rs./Quintal
Punjab,Vegetables,Onion,2024-09-15,46.63,Metric Tonnes,3617.22,Rs./Quintal
Punjab,Vegetables,Onion,2024-09-16,1157.7,Metric Tonnes,3639.08,Rs./Quintal
Punjab,Vegetables,Onion,2024-09-17,1041.09,Metric Tonnes,3810.09,Rs./Quintal
Punjab,Vegetables,Onion,2024-09-18,583.95,Metric Tonnes,3747.89,Rs./Quintal
Punjab,Vegetables,Onion,2024-09-19,815.09,Metric Tonnes,4039.32,Rs./Quintal
Punjab,Vegetables,Onion,2024-09-20,803.46,Metric Tonnes,4206.05,Rs./Quintal
Punjab,Vegetables,Onion,2024-09-21,848.83,Metric Tonnes,4074.61,Rs./Quintal
Punjab,Vegetables,Onion,2024-09-22,49.2,Metric Tonnes,4257.72,Rs./Quintal
Punjab,Vegetables,Onion,2024-09-23,1272.32,Metric Tonnes,3812.77,Rs./Quintal
Punjab,Vegetables,Onion,2024-09-24,1035.16,Metric Tonnes,3960.85,Rs./Quintal
Punjab,Vegetables,Onion,2024-09-25,1063.55,Metric Tonnes,3838.35,Rs./Quintal
Punjab,Vegetables,Onion,2024-09-26,952.09,Metric Tonnes,4008.21,Rs./Quintal
Punjab,Vegetables,Onion,2024-09-27,873.73,Metric Tonnes,4101.99,Rs./Quintal
Punjab,Vegetables,Onion,2024-09-28,1008.52,Metric Tonnes,3641.59,Rs./Quintal
Punjab,Vegetables,Onion,2024-09-29,85.75,Metric Tonnes,3204.96,Rs./Quintal
Punjab,Vegetables,Onion,2024-09-30,1000.09,Metric Tonnes,3903.27,Rs./Quintal
Punjab,Vegetables,Onion,2024-10-01,742.44,Metric Tonnes,3952.41,Rs./Quintal
Punjab,Vegetables,Onion,2024-10-02,677.3,Metric Tonnes,3980.8,Rs./Quintal
Punjab,Vegetables,Onion,2024-10-03,578.31,Metric Tonnes,4058.88,Rs./Quintal
Punjab,Vegetables,Onion,2024-10-04,573.61,Metric Tonnes,4116.59,Rs./Quintal
Punjab,Vegetables,Onion,2024-10-05,495.43,Metric Tonnes,4020.53,Rs./Quintal
Punjab,Vegetables,Onion,2024-10-06,63.86,Metric Tonnes,4177.28,Rs./Quintal
Punjab,Vegetables,Onion,2024-10-07,685.53,Metric Tonnes,4157.92,Rs./Quintal
Punjab,Vegetables,Onion,2024-10-08,593.87,Metric Tonnes,4225.32,Rs./Quintal
Punjab,Vegetables,Onion,2024-10-09,595.89,Metric Tonnes,4338.98,Rs./Quintal
Punjab,Vegetables,Onion,2024-10-10,704.6,Metric Tonnes,4297.83,Rs./Quintal
Punjab,Vegetables,Onion,2024-10-11,621.63,Metric Tonnes,4132.16,Rs./Quintal
Punjab,Vegetables,Onion,2024-10-12,582.67,Metric Tonnes,4148.68,Rs./Quintal
Punjab,Vegetables,Onion,2024-10-13,69.53,Metric Tonnes,4312.48,Rs./Quintal
Punjab,Vegetables,Onion,2024-10-14,868.33,Metric Tonnes,4046.65,Rs./Quintal
Punjab,Vegetables,Onion,2024-10-15,528.43,Metric Tonnes,4227.75,Rs./Quintal
Punjab,Vegetables,Onion,2024-10-16,567.69,Metric Tonnes,4122.47,Rs./Quintal
Punjab,Vegetables,Onion,2024-10-17,577.9,Metric Tonnes,4244.71,Rs./Quintal
Punjab,Vegetables,Onion,2024-10-18,609.9,Metric Tonnes,4069.04,Rs./Quintal
Punjab,Vegetables,Onion,2024-10-19,731.29,Metric Tonnes,3762.42,Rs./Quintal
Punjab,Vegetables,Onion,2024-10-20,57.08,Metric Tonnes,4047.49,Rs./Quintal
Punjab,Vegetables,Onion,2024-10-21,830.38,Metric Tonnes,3892.82,Rs./Quintal
Punjab,Vegetables,Onion,2024-10-22,787.9,Metric Tonnes,3776.15,Rs./Quintal
Punjab,Vegetables,Onion,2024-10-23,629.93,Metric Tonnes,3855.15,Rs./Quintal
Punjab,Vegetables,Onion,2024-10-24,582.96,Metric Tonnes,3974.69,Rs./Quintal
Punjab,Vegetables,Onion,2024-10-25,561.82,Metric Tonnes,3934.56,Rs./Quintal
Punjab,Vegetables,Onion,2024-10-26,431.38,Metric Tonnes,3937.19,Rs./Quintal
Punjab,Vegetables,Onion,2024-10-27,90.52,Metric Tonnes,3970.06,Rs./Quintal
Punjab,Vegetables,Onion,2024-10-28,707.7,Metric Tonnes,3993.72,Rs./Quintal
Punjab,Vegetables,Onion,2024-10-29,656.04,Metric Tonnes,3948.83,Rs./Quintal
Punjab,Vegetables,Onion,2024-10-30,618.13,Metric Tonnes,4149.37,Rs./Quintal
Punjab,Vegetables,Onion,2024-10-31,280.87,Metric Tonnes,3728.59,Rs./Quintal
Punjab,Vegetables,Onion,2024-11-01,532.91,Metric Tonnes,4062.33,Rs./Quintal
Punjab,Vegetables,Onion,2024-11-02,740.78,Metric Tonnes,3692.83,Rs./Quintal
Punjab,Vegetables,Onion,2024-11-03,24.23,Metric Tonnes,4087.45,Rs./Quintal
Punjab,Vegetables,Onion,2024-11-04,431.34,Metric Tonnes,3961.88,Rs./Quintal
Punjab,Vegetables,Onion,2024-11-05,575.21,Metric Tonnes,4142.18,Rs./Quintal
Punjab,Vegetables,Onion,2024-11-06,312.82,Metric Tonnes,3949.91,Rs./Quintal
Punjab,Vegetables,Onion,2024-11-07,474.5,Metric Tonnes,4216.14,Rs./Quintal
Punjab,Vegetables,Onion,2024-11-08,586.14,Metric Tonnes,4205.04,Rs./Quintal
Punjab,Vegetables,Onion,2024-11-09,598.05,Metric Tonnes,4246.57,Rs./Quintal
Punjab,Vegetables,Onion,2024-11-10,28.88,Metric Tonnes,4812.33,Rs./Quintal
Punjab,Vegetables,Onion,2024-11-11,901.19,Metric Tonnes,4209.65,Rs./Quintal
Punjab,Vegetables,Onion,2024-11-12,595.37,Metric Tonnes,4115.35,Rs./Quintal
Punjab,Vegetables,Onion,2024-11-13,449.17,Metric Tonnes,3924.09,Rs./Quintal
Punjab,Vegetables,Onion,2024-11-14,744.33,Metric Tonnes,3660.54,Rs./Quintal
Punjab,Vegetables,Onion,2024-11-15,599.32,Metric Tonnes,3450.94,Rs./Quintal
Punjab,Vegetables,Onion,2024-11-16,336.05,Metric Tonnes,3321.2,Rs./Quintal
Punjab,Vegetables,Onion,2024-11-17,28.67,Metric Tonnes,4254.62,Rs./Quintal
Punjab,Vegetables,Onion,2024-11-18,648.54,Metric Tonnes,3368.13,Rs./Quintal
Punjab,Vegetables,Onion,2024-11-19,714.45,Metric Tonnes,3564.99,Rs./Quintal
Punjab,Vegetables,Onion,2024-11-20,737.73,Metric Tonnes,3763.91,Rs./Quintal
Punjab,Vegetables,Onion,2024-11-21,802.62,Metric Tonnes,3437.18,Rs./Quintal
Punjab,Vegetables,Onion,2024-11-22,727.47,Metric Tonnes,3491.86,Rs./Quintal
Punjab,Vegetables,Onion,2024-11-23,742.12,Metric Tonnes,3272.11,Rs./Quintal
Punjab,Vegetables,Onion,2024-11-24,70.48,Metric Tonnes,4071.45,Rs./Quintal
Punjab,Vegetables,Onion,2024-11-25,924.31,Metric Tonnes,3276.58,Rs./Quintal
Punjab,Vegetables,Onion,2024-11-26,812.78,Metric Tonnes,3130.11,Rs./Quintal
Punjab,Vegetables,Onion,2024-11-27,779.63,Metric Tonnes,3244.64,Rs./Quintal
Punjab,Vegetables,Onion,2024-11-28,629.21,Metric Tonnes,3318.85,Rs./Quintal
Punjab,Vegetables,Onion,2024-11-29,656.65,Metric Tonnes,3293.61,Rs./Quintal
Punjab,Vegetables,Onion,2024-11-30,629.03,Metric Tonnes,3318.59,Rs./Quintal
Punjab,Vegetables,Onion,2024-12-01,77.45,Metric Tonnes,3290.32,Rs./Quintal
Punjab,Vegetables,Onion,2024-12-02,775.35,Metric Tonnes,3393.58,Rs./Quintal
Punjab,Vegetables,Onion,2024-12-03,613.5,Metric Tonnes,3466.32,Rs./Quintal
Punjab,Vegetables,Onion,2024-12-04,441.53,Metric Tonnes,3459.16,Rs./Quintal
Punjab,Vegetables,Onion,2024-12-05,368.67,Metric Tonnes,3490.71,Rs./Quintal
Punjab,Vegetables,Onion,2024-12-06,565.69,Metric Tonnes,3550.57,Rs./Quintal
Punjab,Vegetables,Onion,2024-12-07,542.18,Metric Tonnes,3455.17,Rs./Quintal
Punjab,Vegetables,Onion,2024-12-08,34.61,Metric Tonnes,3852.67,Rs./Quintal
Punjab,Vegetables,Onion,2024-12-09,856.01,Metric Tonnes,3070.43,Rs./Quintal
Punjab,Vegetables,Onion,2024-12-10,728.75,Metric Tonnes,3288.21,Rs./Quintal
Punjab,Vegetables,Onion,2024-12-11,576.37,Metric Tonnes,3336.27,Rs./Quintal
Punjab,Vegetables,Onion,2024-12-12,635.82,Metric Tonnes,3293.12,Rs./Quintal
Punjab,Vegetables,Onion,2024-12-13,970.66,Metric Tonnes,3102.81,Rs./Quintal
Punjab,Vegetables,Onion,2024-12-14,678.53,Metric Tonnes,3327.42,Rs./Quintal
Punjab,Vegetables,Onion,2024-12-15,42.4,Metric Tonnes,3806.25,Rs./Quintal
Punjab,Vegetables,Onion,2024-12-16,1077.58,Metric Tonnes,3112.94,Rs./Quintal
Punjab,Vegetables,Onion,2024-12-17,859.04,Metric Tonnes,3105.34,Rs./Quintal
Punjab,Vegetables,Onion,2024-12-18,972.8,Metric Tonnes,2773.97,Rs./Quintal
Punjab,Vegetables,Onion,2024-12-19,973.13,Metric Tonnes,2592.96,Rs./Quintal
Punjab,Vegetables,Onion,2024-12-20,959.35,Metric Tonnes,2304.86,Rs./Quintal
Punjab,Vegetables,Onion,2024-12-21,856.69,Metric Tonnes,2102.39,Rs./Quintal
Punjab,Vegetables,Onion,2024-12-22,82.95,Metric Tonnes,3049.67,Rs./Quintal
Punjab,Vegetables,Onion,2024-12-23,974.96,Metric Tonnes,1757.58,Rs./Quintal
Punjab,Vegetables,Onion,2024-12-24,805.61,Metric Tonnes,1948.71,Rs./Quintal
Punjab,Vegetables,Onion,2024-12-25,822.75,Metric Tonnes,1801.34,Rs./Quintal
Punjab,Vegetables,Onion,2024-12-26,825.67,Metric Tonnes,1800.29,Rs./Quintal
Punjab,Vegetables,Onion,2024-12-27,648.2,Metric Tonnes,1756.89,Rs./Quintal
Punjab,Vegetables,Onion,2024-12-28,286.77,Metric Tonnes,1745.83,Rs./Quintal
Punjab,Vegetables,Onion,2024-12-29,22.43,Metric Tonnes,2458.98,Rs./Quintal
Punjab,Vegetables,Onion,2024-12-30,265.02,Metric Tonnes,1853.12,Rs./Quintal
Punjab,Vegetables,Onion,2024-12-31,898.8,Metric Tonnes,2095.0,Rs./Quintal
Punjab,Vegetables,Onion,2025-01-01,553.88,Metric Tonnes,2215.43,Rs./Quintal
Punjab,Vegetables,Onion,2025-01-02,415.57,Metric Tonnes,2301.04,Rs./Quintal
Punjab,Vegetables,Onion,2025-01-03,710.18,Metric Tonnes,2177.82,Rs./Quintal
Punjab,Vegetables,Onion,2025-01-04,316.3,Metric Tonnes,2285.42,Rs./Quintal
Punjab,Vegetables,Onion,2025-01-05,27.85,Metric Tonnes,2617.59,Rs./Quintal
Punjab,Vegetables,Onion,2025-01-06,1123.93,Metric Tonnes,1993.44,Rs./Quintal
Punjab,Vegetables,Onion,2025-01-07,922.45,Metric Tonnes,2108.94,Rs./Quintal
Punjab,Vegetables,Onion,2025-01-08,598.35,Metric Tonnes,2204.63,Rs./Quintal
Punjab,Vegetables,Onion,2025-01-09,1032.06,Metric Tonnes,1942.25,Rs./Quintal
Punjab,Vegetables,Onion,2025-01-10,785.87,Metric Tonnes,2082.11,Rs./Quintal
Punjab,Vegetables,Onion,2025-01-11,475.17,Metric Tonnes,2056.1,Rs./Quintal
Punjab,Vegetables,Onion,2025-01-12,90.35,Metric Tonnes,2557.78,Rs./Quintal
Punjab,Vegetables,Onion,2025-01-13,638.04,Metric Tonnes,2049.9,Rs./Quintal
Punjab,Vegetables,Onion,2025-01-14,780.83,Metric Tonnes,2075.7,Rs./Quintal
Punjab,Vegetables,Onion,2025-01-15,850.12,Metric Tonnes,2060.08,Rs./Quintal
Punjab,Vegetables,Onion,2025-01-16,851.63,Metric Tonnes,1855.63,Rs./Quintal
Punjab,Vegetables,Onion,2025-01-17,416.54,Metric Tonnes,1955.29,Rs./Quintal
Punjab,Vegetables,Onion,2025-01-18,719.01,Metric Tonnes,1973.49,Rs./Quintal
Punjab,Vegetables,Onion,2025-01-19,59.35,Metric Tonnes,2362.72,Rs./Quintal
Punjab,Vegetables,Onion,2025-01-20,1062.43,Metric Tonnes,1837.42,Rs./Quintal
Punjab,Vegetables,Onion,2025-01-21,841.97,Metric Tonnes,2001.38,Rs./Quintal
Punjab,Vegetables,Onion,2025-01-22,675.43,Metric Tonnes,2149.53,Rs./Quintal
Punjab,Vegetables,Onion,2025-01-23,760.62,Metric Tonnes,2097.52,Rs./Quintal
Punjab,Vegetables,Onion,2025-01-24,493.34,Metric Tonnes,1953.65,Rs./Quintal
Punjab,Vegetables,Onion,2025-01-25,599.2,Metric Tonnes,1846.13,Rs./Quintal
Punjab,Vegetables,Onion,2025-01-26,29.7,Metric Tonnes,2289.02,Rs./Quintal
Punjab,Vegetables,Onion,2025-01-27,843.95,Metric Tonnes,2014.14,Rs./Quintal
Punjab,Vegetables,Onion,2025-01-28,798.5,Metric Tonnes,2015.04,Rs./Quintal
Punjab,Vegetables,Onion,2025-01-29,658.45,Metric Tonnes,2106.95,Rs./Quintal
Punjab,Vegetables,Onion,2025-01-30,706.41,Metric Tonnes,2035.81,Rs./Quintal
Punjab,Vegetables,Onion,2025-01-31,677.25,Metric Tonnes,1941.64,Rs./Quintal
Punjab,Vegetables,Onion,2025-02-01,448.09,Metric Tonnes,1994.52,Rs./Quintal
Punjab,Vegetables,Onion,2025-02-02,30.05,Metric Tonnes,2342.26,Rs./Quintal
Punjab,Vegetables,Onion,2025-02-03,1771.1,Metric Tonnes,1587.59,Rs./Quintal
Punjab,Vegetables,Onion,2025-02-04,757.67,Metric Tonnes,2077.7,Rs./Quintal
Punjab,Vegetables,Onion,2025-02-05,576.82,Metric Tonnes,2155.66,Rs./Quintal
Punjab,Vegetables,Onion,2025-02-06,755.66,Metric Tonnes,2144.3,Rs./Quintal
Punjab,Vegetables,Onion,2025-02-07,741.06,Metric Tonnes,1982.38,Rs./Quintal
Punjab,Vegetables,Onion,2025-02-08,709.54,Metric Tonnes,2017.46,Rs./Quintal
Punjab,Vegetables,Onion,2025-02-09,54.25,Metric Tonnes,2230.12,Rs./Quintal
Punjab,Vegetables,Onion,2025-02-10,879.41,Metric Tonnes,1999.62,Rs./Quintal
Punjab,Vegetables,Onion,2025-02-11,666.7,Metric Tonnes,2107.74,Rs./Quintal
Punjab,Vegetables,Onion,2025-02-12,441.24,Metric Tonnes,1912.61,Rs./Quintal
Punjab,Vegetables,Onion,2025-02-13,749.4,Metric Tonnes,2229.39,Rs./Quintal
Punjab,Vegetables,Onion,2025-02-14,789.38,Metric Tonnes,2236.48,Rs./Quintal
Punjab,Vegetables,Onion,2025-02-15,598.43,Metric Tonnes,2459.83,Rs./Quintal
Punjab,Vegetables,Onion,2025-02-16,35.85,Metric Tonnes,2393.67,Rs./Quintal
Punjab,Vegetables,Onion,2025-02-17,1119.68,Metric Tonnes,2384.7,Rs./Quintal
Punjab,Vegetables,Onion,2025-02-18,905.44,Metric Tonnes,2538.62,Rs./Quintal
Punjab,Vegetables,Onion,2025-02-19,856.87,Metric Tonnes,2205.36,Rs./Quintal
Punjab,Vegetables,Onion,2025-02-20,663.12,Metric Tonnes,2296.47,Rs./Quintal
Punjab,Vegetables,Onion,2025-02-21,1096.34,Metric Tonnes,2121.1,Rs./Quintal
Punjab,Vegetables,Onion,2025-02-22,484.83,Metric Tonnes,2186.92,Rs./Quintal
Punjab,Vegetables,Onion,2025-02-23,59.3,Metric Tonnes,2584.49,Rs./Quintal
Punjab,Vegetables,Onion,2025-02-24,1026.25,Metric Tonnes,2265.36,Rs./Quintal
Punjab,Vegetables,Onion,2025-02-25,826.57,Metric Tonnes,2318.25,Rs./Quintal
Punjab,Vegetables,Onion,2025-02-26,718.91,Metric Tonnes,2205.16,Rs./Quintal
Punjab,Vegetables,Onion,2025-02-27,949.53,Metric Tonnes,2172.31,Rs./Quintal
Punjab,Vegetables,Onion,2025-02-28,870.88,Metric Tonnes,2252.99,Rs./Quintal
Punjab,Vegetables,Onion,2025-03-01,807.26,Metric Tonnes,2273.37,Rs./Quintal
Punjab,Vegetables,Onion,2025-03-02,41.95,Metric Tonnes,2510.61,Rs./Quintal
Punjab,Vegetables,Onion,2025-03-03,1099.25,Metric Tonnes,2152.81,Rs./Quintal
Punjab,Vegetables,Onion,2025-03-04,813.01,Metric Tonnes,2010.07,Rs./Quintal
Punjab,Vegetables,Onion,2025-03-05,328.03,Metric Tonnes,2309.05,Rs./Quintal
Punjab,Vegetables,Onion,2025-03-06,671.54,Metric Tonnes,2228.16,Rs./Quintal
Punjab,Vegetables,Onion,2025-03-07,1307.31,Metric Tonnes,2031.97,Rs./Quintal
Punjab,Vegetables,Onion,2025-03-08,733.14,Metric Tonnes,1861.92,Rs./Quintal
Punjab,Vegetables,Onion,2025-03-09,42.9,Metric Tonnes,2257.93,Rs./Quintal
Punjab,Vegetables,Onion,2025-03-10,1561.42,Metric Tonnes,1954.19,Rs./Quintal
Punjab,Vegetables,Onion,2025-03-11,1164.46,Metric Tonnes,2019.31,Rs./Quintal
Punjab,Vegetables,Onion,2025-03-12,934.84,Metric Tonnes,1857.22,Rs./Quintal
Punjab,Vegetables,Onion,2025-03-13,1109.21,Metric Tonnes,1871.63,Rs./Quintal
Punjab,Vegetables,Onion,2025-03-14,891.23,Metric Tonnes,1767.5,Rs./Quintal
Punjab,Vegetables,Onion,2025-03-15,898.63,Metric Tonnes,1776.58,Rs./Quintal
Punjab,Vegetables,Onion,2025-03-16,44.4,Metric Tonnes,2240.54,Rs./Quintal
Punjab,Vegetables,Onion,2025-03-17,984.03,Metric Tonnes,1805.85,Rs./Quintal
Punjab,Vegetables,Onion,2025-03-18,1188.28,Metric Tonnes,1761.52,Rs./Quintal
Punjab,Vegetables,Onion,2025-03-19,1033.67,Metric Tonnes,1743.47,Rs./Quintal
Punjab,Vegetables,Onion,2025-03-20,970.68,Metric Tonnes,1568.24,Rs./Quintal
Punjab,Vegetables,Onion,2025-03-21,1099.31,Metric Tonnes,1531.44,Rs./Quintal
Punjab,Vegetables,Onion,2025-03-22,1041.11,Metric Tonnes,1588.84,Rs./Quintal
Punjab,Vegetables,Onion,2025-03-23,48.75,Metric Tonnes,2116.0,Rs./Quintal
Punjab,Vegetables,Onion,2025-03-24,1361.37,Metric Tonnes,1643.95,Rs./Quintal
Punjab,Vegetables,Onion,2025-03-25,1158.26,Metric Tonnes,1516.64,Rs./Quintal
Punjab,Vegetables,Onion,2025-03-26,1146.1,Metric Tonnes,1520.41,Rs./Quintal
Punjab,Vegetables,Onion,2025-03-27,1209.32,Metric Tonnes,1394.58,Rs./Quintal
Punjab,Vegetables,Onion,2025-03-28,1121.59,Metric Tonnes,1351.69,Rs./Quintal
Punjab,Vegetables,Onion,2025-03-29,218.29,Metric Tonnes,1703.7,Rs./Quintal
Punjab,Vegetables,Onion,2025-03-30,19.25,Metric Tonnes,1957.01,Rs./Quintal
Punjab,Vegetables,Onion,2025-03-31,496.98,Metric Tonnes,1699.01,Rs./Quintal
Punjab,Vegetables,Onion,2025-04-01,939.69,Metric Tonnes,1432.31,Rs./Quintal
Punjab,Vegetables,Onion,2025-04-02,636.66,Metric Tonnes,1532.72,Rs./Quintal
Punjab,Vegetables,Onion,2025-04-03,855.89,Metric Tonnes,1344.52,Rs./Quintal
Punjab,Vegetables,Onion,2025-04-04,1280.78,Metric Tonnes,1382.34,Rs./Quintal
Punjab,Vegetables,Onion,2025-04-05,938.9,Metric Tonnes,1384.8,Rs./Quintal
Punjab,Vegetables,Onion,2025-04-06,50.0,Metric Tonnes,1719.4,Rs./Quintal
Punjab,Vegetables,Onion,2025-04-07,1408.76,Metric Tonnes,1255.63,Rs./Quintal
Punjab,Vegetables,Onion,2025-04-08,1240.2,Metric Tonnes,1359.84,Rs./Quintal
Punjab,Vegetables,Onion,2025-04-09,747.38,Metric Tonnes,1414.61,Rs./Quintal
Punjab,Vegetables,Onion,2025-04-10,2088.18,Metric Tonnes,1239.64,Rs./Quintal
Punjab,Vegetables,Onion,2025-04-11,1287.53,Metric Tonnes,1288.1,Rs./Quintal
Punjab,Vegetables,Onion,2025-04-12,867.48,Metric Tonnes,1234.81,Rs./Quintal
Punjab,Vegetables,Onion,2025-04-13,48.11,Metric Tonnes,2017.83,Rs./Quintal
Punjab,Vegetables,Onion,2025-04-14,1526.73,Metric Tonnes,1221.75,Rs./Quintal
Punjab,Vegetables,Onion,2025-04-15,1641.02,Metric Tonnes,1233.93,Rs./Quintal
Punjab,Vegetables,Onion,2025-04-16,1188.97,Metric Tonnes,1140.97,Rs./Quintal
Punjab,Vegetables,Onion,2025-04-17,1016.99,Metric Tonnes,1104.42,Rs./Quintal
Punjab,Vegetables,Onion,2025-04-18,1154.45,Metric Tonnes,1129.33,Rs./Quintal
Punjab,Vegetables,Onion,2025-04-19,1019.65,Metric Tonnes,1154.56,Rs./Quintal
Punjab,Vegetables,Onion,2025-04-20,49.85,Metric Tonnes,1486.36,Rs./Quintal
Punjab,Vegetables,Onion,2025-04-21,1813.58,Metric Tonnes,1090.06,Rs./Quintal
Punjab,Vegetables,Onion,2025-04-22,1563.67,Metric Tonnes,1071.55,Rs./Quintal
Punjab,Vegetables,Onion,2025-04-23,1636.39,Metric Tonnes,1022.0,Rs./Quintal
Punjab,Vegetables,Onion,2025-04-24,1219.29,Metric Tonnes,1109.55,Rs./Quintal
Punjab,Vegetables,Onion,2025-04-25,1487.15,Metric Tonnes,1078.04,Rs./Quintal
Punjab,Vegetables,Onion,2025-04-26,1642.77,Metric Tonnes,1034.42,Rs./Quintal
Punjab,Vegetables,Onion,2025-04-27,88.95,Metric Tonnes,1344.58,Rs./Quintal
Punjab,Vegetables,Onion,2025-04-28,1660.62,Metric Tonnes,1030.18,Rs./Quintal
Punjab,Vegetables,Onion,2025-04-29,1266.43,Metric Tonnes,971.46,Rs./Quintal
Punjab,Vegetables,Onion,2025-04-30,1247.34,Metric Tonnes,1002.04,Rs./Quintal
Punjab,Vegetables,Onion,2025-05-01,1768.72,Metric Tonnes,1004.89,Rs./Quintal
Punjab,Vegetables,Onion,2025-05-02,1100.24,Metric Tonnes,1069.25,Rs./Quintal
Punjab,Vegetables,Onion,2025-05-03,868.99,Metric Tonnes,1018.04,Rs./Quintal
Punjab,Vegetables,Onion,2025-05-04,54.48,Metric Tonnes,1312.63,Rs./Quintal
Punjab,Vegetables,Onion,2025-05-05,1846.95,Metric Tonnes,912.04,Rs./Quintal
Punjab,Vegetables,Onion,2025-05-06,1674.02,Metric Tonnes,1059.09,Rs./Quintal
Punjab,Vegetables,Onion,2025-05-07,994.47,Metric Tonnes,1162.64,Rs./Quintal
Punjab,Vegetables,Onion,2025-05-08,1202.39,Metric Tonnes,1148.27,Rs./Quintal
Punjab,Vegetables,Onion,2025-05-09,1860.1,Metric Tonnes,1133.77,Rs./Quintal
Punjab,Vegetables,Onion,2025-05-10,2071.56,Metric Tonnes,1163.69,Rs./Quintal
Punjab,Vegetables,Onion,2025-05-11,50.36,Metric Tonnes,1325.87,Rs./Quintal
Punjab,Vegetables,Onion,2025-05-12,3110.23,Metric Tonnes,1120.61,Rs./Quintal
Punjab,Vegetables,Onion,2025-05-13,1931.79,Metric Tonnes,1113.05,Rs./Quintal
Punjab,Vegetables,Onion,2025-05-14,1219.8,Metric Tonnes,1080.2,Rs./Quintal
Punjab,Vegetables,Onion,2025-05-15,1407.08,Metric Tonnes,1114.33,Rs./Quintal
Punjab,Vegetables,Onion,2025-05-16,1492.82,Metric Tonnes,1063.11,Rs./Quintal
Punjab,Vegetables,Onion,2025-05-17,735.96,Metric Tonnes,1099.76,Rs./Quintal
Punjab,Vegetables,Onion,2025-05-18,49.95,Metric Tonnes,1327.13,Rs./Quintal
Punjab,Vegetables,Onion,2025-05-19,1134.64,Metric Tonnes,1074.3,Rs./Quintal
Punjab,Vegetables,Onion,2025-05-20,1752.18,Metric Tonnes,1085.9,Rs./Quintal
Punjab,Vegetables,Onion,2025-05-21,1418.3,Metric Tonnes,1026.02,Rs./Quintal
Punjab,Vegetables,Onion,2025-05-22,1565.56,Metric Tonnes,996.53,Rs./Quintal
Punjab,Vegetables,Onion,2025-05-23,849.71,Metric Tonnes,1142.93,Rs./Quintal
Punjab,Vegetables,Onion,2025-05-24,665.88,Metric Tonnes,1102.24,Rs./Quintal
Punjab,Vegetables,Onion,2025-05-25,78.5,Metric Tonnes,1241.46,Rs./Quintal
Punjab,Vegetables,Onion,2025-05-26,2598.57,Metric Tonnes,981.99,Rs./Quintal
Punjab,Vegetables,Onion,2025-05-27,811.12,Metric Tonnes,1028.97,Rs./Quintal
Punjab,Vegetables,Onion,2025-05-28,923.27,Metric Tonnes,998.75,Rs./Quintal
Punjab,Vegetables,Onion,2025-05-29,912.67,Metric Tonnes,1091.11,Rs./Quintal
Punjab,Vegetables,Onion,2025-05-30,594.39,Metric Tonnes,1087.0,Rs./Quintal
Punjab,Vegetables,Onion,2025-05-31,845.62,Metric Tonnes,1045.41,Rs./Quintal
Punjab,Vegetables,Onion,2025-06-01,38.89,Metric Tonnes,1249.45,Rs./Quintal
Punjab,Vegetables,Onion,2025-06-02,1712.65,Metric Tonnes,951.74,Rs./Quintal
Punjab,Vegetables,Onion,2025-06-03,1415.53,Metric Tonnes,1019.93,Rs./Quintal
Punjab,Vegetables,Onion,2025-06-04,1154.04,Metric Tonnes,1053.6,Rs./Quintal
Punjab,Vegetables,Onion,2025-06-05,1172.67,Metric Tonnes,1077.93,Rs./Quintal
Punjab,Vegetables,Onion,2025-06-06,875.91,Metric Tonnes,1089.86,Rs./Quintal
Punjab,Vegetables,Onion,2025-06-07,897.66,Metric Tonnes,1071.31,Rs./Quintal
Punjab,Vegetables,Onion,2025-06-08,45.8,Metric Tonnes,1045.2,Rs./Quintal
Punjab,Vegetables,Onion,2025-06-09,1156.06,Metric Tonnes,1024.8,Rs./Quintal
Punjab,Vegetables,Onion,2025-06-10,793.95,Metric Tonnes,1090.88,Rs./Quintal
Punjab,Vegetables,Onion,2025-06-11,1073.8,Metric Tonnes,1075.32,Rs./Quintal
Punjab,Vegetables,Onion,2025-06-12,1113.05,Metric Tonnes,986.36,Rs./Quintal
Punjab,Vegetables,Onion,2025-06-13,1105.84,Metric Tonnes,1036.23,Rs./Quintal
Punjab,Vegetables,Onion,2025-06-14,540.93,Metric Tonnes,1119.51,Rs./Quintal
Punjab,Vegetables,Onion,2025-06-15,41.0,Metric Tonnes,1256.83,Rs./Quintal
Punjab,Vegetables,Onion,2025-06-16,1497.11,Metric Tonnes,1074.56,Rs./Quintal
Punjab,Vegetables,Onion,2025-06-17,1103.74,Metric Tonnes,1105.92,Rs./Quintal
Punjab,Vegetables,Onion,2025-06-18,915.53,Metric Tonnes,1131.52,Rs./Quintal
Punjab,Vegetables,Onion,2025-06-19,984.08,Metric Tonnes,1143.47,Rs./Quintal
Punjab,Vegetables,Onion,2025-06-20,1254.34,Metric Tonnes,1056.68,Rs./Quintal
Punjab,Vegetables,Onion,2025-06-21,963.12,Metric Tonnes,1210.69,Rs./Quintal
Punjab,Vegetables,Onion,2025-06-22,69.64,Metric Tonnes,1156.55,Rs./Quintal
Punjab,Vegetables,Onion,2025-06-23,1082.87,Metric Tonnes,1170.52,Rs./Quintal
Punjab,Vegetables,Onion,2025-06-24,756.27,Metric Tonnes,1186.13,Rs./Quintal
Punjab,Vegetables,Onion,2025-06-25,886.62,Metric Tonnes,1265.8,Rs./Quintal
Punjab,Vegetables,Onion,2025-06-26,815.7,Metric Tonnes,1241.15,Rs./Quintal
Punjab,Vegetables,Onion,2025-06-27,996.68,Metric Tonnes,1262.5,Rs./Quintal
Punjab,Vegetables,Onion,2025-06-28,596.95,Metric Tonnes,1260.5,Rs./Quintal
Punjab,Vegetables,Onion,2025-06-29,49.9,Metric Tonnes,1582.97,Rs./Quintal
Punjab,Vegetables,Onion,2025-06-30,1184.17,Metric Tonnes,1363.84,Rs./Quintal
Punjab,Vegetables,Onion,2025-07-01,906.28,Metric Tonnes,1364.69,Rs./Quintal
Punjab,Vegetables,Onion,2025-07-02,785.34,Metric Tonnes,1388.69,Rs./Quintal
Punjab,Vegetables,Onion,2025-07-03,621.71,Metric Tonnes,1478.21,Rs./Quintal
Punjab,Vegetables,Onion,2025-07-04,1040.06,Metric Tonnes,1380.74,Rs./Quintal
Punjab,Vegetables,Onion,2025-07-05,308.62,Metric Tonnes,1440.69,Rs./Quintal
Punjab,Vegetables,Onion,2025-07-06,36.5,Metric Tonnes,1409.86,Rs./Quintal
Punjab,Vegetables,Onion,2025-07-07,769.6,Metric Tonnes,1307.39,Rs./Quintal
Punjab,Vegetables,Onion,2025-07-08,795.28,Metric Tonnes,1334.52,Rs./Quintal
Punjab,Vegetables,Onion,2025-07-09,732.66,Metric Tonnes,1422.46,Rs./Quintal
Punjab,Vegetables,Onion,2025-07-10,808.92,Metric Tonnes,1347.5,Rs./Quintal
Punjab,Vegetables,Onion,2025-07-11,571.88,Metric Tonnes,1391.09,Rs./Quintal
Punjab,Vegetables,Onion,2025-07-12,897.96,Metric Tonnes,1225.16,Rs./Quintal
Punjab,Vegetables,Onion,2025-07-13,39.7,Metric Tonnes,1658.44,Rs./Quintal
Punjab,Vegetables,Onion,2025-07-14,968.15,Metric Tonnes,1385.34,Rs./Quintal
Punjab,Vegetables,Onion,2025-07-15,815.02,Metric Tonnes,1332.62,Rs./Quintal
Punjab,Vegetables,Onion,2025-07-16,751.91,Metric Tonnes,1455.27,Rs./Quintal
Punjab,Vegetables,Onion,2025-07-17,806.83,Metric Tonnes,1531.24,Rs./Quintal
Punjab,Vegetables,Onion,2025-07-18,1036.23,Metric Tonnes,1449.95,Rs./Quintal
Punjab,Vegetables,Onion,2025-07-19,572.83,Metric Tonnes,1451.7,Rs./Quintal
Punjab,Vegetables,Onion,2025-07-20,47.8,Metric Tonnes,1701.46,Rs./Quintal
Punjab,Vegetables,Onion,2025-07-21,1057.31,Metric Tonnes,1299.8,Rs./Quintal
Punjab,Vegetables,Onion,2025-07-22,1032.58,Metric Tonnes,1354.92,Rs./Quintal
Punjab,Vegetables,Onion,2025-07-23,659.04,Metric Tonnes,1574.31,Rs./Quintal
Punjab,Vegetables,Onion,2025-07-24,873.43,Metric Tonnes,1409.66,Rs./Quintal
Punjab,Vegetables,Onion,2025-07-25,818.32,Metric Tonnes,1454.34,Rs./Quintal
Punjab,Vegetables,Onion,2025-07-26,821.64,Metric Tonnes,1408.53,Rs./Quintal
Punjab,Vegetables,Onion,2025-07-27,29.5,Metric Tonnes,1642.37,Rs./Quintal
Punjab,Vegetables,Onion,2025-07-28,1201.7,Metric Tonnes,1359.32,Rs./Quintal
Punjab,Vegetables,Onion,2025-07-29,850.04,Metric Tonnes,1393.99,Rs./Quintal
Punjab,Vegetables,Onion,2025-07-30,878.35,Metric Tonnes,1401.76,Rs./Quintal
Punjab,Vegetables,Onion,2025-07-31,518.62,Metric Tonnes,1256.75,Rs./Quintal
Punjab,Vegetables,Onion,2025-08-01,577.47,Metric Tonnes,1341.48,Rs./Quintal
Punjab,Vegetables,Onion,2025-08-02,653.89,Metric Tonnes,1329.94,Rs./Quintal
Punjab,Vegetables,Onion,2025-08-03,31.7,Metric Tonnes,1517.35,Rs./Quintal
Punjab,Vegetables,Onion,2025-08-04,1135.85,Metric Tonnes,1165.93,Rs./Quintal
Punjab,Vegetables,Onion,2025-08-05,1108.74,Metric Tonnes,1150.2,Rs./Quintal
Punjab,Vegetables,Onion,2025-08-06,764.96,Metric Tonnes,1316.91,Rs./Quintal
Punjab,Vegetables,Onion,2025-08-07,585.52,Metric Tonnes,1295.96,Rs./Quintal
Punjab,Vegetables,Onion,2025-08-08,932.18,Metric Tonnes,1296.88,Rs./Quintal
Punjab,Vegetables,Onion,2025-08-09,754.71,Metric Tonnes,1283.72,Rs./Quintal
Punjab,Vegetables,Onion,2025-08-10,57.05,Metric Tonnes,1574.16,Rs./Quintal
Punjab,Vegetables,Onion,2025-08-11,1027.13,Metric Tonnes,1226.77,Rs./Quintal
Punjab,Vegetables,Onion,2025-08-12,908.49,Metric Tonnes,1364.05,Rs./Quintal
Punjab,Vegetables,Onion,2025-08-13,694.62,Metric Tonnes,1462.35,Rs./Quintal
Punjab,Vegetables,Onion,2025-08-14,757.88,Metric Tonnes,1401.47,Rs./Quintal
Punjab,Vegetables,Onion,2025-08-15,850.82,Metric Tonnes,1404.78,Rs./Quintal
Punjab,Vegetables,Onion,2025-08-16,593.54,Metric Tonnes,1271.7,Rs./Quintal
Punjab,Vegetables,Onion,2025-08-17,63.7,Metric Tonnes,1637.6,Rs./Quintal
Punjab,Vegetables,Onion,2025-08-18,923.63,Metric Tonnes,1362.14,Rs./Quintal
Punjab,Vegetables,Onion,2025-08-19,1044.64,Metric Tonnes,1467.8,Rs./Quintal
Punjab,Vegetables,Onion,2025-08-20,778.0,Metric Tonnes,1475.33,Rs./Quintal
Punjab,Vegetables,Onion,2025-08-21,735.14,Metric Tonnes,1411.6,Rs./Quintal
Punjab,Vegetables,Onion,2025-08-22,833.33,Metric Tonnes,1321.32,Rs./Quintal
Punjab,Vegetables,Onion,2025-08-23,843.9,Metric Tonnes,1312.62,Rs./Quintal
Punjab,Vegetables,Onion,2025-08-24,48.8,Metric Tonnes,1667.83,Rs./Quintal
Punjab,Vegetables,Onion,2025-08-25,748.09,Metric Tonnes,1366.89,Rs./Quintal
Punjab,Vegetables,Onion,2025-08-26,1024.91,Metric Tonnes,1430.54,Rs./Quintal
Punjab,Vegetables,Onion,2025-08-27,541.51,Metric Tonnes,1538.17,Rs./Quintal
Punjab,Vegetables,Onion,2025-08-28,903.45,Metric Tonnes,1331.55,Rs./Quintal
Punjab,Vegetables,Onion,2025-08-29,969.78,Metric Tonnes,1404.36,Rs./Quintal
Punjab,Vegetables,Onion,2025-08-30,709.35,Metric Tonnes,1401.83,Rs./Quintal
Punjab,Vegetables,Onion,2025-08-31,26.8,Metric Tonnes,1648.88,Rs./Quintal
Punjab,Vegetables,Onion,2025-09-01,1473.61,Metric Tonnes,1250.69,Rs./Quintal
Punjab,Vegetables,Onion,2025-09-02,849.95,Metric Tonnes,1408.27,Rs./Quintal
Punjab,Vegetables,Onion,2025-09-03,703.14,Metric Tonnes,1471.64,Rs./Quintal
Punjab,Vegetables,Onion,2025-09-04,948.79,Metric Tonnes,1384.36,Rs./Quintal
Punjab,Vegetables,Onion,2025-09-05,1008.61,Metric Tonnes,1401.37,Rs./Quintal
Punjab,Vegetables,Onion,2025-09-06,1017.92,Metric Tonnes,1350.18,Rs./Quintal
Punjab,Vegetables,Onion,2025-09-07,41.2,Metric Tonnes,1634.59,Rs./Quintal
Punjab,Vegetables,Onion,2025-09-08,1166.82,Metric Tonnes,1390.08,Rs./Quintal
Punjab,Vegetables,Onion,2025-09-09,1498.73,Metric Tonnes,1362.79,Rs./Quintal
Punjab,Vegetables,Onion,2025-09-10,974.94,Metric Tonnes,1282.13,Rs./Quintal
Punjab,Vegetables,Onion,2025-09-11,816.55,Metric Tonnes,1394.85,Rs./Quintal
Punjab,Vegetables,Onion,2025-09-12,1311.58,Metric Tonnes,1365.31,Rs./Quintal
Punjab,Vegetables,Onion,2025-09-13,1163.7,Metric Tonnes,1314.01,Rs./Quintal
Punjab,Vegetables,Onion,2025-09-14,27.4,Metric Tonnes,1659.85,Rs./Quintal
Punjab,Vegetables,Onion,2025-09-15,856.23,Metric Tonnes,1330.17,Rs./Quintal
Punjab,Vegetables,Onion,2025-09-16,954.47,Metric Tonnes,1230.87,Rs./Quintal
Punjab,Vegetables,Onion,2025-09-17,1069.79,Metric Tonnes,1249.93,Rs./Quintal
Punjab,Vegetables,Onion,2025-09-18,852.5,Metric Tonnes,1239.9,Rs./Quintal
Punjab,Vegetables,Onion,2025-09-19,992.59,Metric Tonnes,1284.79,Rs./Quintal
Punjab,Vegetables,Onion,2025-09-20,262.46,Metric Tonnes,1321.21,Rs./Quintal
Punjab,Vegetables,Onion,2025-09-21,106.3,Metric Tonnes,1677.42,Rs./Quintal
Punjab,Vegetables,Onion,2025-09-22,1843.44,Metric Tonnes,1094.77,Rs./Quintal
Punjab,Vegetables,Onion,2025-09-23,1111.82,Metric Tonnes,1240.38,Rs./Quintal
Punjab,Vegetables,Onion,2025-09-24,926.18,Metric Tonnes,1244.94,Rs./Quintal
Punjab,Vegetables,Onion,2025-09-25,830.62,Metric Tonnes,1176.96,Rs./Quintal
Punjab,Vegetables,Onion,2025-09-26,874.81,Metric Tonnes,1191.88,Rs./Quintal
Punjab,Vegetables,Onion,2025-09-27,597.07,Metric Tonnes,1207.09,Rs./Quintal
Punjab,Vegetables,Onion,2025-09-28,83.4,Metric Tonnes,1559.23,Rs./Quintal
Punjab,Vegetables,Onion,2025-09-29,2744.46,Metric Tonnes,1019.4,Rs./Quintal
Punjab,Vegetables,Onion,2025-09-30,1086.25,Metric Tonnes,1115.42,Rs./Quintal
Punjab,Vegetables,Onion,2025-10-01,720.91,Metric Tonnes,1198.13,Rs./Quintal
Punjab,Vegetables,Onion,2025-10-02,927.27,Metric Tonnes,1219.86,Rs./Quintal
Punjab,Vegetables,Onion,2025-10-03,702.0,Metric Tonnes,1170.02,Rs./Quintal
Punjab,Vegetables,Onion,2025-10-04,863.12,Metric Tonnes,1207.47,Rs./Quintal
Punjab,Vegetables,Onion,2025-10-05,36.16,Metric Tonnes,1625.3,Rs./Quintal
Punjab,Vegetables,Onion,2025-10-06,1074.34,Metric Tonnes,1097.43,Rs./Quintal
Punjab,Vegetables,Onion,2025-10-07,526.08,Metric Tonnes,1284.99,Rs./Quintal
Punjab,Vegetables,Onion,2025-10-08,892.25,Metric Tonnes,1302.12,Rs./Quintal
Punjab,Vegetables,Onion,2025-10-09,683.59,Metric Tonnes,1256.32,Rs./Quintal
Punjab,Vegetables,Onion,2025-10-10,732.52,Metric Tonnes,1224.46,Rs./Quintal
Punjab,Vegetables,Onion,2025-10-11,787.69,Metric Tonnes,1151.34,Rs./Quintal
Punjab,Vegetables,Onion,2025-10-12,46.0,Metric Tonnes,1584.02,Rs./Quintal
Punjab,Vegetables,Onion,2025-10-13,1039.93,Metric Tonnes,1120.65,Rs./Quintal
Punjab,Vegetables,Onion,2025-10-14,1501.73,Metric Tonnes,1085.69,Rs./Quintal
Punjab,Vegetables,Onion,2025-10-15,831.34,Metric Tonnes,1232.08,Rs./Quintal
Punjab,Vegetables,Onion,2025-10-16,1241.24,Metric Tonnes,1182.0,Rs./Quintal
Punjab,Vegetables,Onion,2025-10-17,5041.26,Metric Tonnes,949.08,Rs./Quintal
Punjab,Vegetables,Onion,2025-10-18,1532.86,Metric Tonnes,1058.19,Rs./Quintal
Punjab,Vegetables,Onion,2025-10-19,63.53,Metric Tonnes,1554.55,Rs./Quintal
Punjab,Vegetables,Onion,2025-10-20,2111.23,Metric Tonnes,989.6,Rs./Quintal
Punjab,Vegetables,Onion,2025-10-21,617.36,Metric Tonnes,1102.69,Rs./Quintal
Punjab,Vegetables,Onion,2025-10-22,710.63,Metric Tonnes,1284.39,Rs./Quintal
Punjab,Vegetables,Onion,2025-10-23,1097.67,Metric Tonnes,1143.89,Rs./Quintal
Punjab,Vegetables,Onion,2025-10-24,886.61,Metric Tonnes,1163.24,Rs./Quintal
Punjab,Vegetables,Onion,2025-10-25,720.15,Metric Tonnes,1168.65,Rs./Quintal
Punjab,Vegetables,Onion,2025-10-26,36.1,Metric Tonnes,1545.71,Rs./Quintal
Punjab,Vegetables,Onion,2025-10-27,1163.78,Metric Tonnes,1084.51,Rs./Quintal
Punjab,Vegetables,Onion,2025-10-28,909.43,Metric Tonnes,1137.62,Rs./Quintal
Punjab,Vegetables,Onion,2025-10-29,616.64,Metric Tonnes,1222.72,Rs./Quintal
Punjab,Vegetables,Onion,2025-10-30,698.58,Metric Tonnes,1112.84,Rs./Quintal
Punjab,Vegetables,Onion,2025-10-31,1908.74,Metric Tonnes,1173.83,Rs./Quintal
Punjab,Vegetables,Onion,2025-11-01,1077.92,Metric Tonnes,1182.71,Rs./Quintal
Punjab,Vegetables,Onion,2025-11-02,43.02,Metric Tonnes,1495.26,Rs./Quintal
Punjab,Vegetables,Onion,2025-11-03,889.34,Metric Tonnes,1134.41,Rs./Quintal
Punjab,Vegetables,Onion,2025-11-04,590.52,Metric Tonnes,1242.83,Rs./Quintal
Punjab,Vegetables,Onion,2025-11-05,524.66,Metric Tonnes,1012.42,Rs./Quintal
Punjab,Vegetables,Onion,2025-11-06,517.05,Metric Tonnes,940.69,Rs./Quintal
Punjab,Vegetables,Onion,2025-11-07,335.4,Metric Tonnes,1190.38,Rs./Quintal
Punjab,Vegetables,Onion,2025-11-08,344.75,Metric Tonnes,1149.52,Rs./Quintal
Punjab,Vegetables,Onion,2025-11-09,153.55,Metric Tonnes,1267.28,Rs./Quintal
Punjab,Vegetables,Onion,2025-11-10,1549.95,Metric Tonnes,1386.88,Rs./Quintal
Punjab,Vegetables,Onion,2025-11-11,886.36,Metric Tonnes,1089.96,Rs./Quintal
Punjab,Vegetables,Onion,2025-11-12,451.45,Metric Tonnes,1041.01,Rs./Quintal
Punjab,Vegetables,Onion,2025-11-13,614.76,Metric Tonnes,1155.28,Rs./Quintal
Punjab,Vegetables,Onion,2025-11-14,398.1,Metric Tonnes,983.9,Rs./Quintal
Punjab,Vegetables,Onion,2025-11-15,260.34,Metric Tonnes,1058.37,Rs./Quintal
Punjab,Vegetables,Onion,2025-11-16,79.41,Metric Tonnes,1580.58,Rs./Quintal
Punjab,Vegetables,Onion,2025-11-17,706.89,Metric Tonnes,1023.2,Rs./Quintal
Punjab,Vegetables,Onion,2025-11-18,717.64,Metric Tonnes,1085.04,Rs./Quintal
Punjab,Vegetables,Onion,2025-11-19,658.14,Metric Tonnes,1234.69,Rs./Quintal
Punjab,Vegetables,Onion,2025-11-20,547.61,Metric Tonnes,1191.22,Rs./Quintal
Punjab,Vegetables,Onion,2025-11-21,595.53,Metric Tonnes,1096.32,Rs./Quintal
Punjab,Vegetables,Onion,2025-11-22,407.48,Metric Tonnes,1041.51,Rs./Quintal
Punjab,Vegetables,Onion,2025-11-23,70.5,Metric Tonnes,1664.6,Rs./Quintal
Punjab,Vegetables,Onion,2025-11-24,633.82,Metric Tonnes,1057.07,Rs./Quintal
Punjab,Vegetables,Onion,2025-11-25,644.91,Metric Tonnes,1087.04,Rs./Quintal
Punjab,Vegetables,Onion,2025-11-26,887.2,Metric Tonnes,1119.27,Rs./Quintal
Punjab,Vegetables,Onion,2025-11-27,554.0,Metric Tonnes,1121.52,Rs./Quintal
Punjab,Vegetables,Onion,2025-11-28,674.97,Metric Tonnes,980.67,Rs./Quintal
Punjab,Vegetables,Onion,2025-11-29,360.72,Metric Tonnes,1239.89,Rs./Quintal
Punjab,Vegetables,Onion,2025-11-30,31.99,Metric Tonnes,1444.83,Rs./Quintal
Punjab,Vegetables,Onion,2025-12-01,930.28,Metric Tonnes,1035.2,Rs./Quintal
Punjab,Vegetables,Onion,2025-12-02,1416.7,Metric Tonnes,1294.98,Rs./Quintal
Punjab,Vegetables,Onion,2025-12-03,1262.72,Metric Tonnes,1321.93,Rs./Quintal
Punjab,Vegetables,Onion,2025-12-04,1136.95,Metric Tonnes,1293.98,Rs./Quintal
Punjab,Vegetables,Onion,2025-12-05,925.57,Metric Tonnes,1350.98,Rs./Quintal
Punjab,Vegetables,Onion,2025-12-06,682.8,Metric Tonnes,1469.74,Rs./Quintal
Punjab,Vegetables,Onion,2025-12-07,435.0,Metric Tonnes,1786.79,Rs./Quintal
Punjab,Vegetables,Onion,2025-12-08,1637.26,Metric Tonnes,1229.23,Rs./Quintal
Punjab,Vegetables,Onion,2025-12-09,1260.87,Metric Tonnes,1388.22,Rs./Quintal
Punjab,Vegetables,Onion,2025-12-10,1038.96,Metric Tonnes,1520.9,Rs./Quintal
Punjab,Vegetables,Onion,2025-12-11,436.72,Metric Tonnes,1432.33,Rs./Quintal
Punjab,Vegetables,Onion,2025-12-12,924.76,Metric Tonnes,1535.65,Rs./Quintal
Punjab,Vegetables,Onion,2025-12-13,426.63,Metric Tonnes,1382.21,Rs./Quintal
Punjab,Vegetables,Onion,2025-12-14,428.67,Metric Tonnes,1504.32,Rs./Quintal
Punjab,Vegetables,Onion,2025-12-15,1132.26,Metric Tonnes,1469.1,Rs./Quintal
Punjab,Vegetables,Onion,2025-12-16,1310.43,Metric Tonnes,1746.42,Rs./Quintal
Punjab,Vegetables,Onion,2025-12-17,926.23,Metric Tonnes,1693.29,Rs./Quintal
Punjab,Vegetables,Onion,2025-12-18,943.87,Metric Tonnes,1775.4,Rs./Quintal
Punjab,Vegetables,Onion,2025-12-19,924.94,Metric Tonnes,1794.77,Rs./Quintal
Punjab,Vegetables,Onion,2025-12-20,643.79,Metric Tonnes,1765.14,Rs./Quintal
Punjab,Vegetables,Onion,2025-12-21,43.13,Metric Tonnes,1704.87,Rs./Quintal
Punjab,Vegetables,Onion,2025-12-22,1106.3,Metric Tonnes,1690.55,Rs./Quintal
Punjab,Vegetables,Onion,2025-12-23,1102.74,Metric Tonnes,1771.88,Rs./Quintal
Punjab,Vegetables,Onion,2025-12-24,819.12,Metric Tonnes,1772.11,Rs./Quintal
Punjab,Vegetables,Onion,2025-12-25,917.94,Metric Tonnes,1680.68,Rs./Quintal
Punjab,Vegetables,Onion,2025-12-26,1127.27,Metric Tonnes,1645.45,Rs./Quintal
Punjab,Vegetables,Onion,2025-12-27,676.68,Metric Tonnes,1812.91,Rs./Quintal
Punjab,Vegetables,Onion,2025-12-28,95.7,Metric Tonnes,1726.96,Rs./Quintal
Punjab,Vegetables,Onion,2025-12-29,666.65,Metric Tonnes,1824.06,Rs./Quintal
Punjab,Vegetables,Onion,2025-12-30,921.38,Metric Tonnes,1916.42,Rs./Quintal
Punjab,Vegetables,Onion,2025-12-31,1010.08,Metric Tonnes,1908.36,Rs./Quintal
Punjab,Vegetables,Onion,2026-01-01,639.46,Metric Tonnes,1694.72,Rs./Quintal
Punjab,Vegetables,Onion,2026-01-02,883.47,Metric Tonnes,1895.73,Rs./Quintal
Punjab,Vegetables,Onion,2026-01-03,881.92,Metric Tonnes,1952.68,Rs./Quintal
Punjab,Vegetables,Onion,2026-01-04,45.33,Metric Tonnes,1699.21,Rs./Quintal
Punjab,Vegetables,Onion,2026-01-05,1126.39,Metric Tonnes,1942.18,Rs./Quintal
Punjab,Vegetables,Onion,2026-01-06,1346.25,Metric Tonnes,1816.47,Rs./Quintal
Punjab,Vegetables,Onion,2026-01-07,1057.26,Metric Tonnes,1845.61,Rs./Quintal
Punjab,Vegetables,Onion,2026-01-08,936.45,Metric Tonnes,1867.62,Rs./Quintal
Punjab,Vegetables,Onion,2026-01-09,943.37,Metric Tonnes,1857.81,Rs./Quintal
Punjab,Vegetables,Onion,2026-01-10,829.07,Metric Tonnes,1832.35,Rs./Quintal
Punjab,Vegetables,Onion,2026-01-11,30.36,Metric Tonnes,1849.19,Rs./Quintal
Punjab,Vegetables,Onion,2026-01-12,1234.15,Metric Tonnes,1753.95,Rs./Quintal
Punjab,Vegetables,Onion,2026-01-13,1295.84,Metric Tonnes,1762.73,Rs./Quintal
Punjab,Vegetables,Onion,2026-01-14,980.1,Metric Tonnes,1919.47,Rs./Quintal
Punjab,Vegetables,Onion,2026-01-15,1110.08,Metric Tonnes,1790.64,Rs./Quintal
Punjab,Vegetables,Onion,2026-01-16,982.4,Metric Tonnes,1811.12,Rs./Quintal
Punjab,Vegetables,Onion,2026-01-17,726.83,Metric Tonnes,1916.27,Rs./Quintal
Punjab,Vegetables,Onion,2026-01-18,49.2,Metric Tonnes,1709.63,Rs./Quintal
Punjab,Vegetables,Onion,2026-01-19,1054.64,Metric Tonnes,1715.22,Rs./Quintal
Punjab,Vegetables,Onion,2026-01-20,1260.6,Metric Tonnes,1678.0,Rs./Quintal
Punjab,Vegetables,Onion,2026-01-21,900.42,Metric Tonnes,1859.64,Rs./Quintal
Punjab,Vegetables,Onion,2026-01-22,1062.26,Metric Tonnes,1848.28,Rs./Quintal
Punjab,Vegetables,Onion,2026-01-23,739.59,Metric Tonnes,1787.03,Rs./Quintal
Punjab,Vegetables,Onion,2026-01-24,855.79,Metric Tonnes,1863.33,Rs./Quintal
Punjab,Vegetables,Onion,2026-01-25,24.5,Metric Tonnes,1844.29,Rs./Quintal
Punjab,Vegetables,Onion,2026-01-26,1121.91,Metric Tonnes,1717.36,Rs./Quintal
Punjab,Vegetables,Onion,2026-01-27,1123.16,Metric Tonnes,1876.67,Rs./Quintal
Punjab,Vegetables,Onion,2026-01-28,866.66,Metric Tonnes,1662.01,Rs./Quintal
Punjab,Vegetables,Onion,2026-01-29,813.33,Metric Tonnes,1750.87,Rs./Quintal
Punjab,Vegetables,Onion,2026-01-30,1104.8,Metric Tonnes,1825.8,Rs./Quintal
Punjab,Vegetables,Onion,2026-01-31,880.44,Metric Tonnes,1924.71,Rs./Quintal
Punjab,Vegetables,Onion,2026-02-01,22.21,Metric Tonnes,1722.92,Rs./Quintal
Punjab,Vegetables,Onion,2026-02-02,1262.75,Metric Tonnes,1863.93,Rs./Quintal
Punjab,Vegetables,Onion,2026-02-03,1087.62,Metric Tonnes,1755.46,Rs./Quintal
Punjab,Vegetables,Onion,2026-02-04,1460.28,Metric Tonnes,1722.93,Rs./Quintal
Punjab,Vegetables,Onion,2026-02-05,1054.12,Metric Tonnes,1655.38,Rs./Quintal
Punjab,Vegetables,Onion,2026-02-06,1199.73,Metric Tonnes,1670.39,Rs./Quintal
Punjab,Vegetables,Onion,2026-02-07,788.17,Metric Tonnes,1818.74,Rs./Quintal
Punjab,Vegetables,Onion,2026-02-08,46.67,Metric Tonnes,1813.16,Rs./Quintal
Punjab,Vegetables,Onion,2026-02-09,1361.02,Metric Tonnes,1542.17,Rs./Quintal
Punjab,Vegetables,Onion,2026-02-10,1509.07,Metric Tonnes,1581.14,Rs./Quintal
Punjab,Vegetables,Onion,2026-02-11,1072.93,Metric Tonnes,1654.92,Rs./Quintal
Punjab,Vegetables,Onion,2026-02-12,746.27,Metric Tonnes,1437.86,Rs./Quintal
Punjab,Vegetables,Onion,2026-02-13,5445.77,Metric Tonnes,803.42,Rs./Quintal
Punjab,Vegetables,Onion,2026-02-14,785.71,Metric Tonnes,1704.7,Rs./Quintal
Punjab,Vegetables,Onion,2026-02-15,33.38,Metric Tonnes,1680.05,Rs./Quintal
Punjab,Vegetables,Onion,2026-02-16,1138.9,Metric Tonnes,1725.01,Rs./Quintal
Punjab,Vegetables,Onion,2026-02-17,1201.82,Metric Tonnes,1624.35,Rs./Quintal
Punjab,Vegetables,Onion,2026-02-18,1333.37,Metric Tonnes,1666.44,Rs./Quintal
Punjab,Vegetables,Onion,2026-02-19,1188.08,Metric Tonnes,1636.32,Rs./Quintal
Punjab,Vegetables,Onion,2026-02-20,1229.26,Metric Tonnes,1682.48,Rs./Quintal
Punjab,Vegetables,Onion,2026-02-21,1115.47,Metric Tonnes,1715.9,Rs./Quintal
Punjab,Vegetables,Onion,2026-02-22,30.33,Metric Tonnes,1694.2,Rs./Quintal
Punjab,Vegetables,Onion,2026-02-23,1224.27,Metric Tonnes,1640.78,Rs./Quintal
Punjab,Vegetables,Onion,2026-02-24,1140.32,Metric Tonnes,1686.7,Rs./Quintal
Punjab,Vegetables,Onion,2026-02-25,1305.14,Metric Tonnes,1642.28,Rs./Quintal
Punjab,Vegetables,Onion,2026-02-26,1237.05,Metric Tonnes,1628.57,Rs./Quintal
Punjab,Vegetables,Onion,2026-02-27,1235.4,Metric Tonnes,1648.09,Rs./Quintal
Punjab,Vegetables,Onion,2026-02-28,847.1,Metric Tonnes,1711.06,Rs./Quintal
Punjab,Vegetables,Onion,2026-03-01,34.56,Metric Tonnes,1669.04,Rs./Quintal
Punjab,Vegetables,Onion,2026-03-02,1417.56,Metric Tonnes,1549.3,Rs./Quintal
Punjab,Vegetables,Onion,2026-03-03,1044.27,Metric Tonnes,1291.22,Rs./Quintal
Punjab,Vegetables,Onion,2026-03-04,1391.93,Metric Tonnes,1580.1,Rs./Quintal
Punjab,Vegetables,Onion,2026-03-05,1136.08,Metric Tonnes,1598.79,Rs./Quintal
Punjab,Vegetables,Onion,2026-03-06,1242.17,Metric Tonnes,1566.11,Rs./Quintal
Punjab,Vegetables,Onion,2026-03-07,885.85,Metric Tonnes,1687.83,Rs./Quintal
Punjab,Vegetables,Onion,2026-03-08,30.6,Metric Tonnes,1771.73,Rs./Quintal
Punjab,Vegetables,Onion,2026-03-09,1290.05,Metric Tonnes,1534.14,Rs./Quintal
Punjab,Vegetables,Onion,2026-03-10,1225.51,Metric Tonnes,1366.46,Rs./Quintal
Punjab,Vegetables,Onion,2026-03-11,1127.71,Metric Tonnes,1440.83,Rs./Quintal
Punjab,Vegetables,Onion,2026-03-12,1201.71,Metric Tonnes,1359.24,Rs./Quintal
Punjab,Vegetables,Onion,2026-03-13,1131.31,Metric Tonnes,1382.5,Rs./Quintal
Punjab,Vegetables,Onion,2026-03-14,924.68,Metric Tonnes,1537.77,Rs./Quintal
Punjab,Vegetables,Onion,2026-03-15,37.65,Metric Tonnes,1633.74,Rs./Quintal
Punjab,Vegetables,Onion,2026-03-16,1693.38,Metric Tonnes,1296.72,Rs./Quintal
Punjab,Vegetables,Onion,2026-03-17,1675.89,Metric Tonnes,1332.71,Rs./Quintal
Punjab,Vegetables,Onion,2026-03-18,1556.92,Metric Tonnes,1383.86,Rs./Quintal
Punjab,Vegetables,Onion,2026-03-19,1386.25,Metric Tonnes,1314.48,Rs./Quintal
Punjab,Vegetables,Onion,2026-03-20,1350.97,Metric Tonnes,1312.46,Rs./Quintal
Punjab,Vegetables,Onion,2026-03-21,398.48,Metric Tonnes,1321.08,Rs./Quintal
Punjab,Vegetables,Onion,2026-03-22,36.82,Metric Tonnes,1581.07,Rs./Quintal
Punjab,Vegetables,Onion,2026-03-23,1219.88,Metric Tonnes,1330.22,Rs./Quintal
Punjab,Vegetables,Onion,2026-03-24,1297.37,Metric Tonnes,1305.01,Rs./Quintal
Punjab,Vegetables,Onion,2026-03-25,1250.1,Metric Tonnes,1323.7,Rs./Quintal
Punjab,Vegetables,Onion,2026-03-26,1042.07,Metric Tonnes,1369.53,Rs./Quintal
Punjab,Vegetables,Onion,2026-03-27,1154.41,Metric Tonnes,1350.98,Rs./Quintal
Punjab,Vegetables,Onion,2026-03-28,730.48,Metric Tonnes,1549.72,Rs./Quintal
Punjab,Vegetables,Onion,2026-03-29,31.27,Metric Tonnes,1612.89,Rs./Quintal
Punjab,Vegetables,Onion,2026-03-30,1349.5,Metric Tonnes,1274.25,Rs./Quintal
Punjab,Vegetables,Onion,2026-03-31,1350.62,Metric Tonnes,1310.71,Rs./Quintal
Punjab,Vegetables,Onion,2026-04-01,1135.65,Metric Tonnes,1336.8,Rs./Quintal
Punjab,Vegetables,Onion,2026-04-02,826.05,Metric Tonnes,1133.95,Rs./Quintal
Punjab,Vegetables,Onion,2026-04-03,481.3,Metric Tonnes,1262.4,Rs./Quintal
Punjab,Vegetables,Onion,2026-04-04,1196.05,Metric Tonnes,1306.11,Rs./Quintal
Punjab,Vegetables,Onion,2026-04-05,36.28,Metric Tonnes,1567.03,Rs./Quintal
Punjab,Vegetables,Onion,2026-04-06,1139.87,Metric Tonnes,1318.11,Rs./Quintal
Punjab,Vegetables,Onion,2026-04-07,1319.45,Metric Tonnes,1286.78,Rs./Quintal
Punjab,Vegetables,Onion,2026-04-08,1061.24,Metric Tonnes,1357.55,Rs./Quintal
Punjab,Vegetables,Onion,2026-04-09,1182.89,Metric Tonnes,1344.23,Rs./Quintal
Punjab,Vegetables,Onion,2026-04-10,1305.16,Metric Tonnes,1303.15,Rs./Quintal
Punjab,Vegetables,Onion,2026-04-11,1014.46,Metric Tonnes,1328.35,Rs./Quintal
Punjab,Vegetables,Onion,2026-04-12,33.2,Metric Tonnes,1611.63,Rs./Quintal
Punjab,Vegetables,Onion,2026-04-13,1339.09,Metric Tonnes,1274.44,Rs./Quintal
Punjab,Vegetables,Onion,2026-04-14,1548.27,Metric Tonnes,1322.79,Rs./Quintal
Punjab,Vegetables,Onion,2026-04-15,1358.25,Metric Tonnes,1352.79,Rs./Quintal
Punjab,Vegetables,Onion,2026-04-16,1626.53,Metric Tonnes,1311.71,Rs./Quintal
Punjab,Vegetables,Onion,2026-04-17,896.03,Metric Tonnes,1226.0,Rs./Quintal
Punjab,Vegetables,Onion,2026-04-18,1262.21,Metric Tonnes,1284.12,Rs./Quintal
Punjab,Vegetables,Onion,2026-04-19,37.71,Metric Tonnes,1486.32,Rs./Quintal
Punjab,Vegetables,Onion,2026-04-20,1611.59,Metric Tonnes,1286.68,Rs./Quintal
Punjab,Vegetables,Onion,2026-04-21,1322.98,Metric Tonnes,1306.14,Rs./Quintal
Punjab,Vegetables,Onion,2026-04-22,1370.51,Metric Tonnes,1318.08,Rs./Quintal
Punjab,Vegetables,Onion,2026-04-23,1266.08,Metric Tonnes,1300.4,Rs./Quintal
Punjab,Vegetables,Onion,2026-04-24,900.57,Metric Tonnes,1381.1,Rs./Quintal
Punjab,Vegetables,Onion,2026-04-25,924.27,Metric Tonnes,1411.34,Rs./Quintal
Punjab,Vegetables,Onion,2026-04-26,33.08,Metric Tonnes,1543.21,Rs./Quintal
Punjab,Vegetables,Onion,2026-04-27,1285.73,Metric Tonnes,1314.44,Rs./Quintal
Punjab,Vegetables,Onion,2026-04-28,1311.97,Metric Tonnes,1308.41,Rs./Quintal
Punjab,Vegetables,Onion,2026-04-29,1177.75,Metric Tonnes,1318.77,Rs./Quintal
Punjab,Vegetables,Onion,2026-04-30,1113.65,Metric Tonnes,1296.24,Rs./Quintal
Punjab,Vegetables,Onion,2026-05-01,807.82,Metric Tonnes,1462.59,Rs./Quintal
Punjab,Vegetables,Onion,2026-05-02,419.67,Metric Tonnes,1239.54,Rs./Quintal
Punjab,Vegetables,Onion,2026-05-03,46.56,Metric Tonnes,1378.63,Rs./Quintal
Punjab,Vegetables,Onion,2026-05-04,1243.33,Metric Tonnes,1290.0,Rs./Quintal
Punjab,Vegetables,Onion,2026-05-05,793.62,Metric Tonnes,1208.62,Rs./Quintal
Punjab,Vegetables,Onion,2026-05-06,1328.27,Metric Tonnes,1408.82,Rs./Quintal
Punjab,Vegetables,Onion,2026-05-07,2258.79,Metric Tonnes,1187.11,Rs./Quintal
Punjab,Vegetables,Onion,2026-05-08,1366.04,Metric Tonnes,1282.65,Rs./Quintal
Punjab,Vegetables,Onion,2026-05-09,953.92,Metric Tonnes,1472.4,Rs./Quintal
Punjab,Vegetables,Onion,2026-05-10,48.08,Metric Tonnes,1505.37,Rs./Quintal
Punjab,Vegetables,Onion,2026-05-11,1639.25,Metric Tonnes,1332.72,Rs./Quintal
Punjab,Vegetables,Onion,2026-05-12,1628.2,Metric Tonnes,1355.53,Rs./Quintal
Punjab,Vegetables,Onion,2026-05-13,1301.45,Metric Tonnes,1435.09,Rs./Quintal
Punjab,Vegetables,Onion,2026-05-14,1333.75,Metric Tonnes,1437.95,Rs./Quintal
Punjab,Vegetables,Onion,2026-05-15,1311.84,Metric Tonnes,1330.36,Rs./Quintal
Punjab,Vegetables,Onion,2026-05-16,983.89,Metric Tonnes,1523.83,Rs./Quintal
Punjab,Vegetables,Onion,2026-05-17,21.9,Metric Tonnes,1388.58,Rs./Quintal
Punjab,Vegetables,Onion,2026-05-18,926.22,Metric Tonnes,1213.12,Rs./Quintal
Punjab,Vegetables,Onion,2026-05-19,1239.29,Metric Tonnes,1294.3,Rs./Quintal
Punjab,Vegetables,Onion,2026-05-20,945.45,Metric Tonnes,1459.36,Rs./Quintal
Punjab,Vegetables,Onion,2026-05-21,1010.95,Metric Tonnes,1419.48,Rs./Quintal
Punjab,Vegetables,Onion,2026-05-22,890.48,Metric Tonnes,1282.6,Rs./Quintal
Punjab,Vegetables,Onion,2026-05-23,658.89,Metric Tonnes,1421.22,Rs./Quintal
Punjab,Vegetables,Onion,2026-05-24,29.38,Metric Tonnes,1564.58,Rs./Quintal
Punjab,Vegetables,Onion,2026-05-25,1018.39,Metric Tonnes,1306.59,Rs./Quintal
Punjab,Vegetables,Onion,2026-05-26,978.1,Metric Tonnes,1222.86,Rs./Quintal
Punjab,Vegetables,Onion,2026-05-27,1127.97,Metric Tonnes,1335.94,Rs./Quintal
Punjab,Vegetables,Onion,2026-05-28,948.13,Metric Tonnes,1349.47,Rs./Quintal
Punjab,Vegetables,Onion,2026-05-29,720.55,Metric Tonnes,1219.02,Rs./Quintal
Punjab,Vegetables,Onion,2026-05-30,732.85,Metric Tonnes,1398.37,Rs./Quintal
Punjab,Vegetables,Onion,2026-05-31,26.24,Metric Tonnes,1551.73,Rs./Quintal
Punjab,Vegetables,Onion,2026-06-01,1099.87,Metric Tonnes,1318.76,Rs./Quintal
Punjab,Vegetables,Onion,2026-06-02,1302.9,Metric Tonnes,1353.53,Rs./Quintal
Punjab,Vegetables,Onion,2026-06-03,1123.24,Metric Tonnes,1403.54,Rs./Quintal
Punjab,Vegetables,Onion,2026-06-04,767.75,Metric Tonnes,1371.87,Rs./Quintal
Punjab,Vegetables,Onion,2026-06-05,1044.28,Metric Tonnes,1426.13,Rs./Quintal
Punjab,Vegetables,Onion,2026-06-06,3073.13,Metric Tonnes,1725.38,Rs./Quintal
Punjab,Vegetables,Onion,2026-06-07,33.81,Metric Tonnes,1718.66,Rs./Quintal
Punjab,Vegetables,Onion,2026-06-08,1291.82,Metric Tonnes,1583.53,Rs./Quintal
Punjab,Vegetables,Onion,2026-06-09,1438.16,Metric Tonnes,1538.42,Rs./Quintal
Punjab,Vegetables,Onion,2026-06-10,1142.75,Metric Tonnes,1586.32,Rs./Quintal
Punjab,Vegetables,Onion,2026-06-11,1307.89,Metric Tonnes,1576.74,Rs./Quintal
Punjab,Vegetables,Onion,2026-06-12,974.44,Metric Tonnes,1618.86,Rs./Quintal
Punjab,Vegetables,Onion,2026-06-13,1002.95,Metric Tonnes,1737.76,Rs./Quintal
Punjab,Vegetables,Onion,2026-06-14,26.25,Metric Tonnes,1658.25,Rs./Quintal
Punjab,Vegetables,Onion,2026-06-15,997.13,Metric Tonnes,1609.24,Rs./Quintal
Punjab,Vegetables,Onion,2026-06-16,1304.74,Metric Tonnes,1573.79,Rs./Quintal
Punjab,Vegetables,Onion,2026-06-17,1101.78,Metric Tonnes,1563.82,Rs./Quintal
Punjab,Vegetables,Onion,2026-06-18,884.9,Metric Tonnes,1733.03,Rs./Quintal
Punjab,Vegetables,Onion,2026-06-19,1084.91,Metric Tonnes,1632.14,Rs./Quintal
Punjab,Vegetables,Onion,2026-06-20,403.43,Metric Tonnes,1522.91,Rs./Quintal
Punjab,Vegetables,Onion,2026-06-21,30.99,Metric Tonnes,1876.97,Rs./Quintal
Punjab,Vegetables,Onion,2026-06-22,1223.27,Metric Tonnes,1658.3,Rs./Quintal
Punjab,Vegetables,Onion,2026-06-23,1012.48,Metric Tonnes,1612.35,Rs./Quintal
Punjab,Vegetables,Onion,2026-06-24,1070.12,Metric Tonnes,1793.57,Rs./Quintal
Punjab,Vegetables,Onion,2026-06-25,806.32,Metric Tonnes,1879.07,Rs./Quintal
Punjab,Vegetables,Onion,2026-06-26,540.15,Metric Tonnes,1549.04,Rs./Quintal
Punjab,Vegetables,Onion,2026-06-27,502.15,Metric Tonnes,1637.55,Rs./Quintal
Punjab,Vegetables,Onion,2026-06-28,27.91,Metric Tonnes,1874.56,Rs./Quintal
Punjab,Vegetables,Onion,2026-06-29,937.8,Metric Tonnes,1751.37,Rs./Quintal
Punjab,Vegetables,Onion,2026-06-30,1159.13,Metric Tonnes,1880.42,Rs./Quintal
Punjab,Vegetables,Onion,2026-07-01,988.27,Metric Tonnes,1981.87,Rs./Quintal
Punjab,Vegetables,Onion,2026-07-02,940.17,Metric Tonnes,1965.47,Rs./Quintal
Punjab,Vegetables,Onion,2026-07-03,869.76,Metric Tonnes,2063.22,Rs./Quintal
Punjab,Vegetables,Onion,2026-07-04,581.19,Metric Tonnes,1841.33,Rs./Quintal
Punjab,Vegetables,Onion,2026-07-05,39.56,Metric Tonnes,2080.21,Rs./Quintal
Punjab,Vegetables,Onion,2026-07-06,1129.17,Metric Tonnes,1988.67,Rs./Quintal
Punjab,Vegetables,Onion,2026-07-07,1095.91,Metric Tonnes,2029.7,Rs./Quintal
Punjab,Vegetables,Onion,2026-07-08,1211.36,Metric Tonnes,2045.98,Rs./Quintal
Punjab,Vegetables,Onion,2026-07-09,945.2,Metric Tonnes,2179.57,Rs./Quintal
Punjab,Vegetables,Onion,2026-07-10,1010.8,Metric Tonnes,2064.23,Rs./Quintal
Punjab,Vegetables,Onion,2026-07-11,750.35,Metric Tonnes,2215.41,Rs./Quintal
Punjab,Vegetables,Onion,2026-07-12,27.72,Metric Tonnes,2405.1,Rs./Quintal
Punjab,Vegetables,Onion,2026-07-13,1132.47,Metric Tonnes,2080.24,Rs./Quintal
Punjab,Vegetables,Onion,2026-07-14,1353.46,Metric Tonnes,2065.87,Rs./Quintal
Punjab,Vegetables,Onion,2026-07-15,1070.13,Metric Tonnes,2121.06,Rs./Quintal
Punjab,Vegetables,Onion,2026-07-16,1035.46,Metric Tonnes,2170.35,Rs./Quintal
Punjab,Vegetables,Onion,2026-07-17,748.74,Metric Tonnes,1954.79,Rs./Quintal
Punjab,Vegetables,Onion,2026-07-18,842.25,Metric Tonnes,2297.24,Rs./Quintal
Punjab,Vegetables,Onion,2026-07-19,30.2,Metric Tonnes,2167.68,Rs./Quintal
Punjab,Vegetables,Onion,2026-07-20,721.9,Metric Tonnes,1923.43,Rs./Quintal
Punjab,Vegetables,Onion,2026-07-21,1274.38,Metric Tonnes,2127.6,Rs./Quintal
Punjab,Vegetables,Onion,2026-07-22,1232.49,Metric Tonnes,2203.93,Rs./Quintal
Punjab,Vegetables,Onion,2026-07-23,1317.22,Metric Tonnes,2248.55,Rs./Quintal
Punjab,Vegetables,Onion,2026-07-24,918.83,Metric Tonnes,2374.72,Rs./Quintal
Punjab,Vegetables,Onion,2026-07-25,634.19,Metric Tonnes,2312.66,Rs./Quintal
Punjab,Vegetables,Onion,2026-07-26,51.98,Metric Tonnes,2495.61,Rs./Quintal
Punjab,Vegetables,Onion,2026-07-27,1250.87,Metric Tonnes,2212.85,Rs./Quintal
Punjab,Vegetables,Onion,2026-07-28,1269.46,Metric Tonnes,2216.73,Rs./Quintal
Punjab,Vegetables,Onion,2026-07-29,1214.64,Metric Tonnes,2285.56,Rs./Quintal
Punjab,Vegetables,Onion,2026-07-30,1122.35,Metric Tonnes,2198.35,Rs./Quintal
Punjab,Vegetables,Onion,2026-07-31,813.96,Metric Tonnes,2313.28,Rs./Quintal
Punjab,Vegetables,Onion,2026-08-01,852.63,Metric Tonnes,2323.79,Rs./Quintal
Punjab,Vegetables,Onion,2026-08-02,96.29,Metric Tonnes,2289.8,Rs./Quintal
Punjab,Vegetables,Onion,2026-08-03,1302.52,Metric Tonnes,2119.61,Rs./Quintal
Punjab,Vegetables,Onion,2026-08-04,1041.92,Metric Tonnes,2193.99,Rs./Quintal
Punjab,Vegetables,Onion,2026-08-05,1082.9,Metric Tonnes,2226.39,Rs./Quintal
Punjab,Vegetables,Onion,2026-08-06,1127.76,Metric Tonnes,2136.78,Rs./Quintal
Punjab,Vegetables,Onion,2026-08-07,1101.41,Metric Tonnes,2244.61,Rs./Quintal
Punjab,Vegetables,Onion,2026-08-08,754.92,Metric Tonnes,2232.78,Rs./Quintal
Punjab,Vegetables,Onion,2026-08-09,75.86,Metric Tonnes,2682.15,Rs./Quintal
Punjab,Vegetables,Onion,2026-08-10,1242.46,Metric Tonnes,2166.59,Rs./Quintal
Punjab,Vegetables,Onion,2026-08-11,1239.61,Metric Tonnes,2179.6,Rs./Quintal
Punjab,Vegetables,Onion,2026-08-12,1694.52,Metric Tonnes,1863.06,Rs./Quintal
Punjab,Vegetables,Onion,2026-08-13,790.87,Metric Tonnes,2159.61,Rs./Quintal
Punjab,Vegetables,Onion,2026-08-14,884.4,Metric Tonnes,2221.74,Rs./Quintal
Punjab,Vegetables,Onion,2026-08-15,900.14,Metric Tonnes,2335.55,Rs./Quintal
Punjab,Vegetables,Onion,2026-08-16,89.99,Metric Tonnes,2640.94,Rs./Quintal
Punjab,Vegetables,Onion,2026-08-17,1210.91,Metric Tonnes,2408.11,Rs./Quintal
Punjab,Vegetables,Onion,2026-08-18,1441.26,Metric Tonnes,2462.83,Rs./Quintal
Punjab,Vegetables,Onion,2026-08-19,894.09,Metric Tonnes,2812.57,Rs./Quintal
Punjab,Vegetables,Onion,2026-08-20,900.49,Metric Tonnes,2750.02,Rs./Quintal
Punjab,Vegetables,Onion,2026-08-21,1115.26,Metric Tonnes,2732.52,Rs./Quintal
Punjab,Vegetables,Onion,2026-08-22,809.15,Metric Tonnes,2947.99,Rs./Quintal
Punjab,Vegetables,Onion,2026-08-23,179.89,Metric Tonnes,2571.73,Rs./Quintal
Punjab,Vegetables,Onion,2026-08-24,1280.91,Metric Tonnes,3031.39,Rs./Quintal
Punjab,Vegetables,Onion,2026-08-25,1276.52,Metric Tonnes,2996.65,Rs./Quintal
Punjab,Vegetables,Onion,2026-08-26,958.91,Metric Tonnes,3144.22,Rs./Quintal
Punjab,Vegetables,Onion,2026-08-27,764.86,Metric Tonnes,3034.83,Rs./Quintal
Punjab,Vegetables,Onion,2026-08-28,795.54,Metric Tonnes,3155.21,Rs./Quintal
Punjab,Vegetables,Onion,2026-08-29,945.55,Metric Tonnes,3081.86,Rs./Quintal
Punjab,Vegetables,Onion,2026-08-30,71.63,Metric Tonnes,3109.23,Rs./Quintal
Punjab,Vegetables,Onion,2026-08-31,1077.69,Metric Tonnes,3178.49,Rs./Quintal
Punjab,Vegetables,Onion,2026-09-01,1039.31,Metric Tonnes,3661.41,Rs./Quintal
Punjab,Vegetables,Onion,2026-09-02,983.58,Metric Tonnes,3576.83,Rs./Quintal
Punjab,Vegetables,Onion,2026-09-03,963.65,Metric Tonnes,3673.27,Rs./Quintal
Punjab,Vegetables,Onion,2026-09-04,794.44,Metric Tonnes,3773.88,Rs./Quintal
Punjab,Vegetables,Onion,2026-09-05,848.07,Metric Tonnes,3771.99,Rs./Quintal
Punjab,Vegetables,Onion,2026-09-06,88.91,Metric Tonnes,3828.09,Rs./Quintal
Punjab,Vegetables,Onion,2026-09-07,1277.69,Metric Tonnes,3319.07,Rs./Quintal
Punjab,Vegetables,Onion,2026-09-08,925.79,Metric Tonnes,3669.69,Rs./Quintal
Punjab,Vegetables,Onion,2026-09-09,1029.94,Metric Tonnes,3783.8,Rs./Quintal
Punjab,Vegetables,Onion,2026-09-10,1018.23,Metric Tonnes,3798.08,Rs./Quintal
Punjab,Vegetables,Potato,2024-01-01,1487.95,Metric Tonnes,407.44,Rs./Quintal
Punjab,Vegetables,Potato,2024-01-02,1335.19,Metric Tonnes,425.98,Rs./Quintal
Punjab,Vegetables,Potato,2024-01-03,1299.55,Metric Tonnes,429.98,Rs./Quintal
Punjab,Vegetables,Potato,2024-01-04,1625.1,Metric Tonnes,437.79,Rs./Quintal
Punjab,Vegetables,Potato,2024-01-05,1449.23,Metric Tonnes,398.49,Rs./Quintal
Punjab,Vegetables,Potato,2024-01-06,1315.92,Metric Tonnes,364.08,Rs./Quintal
Punjab,Vegetables,Potato,2024-01-07,114.55,Metric Tonnes,727.72,Rs./Quintal
Punjab,Vegetables,Potato,2024-01-08,1512.43,Metric Tonnes,385.4,Rs./Quintal
Punjab,Vegetables,Potato,2024-01-09,1267.61,Metric Tonnes,389.64,Rs./Quintal
Punjab,Vegetables,Potato,2024-01-10,1329.48,Metric Tonnes,376.97,Rs./Quintal
Punjab,Vegetables,Potato,2024-01-11,1144.12,Metric Tonnes,388.31,Rs./Quintal
Punjab,Vegetables,Potato,2024-01-12,1689.23,Metric Tonnes,402.86,Rs./Quintal
Punjab,Vegetables,Potato,2024-01-13,970.76,Metric Tonnes,385.73,Rs./Quintal
Punjab,Vegetables,Potato,2024-01-14,79.3,Metric Tonnes,514.34,Rs./Quintal
Punjab,Vegetables,Potato,2024-01-15,1263.54,Metric Tonnes,423.27,Rs./Quintal
Punjab,Vegetables,Potato,2024-01-16,1183.99,Metric Tonnes,408.0,Rs./Quintal
Punjab,Vegetables,Potato,2024-01-17,950.07,Metric Tonnes,386.26,Rs./Quintal
Punjab,Vegetables,Potato,2024-01-18,1617.77,Metric Tonnes,406.08,Rs./Quintal
Punjab,Vegetables,Potato,2024-01-19,1427.86,Metric Tonnes,413.49,Rs./Quintal
Punjab,Vegetables,Potato,2024-01-20,1039.11,Metric Tonnes,391.9,Rs./Quintal
Punjab,Vegetables,Potato,2024-01-21,87.85,Metric Tonnes,491.52,Rs./Quintal
Punjab,Vegetables,Potato,2024-01-22,1311.92,Metric Tonnes,390.91,Rs./Quintal
Punjab,Vegetables,Potato,2024-01-23,1438.6,Metric Tonnes,448.33,Rs./Quintal
Punjab,Vegetables,Potato,2024-01-24,1470.84,Metric Tonnes,404.53,Rs./Quintal
Punjab,Vegetables,Potato,2024-01-25,1398.4,Metric Tonnes,391.21,Rs./Quintal
Punjab,Vegetables,Potato,2024-01-26,1204.53,Metric Tonnes,390.78,Rs./Quintal
Punjab,Vegetables,Potato,2024-01-27,1215.75,Metric Tonnes,376.42,Rs./Quintal
Punjab,Vegetables,Potato,2024-01-28,66.4,Metric Tonnes,494.95,Rs./Quintal
Punjab,Vegetables,Potato,2024-01-29,1697.06,Metric Tonnes,423.17,Rs./Quintal
Punjab,Vegetables,Potato,2024-01-30,1483.78,Metric Tonnes,429.8,Rs./Quintal
Punjab,Vegetables,Potato,2024-01-31,1237.94,Metric Tonnes,478.22,Rs./Quintal
Punjab,Vegetables,Potato,2024-02-01,1420.42,Metric Tonnes,443.05,Rs./Quintal
Punjab,Vegetables,Potato,2024-02-02,1322.4,Metric Tonnes,416.67,Rs./Quintal
Punjab,Vegetables,Potato,2024-02-03,1282.54,Metric Tonnes,400.04,Rs./Quintal
Punjab,Vegetables,Potato,2024-02-04,83.6,Metric Tonnes,578.29,Rs./Quintal
Punjab,Vegetables,Potato,2024-02-05,1303.89,Metric Tonnes,433.32,Rs./Quintal
Punjab,Vegetables,Potato,2024-02-06,1318.42,Metric Tonnes,464.38,Rs./Quintal
Punjab,Vegetables,Potato,2024-02-07,1353.19,Metric Tonnes,446.88,Rs./Quintal
Punjab,Vegetables,Potato,2024-02-08,1504.39,Metric Tonnes,463.46,Rs./Quintal
Punjab,Vegetables,Potato,2024-02-09,1546.55,Metric Tonnes,485.07,Rs./Quintal
Punjab,Vegetables,Potato,2024-02-10,1439.95,Metric Tonnes,423.26,Rs./Quintal
Punjab,Vegetables,Potato,2024-02-11,105.15,Metric Tonnes,511.7,Rs./Quintal
Punjab,Vegetables,Potato,2024-02-12,1856.93,Metric Tonnes,440.42,Rs./Quintal
Punjab,Vegetables,Potato,2024-02-13,1597.23,Metric Tonnes,472.31,Rs./Quintal
Punjab,Vegetables,Potato,2024-02-14,1438.77,Metric Tonnes,446.84,Rs./Quintal
Punjab,Vegetables,Potato,2024-02-15,1307.1,Metric Tonnes,441.27,Rs./Quintal
Punjab,Vegetables,Potato,2024-02-16,928.06,Metric Tonnes,450.49,Rs./Quintal
Punjab,Vegetables,Potato,2024-02-17,1356.18,Metric Tonnes,465.17,Rs./Quintal
Punjab,Vegetables,Potato,2024-02-18,64.4,Metric Tonnes,604.81,Rs./Quintal
Punjab,Vegetables,Potato,2024-02-19,1843.88,Metric Tonnes,475.33,Rs./Quintal
Punjab,Vegetables,Potato,2024-02-20,1181.36,Metric Tonnes,441.9,Rs./Quintal
Punjab,Vegetables,Potato,2024-02-21,1201.2,Metric Tonnes,442.95,Rs./Quintal
Punjab,Vegetables,Potato,2024-02-22,1170.34,Metric Tonnes,492.33,Rs./Quintal
Punjab,Vegetables,Potato,2024-02-23,1204.6,Metric Tonnes,448.82,Rs./Quintal
Punjab,Vegetables,Potato,2024-02-24,1031.87,Metric Tonnes,452.44,Rs./Quintal
Punjab,Vegetables,Potato,2024-02-25,54.3,Metric Tonnes,659.67,Rs./Quintal
Punjab,Vegetables,Potato,2024-02-26,1806.74,Metric Tonnes,499.73,Rs./Quintal
Punjab,Vegetables,Potato,2024-02-27,1663.64,Metric Tonnes,517.02,Rs./Quintal
Punjab,Vegetables,Potato,2024-02-28,1671.89,Metric Tonnes,545.17,Rs./Quintal
Punjab,Vegetables,Potato,2024-02-29,1603.49,Metric Tonnes,556.49,Rs./Quintal
Punjab,Vegetables,Potato,2024-03-01,1561.64,Metric Tonnes,544.23,Rs./Quintal
Punjab,Vegetables,Potato,2024-03-02,874.47,Metric Tonnes,512.66,Rs./Quintal
Punjab,Vegetables,Potato,2024-03-03,68.65,Metric Tonnes,731.97,Rs./Quintal
Punjab,Vegetables,Potato,2024-03-04,1271.0,Metric Tonnes,508.64,Rs./Quintal
Punjab,Vegetables,Potato,2024-03-05,1525.62,Metric Tonnes,591.49,Rs./Quintal
Punjab,Vegetables,Potato,2024-03-06,1338.81,Metric Tonnes,564.29,Rs./Quintal
Punjab,Vegetables,Potato,2024-03-07,937.11,Metric Tonnes,641.19,Rs./Quintal
Punjab,Vegetables,Potato,2024-03-08,1363.0,Metric Tonnes,550.12,Rs./Quintal
Punjab,Vegetables,Potato,2024-03-09,1155.2,Metric Tonnes,584.72,Rs./Quintal
Punjab,Vegetables,Potato,2024-03-10,75.5,Metric Tonnes,788.48,Rs./Quintal
Punjab,Vegetables,Potato,2024-03-11,1431.12,Metric Tonnes,566.57,Rs./Quintal
Punjab,Vegetables,Potato,2024-03-12,1455.84,Metric Tonnes,654.71,Rs./Quintal
Punjab,Vegetables,Potato,2024-03-13,1033.63,Metric Tonnes,605.35,Rs./Quintal
Punjab,Vegetables,Potato,2024-03-14,1372.16,Metric Tonnes,627.71,Rs./Quintal
Punjab,Vegetables,Potato,2024-03-15,766.6,Metric Tonnes,588.02,Rs./Quintal
Punjab,Vegetables,Potato,2024-03-16,1034.49,Metric Tonnes,567.17,Rs./Quintal
Punjab,Vegetables,Potato,2024-03-17,65.29,Metric Tonnes,861.13,Rs./Quintal
Punjab,Vegetables,Potato,2024-03-18,1479.75,Metric Tonnes,633.34,Rs./Quintal
Punjab,Vegetables,Potato,2024-03-19,1570.12,Metric Tonnes,595.36,Rs./Quintal
Punjab,Vegetables,Potato,2024-03-20,1498.74,Metric Tonnes,634.94,Rs./Quintal
Punjab,Vegetables,Potato,2024-03-21,1197.75,Metric Tonnes,597.8,Rs./Quintal
Punjab,Vegetables,Potato,2024-03-22,1009.18,Metric Tonnes,608.82,Rs./Quintal
Punjab,Vegetables,Potato,2024-03-23,837.28,Metric Tonnes,566.71,Rs./Quintal
Punjab,Vegetables,Potato,2024-03-24,49.23,Metric Tonnes,940.28,Rs./Quintal
Punjab,Vegetables,Potato,2024-03-25,1011.47,Metric Tonnes,677.58,Rs./Quintal
Punjab,Vegetables,Potato,2024-03-26,870.31,Metric Tonnes,687.96,Rs./Quintal
Punjab,Vegetables,Potato,2024-03-27,895.0,Metric Tonnes,697.82,Rs./Quintal
Punjab,Vegetables,Potato,2024-03-28,1271.36,Metric Tonnes,689.91,Rs./Quintal
Punjab,Vegetables,Potato,2024-03-29,1037.93,Metric Tonnes,625.49,Rs./Quintal
Punjab,Vegetables,Potato,2024-03-30,814.6,Metric Tonnes,597.95,Rs./Quintal
Punjab,Vegetables,Potato,2024-03-31,92.44,Metric Tonnes,872.13,Rs./Quintal
Punjab,Vegetables,Potato,2024-04-01,1109.91,Metric Tonnes,579.14,Rs./Quintal
Punjab,Vegetables,Potato,2024-04-02,1223.37,Metric Tonnes,604.26,Rs./Quintal
Punjab,Vegetables,Potato,2024-04-03,867.99,Metric Tonnes,630.75,Rs./Quintal
Punjab,Vegetables,Potato,2024-04-04,1382.84,Metric Tonnes,655.36,Rs./Quintal
Punjab,Vegetables,Potato,2024-04-05,1280.97,Metric Tonnes,718.91,Rs./Quintal
Punjab,Vegetables,Potato,2024-04-06,916.26,Metric Tonnes,657.53,Rs./Quintal
Punjab,Vegetables,Potato,2024-04-07,83.9,Metric Tonnes,974.21,Rs./Quintal
Punjab,Vegetables,Potato,2024-04-08,1226.47,Metric Tonnes,565.51,Rs./Quintal
Punjab,Vegetables,Potato,2024-04-09,1320.19,Metric Tonnes,699.44,Rs./Quintal
Punjab,Vegetables,Potato,2024-04-10,1154.66,Metric Tonnes,735.68,Rs./Quintal
Punjab,Vegetables,Potato,2024-04-11,721.23,Metric Tonnes,739.39,Rs./Quintal
Punjab,Vegetables,Potato,2024-04-12,962.99,Metric Tonnes,734.84,Rs./Quintal
Punjab,Vegetables,Potato,2024-04-13,858.42,Metric Tonnes,686.92,Rs./Quintal
Punjab,Vegetables,Potato,2024-04-14,79.5,Metric Tonnes,998.26,Rs./Quintal
Punjab,Vegetables,Potato,2024-04-15,1077.54,Metric Tonnes,757.77,Rs./Quintal
Punjab,Vegetables,Potato,2024-04-16,1308.52,Metric Tonnes,846.66,Rs./Quintal
Punjab,Vegetables,Potato,2024-04-17,780.04,Metric Tonnes,923.15,Rs./Quintal
Punjab,Vegetables,Potato,2024-04-18,1094.53,Metric Tonnes,908.06,Rs./Quintal
Punjab,Vegetables,Potato,2024-04-19,590.9,Metric Tonnes,814.8,Rs./Quintal
Punjab,Vegetables,Potato,2024-04-20,733.43,Metric Tonnes,838.4,Rs./Quintal
Punjab,Vegetables,Potato,2024-04-21,107.22,Metric Tonnes,1023.08,Rs./Quintal
Punjab,Vegetables,Potato,2024-04-22,1126.74,Metric Tonnes,832.37,Rs./Quintal
Punjab,Vegetables,Potato,2024-04-23,1047.86,Metric Tonnes,1002.0,Rs./Quintal
Punjab,Vegetables,Potato,2024-04-24,1011.53,Metric Tonnes,956.56,Rs./Quintal
Punjab,Vegetables,Potato,2024-04-25,1056.45,Metric Tonnes,1010.28,Rs./Quintal
Punjab,Vegetables,Potato,2024-04-26,959.7,Metric Tonnes,1042.42,Rs./Quintal
Punjab,Vegetables,Potato,2024-04-27,979.82,Metric Tonnes,1002.11,Rs./Quintal
Punjab,Vegetables,Potato,2024-04-28,70.83,Metric Tonnes,1214.3,Rs./Quintal
Punjab,Vegetables,Potato,2024-04-29,1034.95,Metric Tonnes,979.08,Rs./Quintal
Punjab,Vegetables,Potato,2024-04-30,884.19,Metric Tonnes,1058.74,Rs./Quintal
Punjab,Vegetables,Potato,2024-05-01,805.44,Metric Tonnes,968.24,Rs./Quintal
Punjab,Vegetables,Potato,2024-05-02,808.59,Metric Tonnes,984.24,Rs./Quintal
Punjab,Vegetables,Potato,2024-05-03,784.66,Metric Tonnes,999.26,Rs./Quintal
Punjab,Vegetables,Potato,2024-05-04,682.43,Metric Tonnes,1012.72,Rs./Quintal
Punjab,Vegetables,Potato,2024-05-05,106.1,Metric Tonnes,1322.24,Rs./Quintal
Punjab,Vegetables,Potato,2024-05-06,830.64,Metric Tonnes,885.65,Rs./Quintal
Punjab,Vegetables,Potato,2024-05-07,793.4,Metric Tonnes,1000.47,Rs./Quintal
Punjab,Vegetables,Potato,2024-05-08,774.25,Metric Tonnes,1040.29,Rs./Quintal
Punjab,Vegetables,Potato,2024-05-09,671.91,Metric Tonnes,1039.91,Rs./Quintal
Punjab,Vegetables,Potato,2024-05-10,620.39,Metric Tonnes,1054.84,Rs./Quintal
Punjab,Vegetables,Potato,2024-05-11,632.43,Metric Tonnes,1073.59,Rs./Quintal
Punjab,Vegetables,Potato,2024-05-12,60.45,Metric Tonnes,1257.73,Rs./Quintal
Punjab,Vegetables,Potato,2024-05-13,784.25,Metric Tonnes,1061.61,Rs./Quintal
Punjab,Vegetables,Potato,2024-05-14,736.16,Metric Tonnes,1058.96,Rs./Quintal
Punjab,Vegetables,Potato,2024-05-15,815.28,Metric Tonnes,1158.39,Rs./Quintal
Punjab,Vegetables,Potato,2024-05-16,840.98,Metric Tonnes,1127.32,Rs./Quintal
Punjab,Vegetables,Potato,2024-05-17,868.68,Metric Tonnes,1088.92,Rs./Quintal
Punjab,Vegetables,Potato,2024-05-18,811.12,Metric Tonnes,1081.1,Rs./Quintal
Punjab,Vegetables,Potato,2024-05-19,79.15,Metric Tonnes,1478.71,Rs./Quintal
Punjab,Vegetables,Potato,2024-05-20,805.21,Metric Tonnes,1090.23,Rs./Quintal
Punjab,Vegetables,Potato,2024-05-21,571.27,Metric Tonnes,1039.02,Rs./Quintal
Punjab,Vegetables,Potato,2024-05-22,657.19,Metric Tonnes,1137.25,Rs./Quintal
Punjab,Vegetables,Potato,2024-05-23,624.68,Metric Tonnes,978.75,Rs./Quintal
Punjab,Vegetables,Potato,2024-05-24,774.9,Metric Tonnes,1116.92,Rs./Quintal
Punjab,Vegetables,Potato,2024-05-25,580.69,Metric Tonnes,998.15,Rs./Quintal
Punjab,Vegetables,Potato,2024-05-26,53.6,Metric Tonnes,1414.69,Rs./Quintal
Punjab,Vegetables,Potato,2024-05-27,686.68,Metric Tonnes,1022.11,Rs./Quintal
Punjab,Vegetables,Potato,2024-05-28,678.32,Metric Tonnes,1133.39,Rs./Quintal
Punjab,Vegetables,Potato,2024-05-29,775.78,Metric Tonnes,1090.42,Rs./Quintal
Punjab,Vegetables,Potato,2024-05-30,723.11,Metric Tonnes,1134.04,Rs./Quintal
Punjab,Vegetables,Potato,2024-05-31,804.04,Metric Tonnes,1112.99,Rs./Quintal
Punjab,Vegetables,Potato,2024-06-01,592.77,Metric Tonnes,1111.51,Rs./Quintal
Punjab,Vegetables,Potato,2024-06-02,80.5,Metric Tonnes,1241.61,Rs./Quintal
Punjab,Vegetables,Potato,2024-06-03,681.93,Metric Tonnes,1092.34,Rs./Quintal
Punjab,Vegetables,Potato,2024-06-04,668.48,Metric Tonnes,1054.08,Rs./Quintal
Punjab,Vegetables,Potato,2024-06-05,636.02,Metric Tonnes,945.47,Rs./Quintal
Punjab,Vegetables,Potato,2024-06-06,717.73,Metric Tonnes,1018.95,Rs./Quintal
Punjab,Vegetables,Potato,2024-06-07,716.97,Metric Tonnes,1093.05,Rs./Quintal
Punjab,Vegetables,Potato,2024-06-08,550.36,Metric Tonnes,1056.9,Rs./Quintal
Punjab,Vegetables,Potato,2024-06-09,56.75,Metric Tonnes,1326.17,Rs./Quintal
Punjab,Vegetables,Potato,2024-06-10,812.88,Metric Tonnes,1056.93,Rs./Quintal
Punjab,Vegetables,Potato,2024-06-11,802.05,Metric Tonnes,1132.1,Rs./Quintal
Punjab,Vegetables,Potato,2024-06-12,756.03,Metric Tonnes,1148.89,Rs./Quintal
Punjab,Vegetables,Potato,2024-06-13,733.36,Metric Tonnes,1103.58,Rs./Quintal
Punjab,Vegetables,Potato,2024-06-14,594.25,Metric Tonnes,1032.43,Rs./Quintal
Punjab,Vegetables,Potato,2024-06-15,538.35,Metric Tonnes,1029.01,Rs./Quintal
Punjab,Vegetables,Potato,2024-06-16,51.35,Metric Tonnes,1563.12,Rs./Quintal
Punjab,Vegetables,Potato,2024-06-17,734.12,Metric Tonnes,1002.24,Rs./Quintal
Punjab,Vegetables,Potato,2024-06-18,616.41,Metric Tonnes,1061.96,Rs./Quintal
Punjab,Vegetables,Potato,2024-06-19,666.95,Metric Tonnes,1114.49,Rs./Quintal
Punjab,Vegetables,Potato,2024-06-20,819.93,Metric Tonnes,1217.17,Rs./Quintal
Punjab,Vegetables,Potato,2024-06-21,758.58,Metric Tonnes,1233.8,Rs./Quintal
Punjab,Vegetables,Potato,2024-06-22,785.16,Metric Tonnes,1184.1,Rs./Quintal
Punjab,Vegetables,Potato,2024-06-23,98.78,Metric Tonnes,1423.47,Rs./Quintal
Punjab,Vegetables,Potato,2024-06-24,866.19,Metric Tonnes,1179.53,Rs./Quintal
Punjab,Vegetables,Potato,2024-06-25,873.3,Metric Tonnes,1287.53,Rs./Quintal
Punjab,Vegetables,Potato,2024-06-26,857.71,Metric Tonnes,1140.97,Rs./Quintal
Punjab,Vegetables,Potato,2024-06-27,628.81,Metric Tonnes,1086.62,Rs./Quintal
Punjab,Vegetables,Potato,2024-06-28,890.27,Metric Tonnes,1232.7,Rs./Quintal
Punjab,Vegetables,Potato,2024-06-29,825.31,Metric Tonnes,1158.69,Rs./Quintal
Punjab,Vegetables,Potato,2024-06-30,70.91,Metric Tonnes,1478.92,Rs./Quintal
Punjab,Vegetables,Potato,2024-07-01,878.83,Metric Tonnes,1161.83,Rs./Quintal
Punjab,Vegetables,Potato,2024-07-02,662.02,Metric Tonnes,1208.73,Rs./Quintal
Punjab,Vegetables,Potato,2024-07-03,662.63,Metric Tonnes,1188.92,Rs./Quintal
Punjab,Vegetables,Potato,2024-07-04,664.42,Metric Tonnes,1125.79,Rs./Quintal
Punjab,Vegetables,Potato,2024-07-05,635.24,Metric Tonnes,1192.61,Rs./Quintal
Punjab,Vegetables,Potato,2024-07-06,668.08,Metric Tonnes,1228.48,Rs./Quintal
Punjab,Vegetables,Potato,2024-07-07,72.35,Metric Tonnes,1563.93,Rs./Quintal
Punjab,Vegetables,Potato,2024-07-08,866.63,Metric Tonnes,1137.73,Rs./Quintal
Punjab,Vegetables,Potato,2024-07-09,841.95,Metric Tonnes,1268.63,Rs./Quintal
Punjab,Vegetables,Potato,2024-07-10,795.08,Metric Tonnes,1278.33,Rs./Quintal
Punjab,Vegetables,Potato,2024-07-11,793.27,Metric Tonnes,1274.04,Rs./Quintal
Punjab,Vegetables,Potato,2024-07-12,647.66,Metric Tonnes,1178.16,Rs./Quintal
Punjab,Vegetables,Potato,2024-07-13,574.86,Metric Tonnes,1192.97,Rs./Quintal
Punjab,Vegetables,Potato,2024-07-14,43.45,Metric Tonnes,1889.48,Rs./Quintal
Punjab,Vegetables,Potato,2024-07-15,872.64,Metric Tonnes,1110.6,Rs./Quintal
Punjab,Vegetables,Potato,2024-07-16,943.96,Metric Tonnes,1298.33,Rs./Quintal
Punjab,Vegetables,Potato,2024-07-17,823.36,Metric Tonnes,1250.94,Rs./Quintal
Punjab,Vegetables,Potato,2024-07-18,940.94,Metric Tonnes,1378.05,Rs./Quintal
Punjab,Vegetables,Potato,2024-07-19,914.02,Metric Tonnes,1408.33,Rs./Quintal
Punjab,Vegetables,Potato,2024-07-20,737.83,Metric Tonnes,1349.24,Rs./Quintal
Punjab,Vegetables,Potato,2024-07-21,60.6,Metric Tonnes,1535.66,Rs./Quintal
Punjab,Vegetables,Potato,2024-07-22,785.67,Metric Tonnes,1115.64,Rs./Quintal
Punjab,Vegetables,Potato,2024-07-23,714.79,Metric Tonnes,1231.16,Rs./Quintal
Punjab,Vegetables,Potato,2024-07-24,642.96,Metric Tonnes,1247.07,Rs./Quintal
Punjab,Vegetables,Potato,2024-07-25,935.65,Metric Tonnes,1321.67,Rs./Quintal
Punjab,Vegetables,Potato,2024-07-26,897.9,Metric Tonnes,1320.58,Rs./Quintal
Punjab,Vegetables,Potato,2024-07-27,903.15,Metric Tonnes,1306.1,Rs./Quintal
Punjab,Vegetables,Potato,2024-07-28,52.5,Metric Tonnes,1707.2,Rs./Quintal
Punjab,Vegetables,Potato,2024-07-29,991.24,Metric Tonnes,1224.05,Rs./Quintal
Punjab,Vegetables,Potato,2024-07-30,860.96,Metric Tonnes,1287.07,Rs./Quintal
Punjab,Vegetables,Potato,2024-07-31,800.09,Metric Tonnes,1266.62,Rs./Quintal
Punjab,Vegetables,Potato,2024-08-01,692.56,Metric Tonnes,1351.93,Rs./Quintal
Punjab,Vegetables,Potato,2024-08-02,573.99,Metric Tonnes,1294.73,Rs./Quintal
Punjab,Vegetables,Potato,2024-08-03,572.5,Metric Tonnes,1159.26,Rs./Quintal
Punjab,Vegetables,Potato,2024-08-04,74.25,Metric Tonnes,1811.92,Rs./Quintal
Punjab,Vegetables,Potato,2024-08-05,839.93,Metric Tonnes,1190.82,Rs./Quintal
Punjab,Vegetables,Potato,2024-08-06,842.71,Metric Tonnes,1347.32,Rs./Quintal
Punjab,Vegetables,Potato,2024-08-07,755.91,Metric Tonnes,1213.35,Rs./Quintal
Punjab,Vegetables,Potato,2024-08-08,775.77,Metric Tonnes,1275.66,Rs./Quintal
Punjab,Vegetables,Potato,2024-08-09,739.35,Metric Tonnes,1361.33,Rs./Quintal
Punjab,Vegetables,Potato,2024-08-10,595.21,Metric Tonnes,1352.82,Rs./Quintal
Punjab,Vegetables,Potato,2024-08-11,47.9,Metric Tonnes,1750.2,Rs./Quintal
Punjab,Vegetables,Potato,2024-08-12,974.74,Metric Tonnes,1312.18,Rs./Quintal
Punjab,Vegetables,Potato,2024-08-13,693.81,Metric Tonnes,1263.03,Rs./Quintal
Punjab,Vegetables,Potato,2024-08-14,672.54,Metric Tonnes,1400.27,Rs./Quintal
Punjab,Vegetables,Potato,2024-08-15,793.28,Metric Tonnes,1249.68,Rs./Quintal
Punjab,Vegetables,Potato,2024-08-16,878.36,Metric Tonnes,1196.99,Rs./Quintal
Punjab,Vegetables,Potato,2024-08-17,524.03,Metric Tonnes,1317.3,Rs./Quintal
Punjab,Vegetables,Potato,2024-08-18,57.27,Metric Tonnes,1828.55,Rs./Quintal
Punjab,Vegetables,Potato,2024-08-19,786.17,Metric Tonnes,1202.7,Rs./Quintal
Punjab,Vegetables,Potato,2024-08-20,857.07,Metric Tonnes,1304.45,Rs./Quintal
Punjab,Vegetables,Potato,2024-08-21,925.52,Metric Tonnes,1308.09,Rs./Quintal
Punjab,Vegetables,Potato,2024-08-22,899.46,Metric Tonnes,1436.73,Rs./Quintal
Punjab,Vegetables,Potato,2024-08-23,811.48,Metric Tonnes,1367.23,Rs./Quintal
Punjab,Vegetables,Potato,2024-08-24,336.59,Metric Tonnes,1297.21,Rs./Quintal
Punjab,Vegetables,Potato,2024-08-25,53.35,Metric Tonnes,1807.22,Rs./Quintal
Punjab,Vegetables,Potato,2024-08-26,944.57,Metric Tonnes,1161.91,Rs./Quintal
Punjab,Vegetables,Potato,2024-08-27,857.39,Metric Tonnes,1370.16,Rs./Quintal
Punjab,Vegetables,Potato,2024-08-28,814.41,Metric Tonnes,1308.93,Rs./Quintal
Punjab,Vegetables,Potato,2024-08-29,770.41,Metric Tonnes,1310.68,Rs./Quintal
Punjab,Vegetables,Potato,2024-08-30,904.94,Metric Tonnes,1372.57,Rs./Quintal
Punjab,Vegetables,Potato,2024-08-31,898.84,Metric Tonnes,1369.63,Rs./Quintal
Punjab,Vegetables,Potato,2024-09-01,44.8,Metric Tonnes,1639.17,Rs./Quintal
Punjab,Vegetables,Potato,2024-09-02,898.22,Metric Tonnes,1414.53,Rs./Quintal
Punjab,Vegetables,Potato,2024-09-03,813.62,Metric Tonnes,1318.6,Rs./Quintal
Punjab,Vegetables,Potato,2024-09-04,746.36,Metric Tonnes,1308.49,Rs./Quintal
Punjab,Vegetables,Potato,2024-09-05,725.42,Metric Tonnes,1420.76,Rs./Quintal
Punjab,Vegetables,Potato,2024-09-06,881.8,Metric Tonnes,1344.13,Rs./Quintal
Punjab,Vegetables,Potato,2024-09-07,675.48,Metric Tonnes,1275.55,Rs./Quintal
Punjab,Vegetables,Potato,2024-09-08,46.95,Metric Tonnes,1708.41,Rs./Quintal
Punjab,Vegetables,Potato,2024-09-09,854.69,Metric Tonnes,1153.83,Rs./Quintal
Punjab,Vegetables,Potato,2024-09-10,803.73,Metric Tonnes,1358.54,Rs./Quintal
Punjab,Vegetables,Potato,2024-09-11,896.84,Metric Tonnes,1354.48,Rs./Quintal
Punjab,Vegetables,Potato,2024-09-12,1004.92,Metric Tonnes,1295.17,Rs./Quintal
Punjab,Vegetables,Potato,2024-09-13,1004.23,Metric Tonnes,1325.4,Rs./Quintal
Punjab,Vegetables,Potato,2024-09-14,799.08,Metric Tonnes,1308.5,Rs./Quintal
Punjab,Vegetables,Potato,2024-09-15,41.8,Metric Tonnes,1686.6,Rs./Quintal
Punjab,Vegetables,Potato,2024-09-16,1081.08,Metric Tonnes,1262.35,Rs./Quintal
Punjab,Vegetables,Potato,2024-09-17,1152.38,Metric Tonnes,1336.29,Rs./Quintal
Punjab,Vegetables,Potato,2024-09-18,691.57,Metric Tonnes,1249.94,Rs./Quintal
Punjab,Vegetables,Potato,2024-09-19,1042.6,Metric Tonnes,1301.53,Rs./Quintal
Punjab,Vegetables,Potato,2024-09-20,1123.0,Metric Tonnes,1327.73,Rs./Quintal
Punjab,Vegetables,Potato,2024-09-21,883.59,Metric Tonnes,1397.66,Rs./Quintal
Punjab,Vegetables,Potato,2024-09-22,57.43,Metric Tonnes,1824.66,Rs./Quintal
Punjab,Vegetables,Potato,2024-09-23,1061.7,Metric Tonnes,1299.31,Rs./Quintal
Punjab,Vegetables,Potato,2024-09-24,915.01,Metric Tonnes,1341.6,Rs./Quintal
Punjab,Vegetables,Potato,2024-09-25,893.71,Metric Tonnes,1353.57,Rs./Quintal
Punjab,Vegetables,Potato,2024-09-26,891.91,Metric Tonnes,1357.52,Rs./Quintal
Punjab,Vegetables,Potato,2024-09-27,776.54,Metric Tonnes,1431.01,Rs./Quintal
Punjab,Vegetables,Potato,2024-09-28,814.66,Metric Tonnes,1369.08,Rs./Quintal
Punjab,Vegetables,Potato,2024-09-29,75.75,Metric Tonnes,1411.02,Rs./Quintal
Punjab,Vegetables,Potato,2024-09-30,942.5,Metric Tonnes,1357.61,Rs./Quintal
Punjab,Vegetables,Potato,2024-10-01,740.42,Metric Tonnes,1412.8,Rs./Quintal
Punjab,Vegetables,Potato,2024-10-02,456.83,Metric Tonnes,1476.91,Rs./Quintal
Punjab,Vegetables,Potato,2024-10-03,679.05,Metric Tonnes,1366.8,Rs./Quintal
Punjab,Vegetables,Potato,2024-10-04,838.2,Metric Tonnes,1367.6,Rs./Quintal
Punjab,Vegetables,Potato,2024-10-05,704.36,Metric Tonnes,1390.01,Rs./Quintal
Punjab,Vegetables,Potato,2024-10-06,56.75,Metric Tonnes,1637.09,Rs./Quintal
Punjab,Vegetables,Potato,2024-10-07,843.02,Metric Tonnes,1343.44,Rs./Quintal
Punjab,Vegetables,Potato,2024-10-08,822.91,Metric Tonnes,1426.63,Rs./Quintal
Punjab,Vegetables,Potato,2024-10-09,1085.7,Metric Tonnes,1462.15,Rs./Quintal
Punjab,Vegetables,Potato,2024-10-10,1062.57,Metric Tonnes,1527.28,Rs./Quintal
Punjab,Vegetables,Potato,2024-10-11,778.27,Metric Tonnes,1338.07,Rs./Quintal
Punjab,Vegetables,Potato,2024-10-12,776.43,Metric Tonnes,1397.41,Rs./Quintal
Punjab,Vegetables,Potato,2024-10-13,116.15,Metric Tonnes,1650.62,Rs./Quintal
Punjab,Vegetables,Potato,2024-10-14,918.79,Metric Tonnes,1280.56,Rs./Quintal
Punjab,Vegetables,Potato,2024-10-15,824.04,Metric Tonnes,1467.12,Rs./Quintal
Punjab,Vegetables,Potato,2024-10-16,982.87,Metric Tonnes,1386.08,Rs./Quintal
Punjab,Vegetables,Potato,2024-10-17,635.2,Metric Tonnes,1561.18,Rs./Quintal
Punjab,Vegetables,Potato,2024-10-18,675.35,Metric Tonnes,1582.66,Rs./Quintal
Punjab,Vegetables,Potato,2024-10-19,834.87,Metric Tonnes,1453.99,Rs./Quintal
Punjab,Vegetables,Potato,2024-10-20,72.1,Metric Tonnes,1473.23,Rs./Quintal
Punjab,Vegetables,Potato,2024-10-21,746.5,Metric Tonnes,1572.64,Rs./Quintal
Punjab,Vegetables,Potato,2024-10-22,822.62,Metric Tonnes,1393.73,Rs./Quintal
Punjab,Vegetables,Potato,2024-10-23,834.05,Metric Tonnes,1291.5,Rs./Quintal
Punjab,Vegetables,Potato,2024-10-24,814.57,Metric Tonnes,1393.68,Rs./Quintal
Punjab,Vegetables,Potato,2024-10-25,1049.57,Metric Tonnes,1605.46,Rs./Quintal
Punjab,Vegetables,Potato,2024-10-26,979.61,Metric Tonnes,1520.22,Rs./Quintal
Punjab,Vegetables,Potato,2024-10-27,78.8,Metric Tonnes,1855.08,Rs./Quintal
Punjab,Vegetables,Potato,2024-10-28,902.92,Metric Tonnes,1330.27,Rs./Quintal
Punjab,Vegetables,Potato,2024-10-29,654.44,Metric Tonnes,1491.62,Rs./Quintal
Punjab,Vegetables,Potato,2024-10-30,735.56,Metric Tonnes,1245.37,Rs./Quintal
Punjab,Vegetables,Potato,2024-10-31,353.84,Metric Tonnes,1423.57,Rs./Quintal
Punjab,Vegetables,Potato,2024-11-01,623.83,Metric Tonnes,1466.92,Rs./Quintal
Punjab,Vegetables,Potato,2024-11-02,491.47,Metric Tonnes,2222.51,Rs./Quintal
Punjab,Vegetables,Potato,2024-11-03,236.66,Metric Tonnes,2124.61,Rs./Quintal
Punjab,Vegetables,Potato,2024-11-04,764.77,Metric Tonnes,1236.56,Rs./Quintal
Punjab,Vegetables,Potato,2024-11-05,1350.62,Metric Tonnes,1379.72,Rs./Quintal
Punjab,Vegetables,Potato,2024-11-06,889.37,Metric Tonnes,1468.88,Rs./Quintal
Punjab,Vegetables,Potato,2024-11-07,738.33,Metric Tonnes,1347.78,Rs./Quintal
Punjab,Vegetables,Potato,2024-11-08,1048.98,Metric Tonnes,1563.46,Rs./Quintal
Punjab,Vegetables,Potato,2024-11-09,931.24,Metric Tonnes,1538.39,Rs./Quintal
Punjab,Vegetables,Potato,2024-11-10,41.4,Metric Tonnes,1778.5,Rs./Quintal
Punjab,Vegetables,Potato,2024-11-11,1266.86,Metric Tonnes,1363.84,Rs./Quintal
Punjab,Vegetables,Potato,2024-11-12,933.06,Metric Tonnes,1347.75,Rs./Quintal
Punjab,Vegetables,Potato,2024-11-13,734.57,Metric Tonnes,1226.53,Rs./Quintal
Punjab,Vegetables,Potato,2024-11-14,914.15,Metric Tonnes,1391.49,Rs./Quintal
Punjab,Vegetables,Potato,2024-11-15,938.12,Metric Tonnes,1429.13,Rs./Quintal
Punjab,Vegetables,Potato,2024-11-16,759.65,Metric Tonnes,1119.53,Rs./Quintal
Punjab,Vegetables,Potato,2024-11-17,20.7,Metric Tonnes,2049.28,Rs./Quintal
Punjab,Vegetables,Potato,2024-11-18,926.6,Metric Tonnes,1195.54,Rs./Quintal
Punjab,Vegetables,Potato,2024-11-19,1013.17,Metric Tonnes,1512.05,Rs./Quintal
Punjab,Vegetables,Potato,2024-11-20,1099.29,Metric Tonnes,1390.01,Rs./Quintal
Punjab,Vegetables,Potato,2024-11-21,1173.85,Metric Tonnes,1483.02,Rs./Quintal
Punjab,Vegetables,Potato,2024-11-22,1192.73,Metric Tonnes,1503.38,Rs./Quintal
Punjab,Vegetables,Potato,2024-11-23,1063.22,Metric Tonnes,1408.58,Rs./Quintal
Punjab,Vegetables,Potato,2024-11-24,120.38,Metric Tonnes,1715.38,Rs./Quintal
Punjab,Vegetables,Potato,2024-11-25,1201.78,Metric Tonnes,1456.1,Rs./Quintal
Punjab,Vegetables,Potato,2024-11-26,1205.27,Metric Tonnes,1563.28,Rs./Quintal
Punjab,Vegetables,Potato,2024-11-27,1122.63,Metric Tonnes,1697.03,Rs./Quintal
Punjab,Vegetables,Potato,2024-11-28,1578.29,Metric Tonnes,1523.1,Rs./Quintal
Punjab,Vegetables,Potato,2024-11-29,1330.28,Metric Tonnes,1610.29,Rs./Quintal
Punjab,Vegetables,Potato,2024-11-30,1195.79,Metric Tonnes,1553.61,Rs./Quintal
Punjab,Vegetables,Potato,2024-12-01,48.45,Metric Tonnes,1692.47,Rs./Quintal
Punjab,Vegetables,Potato,2024-12-02,1826.08,Metric Tonnes,1356.39,Rs./Quintal
Punjab,Vegetables,Potato,2024-12-03,1387.24,Metric Tonnes,1511.29,Rs./Quintal
Punjab,Vegetables,Potato,2024-12-04,1092.86,Metric Tonnes,1365.63,Rs./Quintal
Punjab,Vegetables,Potato,2024-12-05,980.66,Metric Tonnes,1315.63,Rs./Quintal
Punjab,Vegetables,Potato,2024-12-06,1298.27,Metric Tonnes,1409.05,Rs./Quintal
Punjab,Vegetables,Potato,2024-12-07,1210.44,Metric Tonnes,1319.01,Rs./Quintal
Punjab,Vegetables,Potato,2024-12-08,111.54,Metric Tonnes,1707.73,Rs./Quintal
Punjab,Vegetables,Potato,2024-12-09,2250.64,Metric Tonnes,1068.75,Rs./Quintal
Punjab,Vegetables,Potato,2024-12-10,1713.66,Metric Tonnes,1290.51,Rs./Quintal
Punjab,Vegetables,Potato,2024-12-11,1375.33,Metric Tonnes,1282.68,Rs./Quintal
Punjab,Vegetables,Potato,2024-12-12,1284.12,Metric Tonnes,1154.89,Rs./Quintal
Punjab,Vegetables,Potato,2024-12-13,1636.35,Metric Tonnes,1092.98,Rs./Quintal
Punjab,Vegetables,Potato,2024-12-14,1625.17,Metric Tonnes,1203.19,Rs./Quintal
Punjab,Vegetables,Potato,2024-12-15,61.35,Metric Tonnes,1616.14,Rs./Quintal
Punjab,Vegetables,Potato,2024-12-16,2071.16,Metric Tonnes,1019.71,Rs./Quintal
Punjab,Vegetables,Potato,2024-12-17,1248.55,Metric Tonnes,1112.89,Rs./Quintal
Punjab,Vegetables,Potato,2024-12-18,1194.54,Metric Tonnes,1069.82,Rs./Quintal
Punjab,Vegetables,Potato,2024-12-19,1562.83,Metric Tonnes,1232.5,Rs./Quintal
Punjab,Vegetables,Potato,2024-12-20,1463.37,Metric Tonnes,1186.74,Rs./Quintal
Punjab,Vegetables,Potato,2024-12-21,1447.7,Metric Tonnes,962.39,Rs./Quintal
Punjab,Vegetables,Potato,2024-12-22,114.92,Metric Tonnes,1577.97,Rs./Quintal
Punjab,Vegetables,Potato,2024-12-23,1464.51,Metric Tonnes,817.31,Rs./Quintal
Punjab,Vegetables,Potato,2024-12-24,1143.57,Metric Tonnes,1112.42,Rs./Quintal
Punjab,Vegetables,Potato,2024-12-25,1226.94,Metric Tonnes,1095.73,Rs./Quintal
Punjab,Vegetables,Potato,2024-12-26,1162.68,Metric Tonnes,1016.36,Rs./Quintal
Punjab,Vegetables,Potato,2024-12-27,1584.17,Metric Tonnes,999.8,Rs./Quintal
Punjab,Vegetables,Potato,2024-12-28,597.6,Metric Tonnes,985.24,Rs./Quintal
Punjab,Vegetables,Potato,2024-12-29,32.9,Metric Tonnes,1243.16,Rs./Quintal
Punjab,Vegetables,Potato,2024-12-30,1072.79,Metric Tonnes,1074.8,Rs./Quintal
Punjab,Vegetables,Potato,2024-12-31,1139.46,Metric Tonnes,1117.46,Rs./Quintal
Punjab,Vegetables,Potato,2025-01-01,1487.31,Metric Tonnes,1040.04,Rs./Quintal
Punjab,Vegetables,Potato,2025-01-02,1335.84,Metric Tonnes,1144.42,Rs./Quintal
Punjab,Vegetables,Potato,2025-01-03,1372.55,Metric Tonnes,889.23,Rs./Quintal
Punjab,Vegetables,Potato,2025-01-04,702.39,Metric Tonnes,1019.56,Rs./Quintal
Punjab,Vegetables,Potato,2025-01-05,43.55,Metric Tonnes,1297.36,Rs./Quintal
Punjab,Vegetables,Potato,2025-01-06,1667.84,Metric Tonnes,930.79,Rs./Quintal
Punjab,Vegetables,Potato,2025-01-07,1430.99,Metric Tonnes,977.93,Rs./Quintal
Punjab,Vegetables,Potato,2025-01-08,1064.9,Metric Tonnes,1077.81,Rs./Quintal
Punjab,Vegetables,Potato,2025-01-09,1433.83,Metric Tonnes,933.75,Rs./Quintal
Punjab,Vegetables,Potato,2025-01-10,1467.22,Metric Tonnes,832.6,Rs./Quintal
Punjab,Vegetables,Potato,2025-01-11,1210.33,Metric Tonnes,818.09,Rs./Quintal
Punjab,Vegetables,Potato,2025-01-12,127.59,Metric Tonnes,1410.96,Rs./Quintal
Punjab,Vegetables,Potato,2025-01-13,1228.47,Metric Tonnes,836.02,Rs./Quintal
Punjab,Vegetables,Potato,2025-01-14,1304.05,Metric Tonnes,894.3,Rs./Quintal
Punjab,Vegetables,Potato,2025-01-15,1123.44,Metric Tonnes,921.31,Rs./Quintal
Punjab,Vegetables,Potato,2025-01-16,1039.2,Metric Tonnes,866.5,Rs./Quintal
Punjab,Vegetables,Potato,2025-01-17,937.27,Metric Tonnes,831.91,Rs./Quintal
Punjab,Vegetables,Potato,2025-01-18,1295.21,Metric Tonnes,873.83,Rs./Quintal
Punjab,Vegetables,Potato,2025-01-19,82.56,Metric Tonnes,1359.52,Rs./Quintal
Punjab,Vegetables,Potato,2025-01-20,1729.9,Metric Tonnes,751.91,Rs./Quintal
Punjab,Vegetables,Potato,2025-01-21,1583.87,Metric Tonnes,706.39,Rs./Quintal
Punjab,Vegetables,Potato,2025-01-22,1550.61,Metric Tonnes,694.17,Rs./Quintal
Punjab,Vegetables,Potato,2025-01-23,1421.63,Metric Tonnes,647.64,Rs./Quintal
Punjab,Vegetables,Potato,2025-01-24,1115.39,Metric Tonnes,641.66,Rs./Quintal
Punjab,Vegetables,Potato,2025-01-25,1169.65,Metric Tonnes,659.08,Rs./Quintal
Punjab,Vegetables,Potato,2025-01-26,92.45,Metric Tonnes,1350.16,Rs./Quintal
Punjab,Vegetables,Potato,2025-01-27,1130.09,Metric Tonnes,716.46,Rs./Quintal
Punjab,Vegetables,Potato,2025-01-28,1159.9,Metric Tonnes,696.17,Rs./Quintal
Punjab,Vegetables,Potato,2025-01-29,1262.36,Metric Tonnes,696.23,Rs./Quintal
Punjab,Vegetables,Potato,2025-01-30,1100.01,Metric Tonnes,657.64,Rs./Quintal
Punjab,Vegetables,Potato,2025-01-31,976.44,Metric Tonnes,694.49,Rs./Quintal
Punjab,Vegetables,Potato,2025-02-01,1040.88,Metric Tonnes,608.43,Rs./Quintal
Punjab,Vegetables,Potato,2025-02-02,53.15,Metric Tonnes,766.96,Rs./Quintal
Punjab,Vegetables,Potato,2025-02-03,1496.12,Metric Tonnes,605.36,Rs./Quintal
Punjab,Vegetables,Potato,2025-02-04,1566.83,Metric Tonnes,636.48,Rs./Quintal
Punjab,Vegetables,Potato,2025-02-05,1477.03,Metric Tonnes,627.59,Rs./Quintal
Punjab,Vegetables,Potato,2025-02-06,1160.54,Metric Tonnes,691.8,Rs./Quintal
Punjab,Vegetables,Potato,2025-02-07,1285.07,Metric Tonnes,685.69,Rs./Quintal
Punjab,Vegetables,Potato,2025-02-08,1071.53,Metric Tonnes,636.17,Rs./Quintal
Punjab,Vegetables,Potato,2025-02-09,62.86,Metric Tonnes,686.7,Rs./Quintal
Punjab,Vegetables,Potato,2025-02-10,1611.15,Metric Tonnes,602.68,Rs./Quintal
Punjab,Vegetables,Potato,2025-02-11,1524.66,Metric Tonnes,626.19,Rs./Quintal
Punjab,Vegetables,Potato,2025-02-12,1235.34,Metric Tonnes,538.2,Rs./Quintal
Punjab,Vegetables,Potato,2025-02-13,1635.33,Metric Tonnes,623.33,Rs./Quintal
Punjab,Vegetables,Potato,2025-02-14,1618.39,Metric Tonnes,569.47,Rs./Quintal
Punjab,Vegetables,Potato,2025-02-15,1187.47,Metric Tonnes,657.71,Rs./Quintal
Punjab,Vegetables,Potato,2025-02-16,150.5,Metric Tonnes,667.59,Rs./Quintal
Punjab,Vegetables,Potato,2025-02-17,1709.62,Metric Tonnes,604.54,Rs./Quintal
Punjab,Vegetables,Potato,2025-02-18,1923.7,Metric Tonnes,604.44,Rs./Quintal
Punjab,Vegetables,Potato,2025-02-19,1624.86,Metric Tonnes,607.06,Rs./Quintal
Punjab,Vegetables,Potato,2025-02-20,1382.42,Metric Tonnes,662.21,Rs./Quintal
Punjab,Vegetables,Potato,2025-02-21,1387.48,Metric Tonnes,614.58,Rs./Quintal
Punjab,Vegetables,Potato,2025-02-22,978.43,Metric Tonnes,617.02,Rs./Quintal
Punjab,Vegetables,Potato,2025-02-23,146.7,Metric Tonnes,686.23,Rs./Quintal
Punjab,Vegetables,Potato,2025-02-24,1563.34,Metric Tonnes,612.65,Rs./Quintal
Punjab,Vegetables,Potato,2025-02-25,1515.69,Metric Tonnes,602.59,Rs./Quintal
Punjab,Vegetables,Potato,2025-02-26,1369.28,Metric Tonnes,616.37,Rs./Quintal
Punjab,Vegetables,Potato,2025-02-27,1431.4,Metric Tonnes,571.34,Rs./Quintal
Punjab,Vegetables,Potato,2025-02-28,1599.57,Metric Tonnes,611.73,Rs./Quintal
Punjab,Vegetables,Potato,2025-03-01,1094.96,Metric Tonnes,574.48,Rs./Quintal
Punjab,Vegetables,Potato,2025-03-02,154.19,Metric Tonnes,629.64,Rs./Quintal
Punjab,Vegetables,Potato,2025-03-03,1562.07,Metric Tonnes,583.31,Rs./Quintal
Punjab,Vegetables,Potato,2025-03-04,1631.22,Metric Tonnes,606.24,Rs./Quintal
Punjab,Vegetables,Potato,2025-03-05,1120.34,Metric Tonnes,629.78,Rs./Quintal
Punjab,Vegetables,Potato,2025-03-06,1454.14,Metric Tonnes,628.5,Rs./Quintal
Punjab,Vegetables,Potato,2025-03-07,1618.97,Metric Tonnes,597.81,Rs./Quintal
Punjab,Vegetables,Potato,2025-03-08,1218.32,Metric Tonnes,646.45,Rs./Quintal
Punjab,Vegetables,Potato,2025-03-09,154.05,Metric Tonnes,648.33,Rs./Quintal
Punjab,Vegetables,Potato,2025-03-10,1708.8,Metric Tonnes,625.11,Rs./Quintal
Punjab,Vegetables,Potato,2025-03-11,1951.67,Metric Tonnes,576.88,Rs./Quintal
Punjab,Vegetables,Potato,2025-03-12,1324.19,Metric Tonnes,596.17,Rs./Quintal
Punjab,Vegetables,Potato,2025-03-13,1355.28,Metric Tonnes,595.48,Rs./Quintal
Punjab,Vegetables,Potato,2025-03-14,1158.26,Metric Tonnes,608.6,Rs./Quintal
Punjab,Vegetables,Potato,2025-03-15,1006.67,Metric Tonnes,621.02,Rs./Quintal
Punjab,Vegetables,Potato,2025-03-16,84.9,Metric Tonnes,676.91,Rs./Quintal
Punjab,Vegetables,Potato,2025-03-17,1257.54,Metric Tonnes,623.29,Rs./Quintal
Punjab,Vegetables,Potato,2025-03-18,1956.31,Metric Tonnes,616.84,Rs./Quintal
Punjab,Vegetables,Potato,2025-03-19,1663.69,Metric Tonnes,578.83,Rs./Quintal
Punjab,Vegetables,Potato,2025-03-20,1801.68,Metric Tonnes,616.4,Rs./Quintal
Punjab,Vegetables,Potato,2025-03-21,1808.82,Metric Tonnes,587.22,Rs./Quintal
Punjab,Vegetables,Potato,2025-03-22,1963.35,Metric Tonnes,526.77,Rs./Quintal
Punjab,Vegetables,Potato,2025-03-23,132.62,Metric Tonnes,702.56,Rs./Quintal
Punjab,Vegetables,Potato,2025-03-24,2266.51,Metric Tonnes,540.98,Rs./Quintal
Punjab,Vegetables,Potato,2025-03-25,1988.73,Metric Tonnes,543.21,Rs./Quintal
Punjab,Vegetables,Potato,2025-03-26,2028.86,Metric Tonnes,542.82,Rs./Quintal
Punjab,Vegetables,Potato,2025-03-27,1919.06,Metric Tonnes,484.38,Rs./Quintal
Punjab,Vegetables,Potato,2025-03-28,1921.42,Metric Tonnes,472.4,Rs./Quintal
Punjab,Vegetables,Potato,2025-03-29,1178.19,Metric Tonnes,474.46,Rs./Quintal
Punjab,Vegetables,Potato,2025-03-30,36.56,Metric Tonnes,595.27,Rs./Quintal
Punjab,Vegetables,Potato,2025-03-31,2914.59,Metric Tonnes,605.0,Rs./Quintal
Punjab,Vegetables,Potato,2025-04-01,1834.18,Metric Tonnes,421.92,Rs./Quintal
Punjab,Vegetables,Potato,2025-04-02,1688.67,Metric Tonnes,430.25,Rs./Quintal
Punjab,Vegetables,Potato,2025-04-03,2013.41,Metric Tonnes,490.97,Rs./Quintal
Punjab,Vegetables,Potato,2025-04-04,2251.81,Metric Tonnes,486.44,Rs./Quintal
Punjab,Vegetables,Potato,2025-04-05,2174.69,Metric Tonnes,424.13,Rs./Quintal
Punjab,Vegetables,Potato,2025-04-06,97.5,Metric Tonnes,648.77,Rs./Quintal
Punjab,Vegetables,Potato,2025-04-07,2195.26,Metric Tonnes,432.38,Rs./Quintal
Punjab,Vegetables,Potato,2025-04-08,4597.44,Metric Tonnes,369.01,Rs./Quintal
Punjab,Vegetables,Potato,2025-04-09,1597.13,Metric Tonnes,423.95,Rs./Quintal
Punjab,Vegetables,Potato,2025-04-10,3940.82,Metric Tonnes,289.55,Rs./Quintal
Punjab,Vegetables,Potato,2025-04-11,1839.48,Metric Tonnes,451.98,Rs./Quintal
Punjab,Vegetables,Potato,2025-04-12,1266.81,Metric Tonnes,493.18,Rs./Quintal
Punjab,Vegetables,Potato,2025-04-13,87.05,Metric Tonnes,701.95,Rs./Quintal
Punjab,Vegetables,Potato,2025-04-14,1873.2,Metric Tonnes,444.5,Rs./Quintal
Punjab,Vegetables,Potato,2025-04-15,1831.51,Metric Tonnes,478.23,Rs./Quintal
Punjab,Vegetables,Potato,2025-04-16,2653.94,Metric Tonnes,632.08,Rs./Quintal
Punjab,Vegetables,Potato,2025-04-17,1510.22,Metric Tonnes,518.35,Rs./Quintal
Punjab,Vegetables,Potato,2025-04-18,1564.33,Metric Tonnes,508.92,Rs./Quintal
Punjab,Vegetables,Potato,2025-04-19,1400.52,Metric Tonnes,529.22,Rs./Quintal
Punjab,Vegetables,Potato,2025-04-20,62.55,Metric Tonnes,707.96,Rs./Quintal
Punjab,Vegetables,Potato,2025-04-21,1746.68,Metric Tonnes,512.8,Rs./Quintal
Punjab,Vegetables,Potato,2025-04-22,1369.94,Metric Tonnes,536.33,Rs./Quintal
Punjab,Vegetables,Potato,2025-04-23,1690.15,Metric Tonnes,576.69,Rs./Quintal
Punjab,Vegetables,Potato,2025-04-24,1259.64,Metric Tonnes,576.98,Rs./Quintal
Punjab,Vegetables,Potato,2025-04-25,1460.78,Metric Tonnes,539.98,Rs./Quintal
Punjab,Vegetables,Potato,2025-04-26,1188.89,Metric Tonnes,552.96,Rs./Quintal
Punjab,Vegetables,Potato,2025-04-27,100.63,Metric Tonnes,508.16,Rs./Quintal
Punjab,Vegetables,Potato,2025-04-28,1198.46,Metric Tonnes,557.06,Rs./Quintal
Punjab,Vegetables,Potato,2025-04-29,1345.78,Metric Tonnes,609.13,Rs./Quintal
Punjab,Vegetables,Potato,2025-04-30,1288.94,Metric Tonnes,589.56,Rs./Quintal
Punjab,Vegetables,Potato,2025-05-01,1343.19,Metric Tonnes,592.84,Rs./Quintal
Punjab,Vegetables,Potato,2025-05-02,1121.24,Metric Tonnes,631.98,Rs./Quintal
Punjab,Vegetables,Potato,2025-05-03,756.15,Metric Tonnes,548.88,Rs./Quintal
Punjab,Vegetables,Potato,2025-05-04,54.65,Metric Tonnes,707.96,Rs./Quintal
Punjab,Vegetables,Potato,2025-05-05,1507.93,Metric Tonnes,665.92,Rs./Quintal
Punjab,Vegetables,Potato,2025-05-06,1378.82,Metric Tonnes,606.3,Rs./Quintal
Punjab,Vegetables,Potato,2025-05-07,1165.48,Metric Tonnes,573.03,Rs./Quintal
Punjab,Vegetables,Potato,2025-05-08,1216.48,Metric Tonnes,642.19,Rs./Quintal
Punjab,Vegetables,Potato,2025-05-09,1263.88,Metric Tonnes,569.63,Rs./Quintal
Punjab,Vegetables,Potato,2025-05-10,1226.7,Metric Tonnes,663.99,Rs./Quintal
Punjab,Vegetables,Potato,2025-05-11,57.65,Metric Tonnes,721.1,Rs./Quintal
Punjab,Vegetables,Potato,2025-05-12,1608.95,Metric Tonnes,619.69,Rs./Quintal
Punjab,Vegetables,Potato,2025-05-13,1370.87,Metric Tonnes,683.76,Rs./Quintal
Punjab,Vegetables,Potato,2025-05-14,1123.61,Metric Tonnes,670.88,Rs./Quintal
Punjab,Vegetables,Potato,2025-05-15,862.64,Metric Tonnes,771.97,Rs./Quintal
Punjab,Vegetables,Potato,2025-05-16,1324.38,Metric Tonnes,692.98,Rs./Quintal
Punjab,Vegetables,Potato,2025-05-17,938.19,Metric Tonnes,686.32,Rs./Quintal
Punjab,Vegetables,Potato,2025-05-18,55.56,Metric Tonnes,726.93,Rs./Quintal
Punjab,Vegetables,Potato,2025-05-19,1227.79,Metric Tonnes,652.87,Rs./Quintal
Punjab,Vegetables,Potato,2025-05-20,1539.44,Metric Tonnes,620.96,Rs./Quintal
Punjab,Vegetables,Potato,2025-05-21,1191.73,Metric Tonnes,682.96,Rs./Quintal
Punjab,Vegetables,Potato,2025-05-22,1002.34,Metric Tonnes,673.16,Rs./Quintal
Punjab,Vegetables,Potato,2025-05-23,943.56,Metric Tonnes,743.05,Rs./Quintal
Punjab,Vegetables,Potato,2025-05-24,817.62,Metric Tonnes,655.97,Rs./Quintal
Punjab,Vegetables,Potato,2025-05-25,78.13,Metric Tonnes,585.26,Rs./Quintal
Punjab,Vegetables,Potato,2025-05-26,918.36,Metric Tonnes,680.31,Rs./Quintal
Punjab,Vegetables,Potato,2025-05-27,660.37,Metric Tonnes,680.83,Rs./Quintal
Punjab,Vegetables,Potato,2025-05-28,848.47,Metric Tonnes,650.57,Rs./Quintal
Punjab,Vegetables,Potato,2025-05-29,919.16,Metric Tonnes,840.12,Rs./Quintal
Punjab,Vegetables,Potato,2025-05-30,653.91,Metric Tonnes,633.1,Rs./Quintal
Punjab,Vegetables,Potato,2025-05-31,616.25,Metric Tonnes,679.38,Rs./Quintal
Punjab,Vegetables,Potato,2025-06-01,50.7,Metric Tonnes,757.16,Rs./Quintal
Punjab,Vegetables,Potato,2025-06-02,1067.43,Metric Tonnes,698.46,Rs./Quintal
Punjab,Vegetables,Potato,2025-06-03,927.33,Metric Tonnes,648.36,Rs./Quintal
Punjab,Vegetables,Potato,2025-06-04,872.48,Metric Tonnes,697.81,Rs./Quintal
Punjab,Vegetables,Potato,2025-06-05,833.17,Metric Tonnes,690.53,Rs./Quintal
Punjab,Vegetables,Potato,2025-06-06,664.16,Metric Tonnes,774.73,Rs./Quintal
Punjab,Vegetables,Potato,2025-06-07,635.06,Metric Tonnes,826.34,Rs./Quintal
Punjab,Vegetables,Potato,2025-06-08,89.8,Metric Tonnes,716.7,Rs./Quintal
Punjab,Vegetables,Potato,2025-06-09,714.13,Metric Tonnes,772.96,Rs./Quintal
Punjab,Vegetables,Potato,2025-06-10,603.75,Metric Tonnes,671.55,Rs./Quintal
Punjab,Vegetables,Potato,2025-06-11,779.51,Metric Tonnes,711.0,Rs./Quintal
Punjab,Vegetables,Potato,2025-06-12,777.39,Metric Tonnes,806.22,Rs./Quintal
Punjab,Vegetables,Potato,2025-06-13,731.13,Metric Tonnes,765.49,Rs./Quintal
Punjab,Vegetables,Potato,2025-06-14,431.08,Metric Tonnes,852.49,Rs./Quintal
Punjab,Vegetables,Potato,2025-06-15,52.7,Metric Tonnes,806.64,Rs./Quintal
Punjab,Vegetables,Potato,2025-06-16,887.34,Metric Tonnes,741.38,Rs./Quintal
Punjab,Vegetables,Potato,2025-06-17,745.78,Metric Tonnes,830.39,Rs./Quintal
Punjab,Vegetables,Potato,2025-06-18,774.22,Metric Tonnes,797.03,Rs./Quintal
Punjab,Vegetables,Potato,2025-06-19,657.94,Metric Tonnes,808.03,Rs./Quintal
Punjab,Vegetables,Potato,2025-06-20,737.66,Metric Tonnes,939.79,Rs./Quintal
Punjab,Vegetables,Potato,2025-06-21,653.04,Metric Tonnes,893.15,Rs./Quintal
Punjab,Vegetables,Potato,2025-06-22,87.95,Metric Tonnes,908.12,Rs./Quintal
Punjab,Vegetables,Potato,2025-06-23,658.69,Metric Tonnes,833.99,Rs./Quintal
Punjab,Vegetables,Potato,2025-06-24,673.44,Metric Tonnes,809.41,Rs./Quintal
Punjab,Vegetables,Potato,2025-06-25,747.92,Metric Tonnes,796.95,Rs./Quintal
Punjab,Vegetables,Potato,2025-06-26,558.64,Metric Tonnes,948.96,Rs./Quintal
Punjab,Vegetables,Potato,2025-06-27,680.58,Metric Tonnes,906.72,Rs./Quintal
Punjab,Vegetables,Potato,2025-06-28,377.23,Metric Tonnes,862.19,Rs./Quintal
Punjab,Vegetables,Potato,2025-06-29,61.24,Metric Tonnes,1071.88,Rs./Quintal
Punjab,Vegetables,Potato,2025-06-30,766.95,Metric Tonnes,872.81,Rs./Quintal
Punjab,Vegetables,Potato,2025-07-01,586.2,Metric Tonnes,801.91,Rs./Quintal
Punjab,Vegetables,Potato,2025-07-02,669.28,Metric Tonnes,877.59,Rs./Quintal
Punjab,Vegetables,Potato,2025-07-03,589.84,Metric Tonnes,824.14,Rs./Quintal
Punjab,Vegetables,Potato,2025-07-04,758.09,Metric Tonnes,891.58,Rs./Quintal
Punjab,Vegetables,Potato,2025-07-05,553.83,Metric Tonnes,873.82,Rs./Quintal
Punjab,Vegetables,Potato,2025-07-06,74.65,Metric Tonnes,1006.23,Rs./Quintal
Punjab,Vegetables,Potato,2025-07-07,691.59,Metric Tonnes,893.24,Rs./Quintal
Punjab,Vegetables,Potato,2025-07-08,552.31,Metric Tonnes,893.17,Rs./Quintal
Punjab,Vegetables,Potato,2025-07-09,565.12,Metric Tonnes,998.18,Rs./Quintal
Punjab,Vegetables,Potato,2025-07-10,689.16,Metric Tonnes,933.87,Rs./Quintal
Punjab,Vegetables,Potato,2025-07-11,587.23,Metric Tonnes,944.01,Rs./Quintal
Punjab,Vegetables,Potato,2025-07-12,779.9,Metric Tonnes,894.72,Rs./Quintal
Punjab,Vegetables,Potato,2025-07-13,72.55,Metric Tonnes,1209.51,Rs./Quintal
Punjab,Vegetables,Potato,2025-07-14,811.25,Metric Tonnes,902.12,Rs./Quintal
Punjab,Vegetables,Potato,2025-07-15,717.38,Metric Tonnes,767.75,Rs./Quintal
Punjab,Vegetables,Potato,2025-07-16,630.54,Metric Tonnes,871.36,Rs./Quintal
Punjab,Vegetables,Potato,2025-07-17,760.24,Metric Tonnes,881.8,Rs./Quintal
Punjab,Vegetables,Potato,2025-07-18,853.99,Metric Tonnes,890.62,Rs./Quintal
Punjab,Vegetables,Potato,2025-07-19,597.25,Metric Tonnes,898.24,Rs./Quintal
Punjab,Vegetables,Potato,2025-07-20,76.0,Metric Tonnes,1149.21,Rs./Quintal
Punjab,Vegetables,Potato,2025-07-21,1055.73,Metric Tonnes,733.08,Rs./Quintal
Punjab,Vegetables,Potato,2025-07-22,950.39,Metric Tonnes,820.16,Rs./Quintal
Punjab,Vegetables,Potato,2025-07-23,673.47,Metric Tonnes,887.88,Rs./Quintal
Punjab,Vegetables,Potato,2025-07-24,757.6,Metric Tonnes,927.22,Rs./Quintal
Punjab,Vegetables,Potato,2025-07-25,1079.91,Metric Tonnes,826.98,Rs./Quintal
Punjab,Vegetables,Potato,2025-07-26,734.52,Metric Tonnes,873.86,Rs./Quintal
Punjab,Vegetables,Potato,2025-07-27,53.71,Metric Tonnes,1149.59,Rs./Quintal
Punjab,Vegetables,Potato,2025-07-28,1054.15,Metric Tonnes,842.7,Rs./Quintal
Punjab,Vegetables,Potato,2025-07-29,958.04,Metric Tonnes,875.77,Rs./Quintal
Punjab,Vegetables,Potato,2025-07-30,783.84,Metric Tonnes,802.12,Rs./Quintal
Punjab,Vegetables,Potato,2025-07-31,1194.5,Metric Tonnes,906.74,Rs./Quintal
Punjab,Vegetables,Potato,2025-08-01,703.29,Metric Tonnes,842.89,Rs./Quintal
Punjab,Vegetables,Potato,2025-08-02,761.2,Metric Tonnes,816.91,Rs./Quintal
Punjab,Vegetables,Potato,2025-08-03,49.23,Metric Tonnes,1279.42,Rs./Quintal
Punjab,Vegetables,Potato,2025-08-04,934.02,Metric Tonnes,778.83,Rs./Quintal
Punjab,Vegetables,Potato,2025-08-05,1032.34,Metric Tonnes,717.34,Rs./Quintal
Punjab,Vegetables,Potato,2025-08-06,970.82,Metric Tonnes,795.32,Rs./Quintal
Punjab,Vegetables,Potato,2025-08-07,699.79,Metric Tonnes,807.29,Rs./Quintal
Punjab,Vegetables,Potato,2025-08-08,928.68,Metric Tonnes,766.2,Rs./Quintal
Punjab,Vegetables,Potato,2025-08-09,777.12,Metric Tonnes,785.55,Rs./Quintal
Punjab,Vegetables,Potato,2025-08-10,76.85,Metric Tonnes,1144.03,Rs./Quintal
Punjab,Vegetables,Potato,2025-08-11,918.77,Metric Tonnes,724.73,Rs./Quintal
Punjab,Vegetables,Potato,2025-08-12,1040.16,Metric Tonnes,788.05,Rs./Quintal
Punjab,Vegetables,Potato,2025-08-13,789.79,Metric Tonnes,807.35,Rs./Quintal
Punjab,Vegetables,Potato,2025-08-14,818.48,Metric Tonnes,813.59,Rs./Quintal
Punjab,Vegetables,Potato,2025-08-15,771.51,Metric Tonnes,784.05,Rs./Quintal
Punjab,Vegetables,Potato,2025-08-16,819.58,Metric Tonnes,818.28,Rs./Quintal
Punjab,Vegetables,Potato,2025-08-17,141.56,Metric Tonnes,944.44,Rs./Quintal
Punjab,Vegetables,Potato,2025-08-18,996.91,Metric Tonnes,737.9,Rs./Quintal
Punjab,Vegetables,Potato,2025-08-19,880.44,Metric Tonnes,850.07,Rs./Quintal
Punjab,Vegetables,Potato,2025-08-20,995.94,Metric Tonnes,762.97,Rs./Quintal
Punjab,Vegetables,Potato,2025-08-21,879.49,Metric Tonnes,837.75,Rs./Quintal
Punjab,Vegetables,Potato,2025-08-22,885.17,Metric Tonnes,756.77,Rs./Quintal
Punjab,Vegetables,Potato,2025-08-23,740.79,Metric Tonnes,699.48,Rs./Quintal
Punjab,Vegetables,Potato,2025-08-24,61.1,Metric Tonnes,1103.65,Rs./Quintal
Punjab,Vegetables,Potato,2025-08-25,689.38,Metric Tonnes,717.92,Rs./Quintal
Punjab,Vegetables,Potato,2025-08-26,668.48,Metric Tonnes,850.73,Rs./Quintal
Punjab,Vegetables,Potato,2025-08-27,753.39,Metric Tonnes,801.98,Rs./Quintal
Punjab,Vegetables,Potato,2025-08-28,902.6,Metric Tonnes,772.6,Rs./Quintal
Punjab,Vegetables,Potato,2025-08-29,863.62,Metric Tonnes,777.97,Rs./Quintal
Punjab,Vegetables,Potato,2025-08-30,771.13,Metric Tonnes,743.1,Rs./Quintal
Punjab,Vegetables,Potato,2025-08-31,47.9,Metric Tonnes,1161.9,Rs./Quintal
Punjab,Vegetables,Potato,2025-09-01,1383.17,Metric Tonnes,671.86,Rs./Quintal
Punjab,Vegetables,Potato,2025-09-02,944.43,Metric Tonnes,756.84,Rs./Quintal
Punjab,Vegetables,Potato,2025-09-03,653.68,Metric Tonnes,879.74,Rs./Quintal
Punjab,Vegetables,Potato,2025-09-04,908.89,Metric Tonnes,800.07,Rs./Quintal
Punjab,Vegetables,Potato,2025-09-05,937.42,Metric Tonnes,796.86,Rs./Quintal
Punjab,Vegetables,Potato,2025-09-06,783.42,Metric Tonnes,805.93,Rs./Quintal
Punjab,Vegetables,Potato,2025-09-07,65.22,Metric Tonnes,1161.17,Rs./Quintal
Punjab,Vegetables,Potato,2025-09-08,1031.71,Metric Tonnes,791.57,Rs./Quintal
Punjab,Vegetables,Potato,2025-09-09,1058.33,Metric Tonnes,781.86,Rs./Quintal
Punjab,Vegetables,Potato,2025-09-10,789.56,Metric Tonnes,859.16,Rs./Quintal
Punjab,Vegetables,Potato,2025-09-11,649.49,Metric Tonnes,808.9,Rs./Quintal
Punjab,Vegetables,Potato,2025-09-12,850.17,Metric Tonnes,795.21,Rs./Quintal
Punjab,Vegetables,Potato,2025-09-13,684.08,Metric Tonnes,825.08,Rs./Quintal
Punjab,Vegetables,Potato,2025-09-14,39.4,Metric Tonnes,934.26,Rs./Quintal
Punjab,Vegetables,Potato,2025-09-15,681.03,Metric Tonnes,761.79,Rs./Quintal
Punjab,Vegetables,Potato,2025-09-16,741.24,Metric Tonnes,755.43,Rs./Quintal
Punjab,Vegetables,Potato,2025-09-17,850.1,Metric Tonnes,693.34,Rs./Quintal
Punjab,Vegetables,Potato,2025-09-18,791.07,Metric Tonnes,802.8,Rs./Quintal
Punjab,Vegetables,Potato,2025-09-19,649.86,Metric Tonnes,843.59,Rs./Quintal
Punjab,Vegetables,Potato,2025-09-20,319.71,Metric Tonnes,859.06,Rs./Quintal
Punjab,Vegetables,Potato,2025-09-21,142.69,Metric Tonnes,1042.34,Rs./Quintal
Punjab,Vegetables,Potato,2025-09-22,864.76,Metric Tonnes,707.84,Rs./Quintal
Punjab,Vegetables,Potato,2025-09-23,831.72,Metric Tonnes,806.48,Rs./Quintal
Punjab,Vegetables,Potato,2025-09-24,909.21,Metric Tonnes,777.6,Rs./Quintal
Punjab,Vegetables,Potato,2025-09-25,957.88,Metric Tonnes,825.56,Rs./Quintal
Punjab,Vegetables,Potato,2025-09-26,887.6,Metric Tonnes,801.18,Rs./Quintal
Punjab,Vegetables,Potato,2025-09-27,735.07,Metric Tonnes,831.32,Rs./Quintal
Punjab,Vegetables,Potato,2025-09-28,100.99,Metric Tonnes,1088.61,Rs./Quintal
Punjab,Vegetables,Potato,2025-09-29,870.2,Metric Tonnes,831.56,Rs./Quintal
Punjab,Vegetables,Potato,2025-09-30,980.68,Metric Tonnes,811.81,Rs./Quintal
Punjab,Vegetables,Potato,2025-10-01,981.1,Metric Tonnes,791.38,Rs./Quintal
Punjab,Vegetables,Potato,2025-10-02,909.78,Metric Tonnes,796.61,Rs./Quintal
Punjab,Vegetables,Potato,2025-10-03,1314.95,Metric Tonnes,856.68,Rs./Quintal
Punjab,Vegetables,Potato,2025-10-04,695.92,Metric Tonnes,829.36,Rs./Quintal
Punjab,Vegetables,Potato,2025-10-05,51.53,Metric Tonnes,867.79,Rs./Quintal
Punjab,Vegetables,Potato,2025-10-06,919.84,Metric Tonnes,740.19,Rs./Quintal
Punjab,Vegetables,Potato,2025-10-07,562.99,Metric Tonnes,795.81,Rs./Quintal
Punjab,Vegetables,Potato,2025-10-08,818.22,Metric Tonnes,820.42,Rs./Quintal
Punjab,Vegetables,Potato,2025-10-09,753.33,Metric Tonnes,790.63,Rs./Quintal
Punjab,Vegetables,Potato,2025-10-10,569.86,Metric Tonnes,836.59,Rs./Quintal
Punjab,Vegetables,Potato,2025-10-11,802.02,Metric Tonnes,768.5,Rs./Quintal
Punjab,Vegetables,Potato,2025-10-12,65.4,Metric Tonnes,1094.82,Rs./Quintal
Punjab,Vegetables,Potato,2025-10-13,951.27,Metric Tonnes,773.53,Rs./Quintal
Punjab,Vegetables,Potato,2025-10-14,1101.79,Metric Tonnes,780.24,Rs./Quintal
Punjab,Vegetables,Potato,2025-10-15,718.03,Metric Tonnes,814.6,Rs./Quintal
Punjab,Vegetables,Potato,2025-10-16,865.52,Metric Tonnes,770.79,Rs./Quintal
Punjab,Vegetables,Potato,2025-10-17,2322.07,Metric Tonnes,698.75,Rs./Quintal
Punjab,Vegetables,Potato,2025-10-18,1560.89,Metric Tonnes,677.7,Rs./Quintal
Punjab,Vegetables,Potato,2025-10-19,56.51,Metric Tonnes,1012.41,Rs./Quintal
Punjab,Vegetables,Potato,2025-10-20,2781.76,Metric Tonnes,627.78,Rs./Quintal
Punjab,Vegetables,Potato,2025-10-21,657.91,Metric Tonnes,738.33,Rs./Quintal
Punjab,Vegetables,Potato,2025-10-22,667.25,Metric Tonnes,1033.76,Rs./Quintal
Punjab,Vegetables,Potato,2025-10-23,708.56,Metric Tonnes,911.55,Rs./Quintal
Punjab,Vegetables,Potato,2025-10-24,831.59,Metric Tonnes,822.42,Rs./Quintal
Punjab,Vegetables,Potato,2025-10-25,785.33,Metric Tonnes,818.76,Rs./Quintal
Punjab,Vegetables,Potato,2025-10-26,37.9,Metric Tonnes,948.35,Rs./Quintal
Punjab,Vegetables,Potato,2025-10-27,1037.15,Metric Tonnes,789.43,Rs./Quintal
Punjab,Vegetables,Potato,2025-10-28,1058.77,Metric Tonnes,776.32,Rs./Quintal
Punjab,Vegetables,Potato,2025-10-29,753.78,Metric Tonnes,852.44,Rs./Quintal
Punjab,Vegetables,Potato,2025-10-30,855.77,Metric Tonnes,755.2,Rs./Quintal
Punjab,Vegetables,Potato,2025-10-31,938.6,Metric Tonnes,908.38,Rs./Quintal
Punjab,Vegetables,Potato,2025-11-01,791.14,Metric Tonnes,883.23,Rs./Quintal
Punjab,Vegetables,Potato,2025-11-02,37.86,Metric Tonnes,1016.98,Rs./Quintal
Punjab,Vegetables,Potato,2025-11-03,882.57,Metric Tonnes,833.99,Rs./Quintal
Punjab,Vegetables,Potato,2025-11-04,519.24,Metric Tonnes,926.55,Rs./Quintal
Punjab,Vegetables,Potato,2025-11-05,539.04,Metric Tonnes,1009.41,Rs./Quintal
Punjab,Vegetables,Potato,2025-11-06,666.68,Metric Tonnes,793.82,Rs./Quintal
Punjab,Vegetables,Potato,2025-11-07,2162.98,Metric Tonnes,682.28,Rs./Quintal
Punjab,Vegetables,Potato,2025-11-08,290.66,Metric Tonnes,763.02,Rs./Quintal
Punjab,Vegetables,Potato,2025-11-09,20.34,Metric Tonnes,1007.37,Rs./Quintal
Punjab,Vegetables,Potato,2025-11-10,1132.96,Metric Tonnes,816.59,Rs./Quintal
Punjab,Vegetables,Potato,2025-11-11,1173.35,Metric Tonnes,923.15,Rs./Quintal
Punjab,Vegetables,Potato,2025-11-12,724.95,Metric Tonnes,916.27,Rs./Quintal
Punjab,Vegetables,Potato,2025-11-13,801.53,Metric Tonnes,831.2,Rs./Quintal
Punjab,Vegetables,Potato,2025-11-14,1107.44,Metric Tonnes,968.45,Rs./Quintal
Punjab,Vegetables,Potato,2025-11-15,521.68,Metric Tonnes,747.01,Rs./Quintal
Punjab,Vegetables,Potato,2025-11-16,46.34,Metric Tonnes,1147.48,Rs./Quintal
Punjab,Vegetables,Potato,2025-11-17,2463.03,Metric Tonnes,748.46,Rs./Quintal
Punjab,Vegetables,Potato,2025-11-18,1525.72,Metric Tonnes,681.46,Rs./Quintal
Punjab,Vegetables,Potato,2025-11-19,1864.67,Metric Tonnes,970.27,Rs./Quintal
Punjab,Vegetables,Potato,2025-11-20,1377.16,Metric Tonnes,676.73,Rs./Quintal
Punjab,Vegetables,Potato,2025-11-21,1377.72,Metric Tonnes,708.59,Rs./Quintal
Punjab,Vegetables,Potato,2025-11-22,1292.15,Metric Tonnes,580.88,Rs./Quintal
Punjab,Vegetables,Potato,2025-11-23,83.07,Metric Tonnes,1229.08,Rs./Quintal
Punjab,Vegetables,Potato,2025-11-24,1701.23,Metric Tonnes,615.89,Rs./Quintal
Punjab,Vegetables,Potato,2025-11-25,2229.36,Metric Tonnes,586.77,Rs./Quintal
Punjab,Vegetables,Potato,2025-11-26,1575.01,Metric Tonnes,711.08,Rs./Quintal
Punjab,Vegetables,Potato,2025-11-27,745.69,Metric Tonnes,813.99,Rs./Quintal
Punjab,Vegetables,Potato,2025-11-28,1831.69,Metric Tonnes,577.01,Rs./Quintal
Punjab,Vegetables,Potato,2025-11-29,1164.91,Metric Tonnes,517.69,Rs./Quintal
Punjab,Vegetables,Potato,2025-11-30,46.57,Metric Tonnes,1178.63,Rs./Quintal
Punjab,Vegetables,Potato,2025-12-01,1859.58,Metric Tonnes,539.27,Rs./Quintal
Punjab,Vegetables,Potato,2025-12-02,3255.93,Metric Tonnes,591.9,Rs./Quintal
Punjab,Vegetables,Potato,2025-12-03,2149.72,Metric Tonnes,535.5,Rs./Quintal
Punjab,Vegetables,Potato,2025-12-04,2422.97,Metric Tonnes,653.48,Rs./Quintal
Punjab,Vegetables,Potato,2025-12-05,2884.05,Metric Tonnes,781.5,Rs./Quintal
Punjab,Vegetables,Potato,2025-12-06,1909.11,Metric Tonnes,738.51,Rs./Quintal
Punjab,Vegetables,Potato,2025-12-07,426.74,Metric Tonnes,1461.42,Rs./Quintal
Punjab,Vegetables,Potato,2025-12-08,2456.19,Metric Tonnes,655.32,Rs./Quintal
Punjab,Vegetables,Potato,2025-12-09,3137.95,Metric Tonnes,625.17,Rs./Quintal
Punjab,Vegetables,Potato,2025-12-10,2778.78,Metric Tonnes,631.52,Rs./Quintal
Punjab,Vegetables,Potato,2025-12-11,1824.57,Metric Tonnes,474.72,Rs./Quintal
Punjab,Vegetables,Potato,2025-12-12,2106.68,Metric Tonnes,670.39,Rs./Quintal
Punjab,Vegetables,Potato,2025-12-13,1197.93,Metric Tonnes,437.11,Rs./Quintal
Punjab,Vegetables,Potato,2025-12-14,419.3,Metric Tonnes,1378.88,Rs./Quintal
Punjab,Vegetables,Potato,2025-12-15,2238.79,Metric Tonnes,646.31,Rs./Quintal
Punjab,Vegetables,Potato,2025-12-16,2879.96,Metric Tonnes,590.5,Rs./Quintal
Punjab,Vegetables,Potato,2025-12-17,2181.05,Metric Tonnes,591.39,Rs./Quintal
Punjab,Vegetables,Potato,2025-12-18,1973.23,Metric Tonnes,575.32,Rs./Quintal
Punjab,Vegetables,Potato,2025-12-19,1889.47,Metric Tonnes,606.15,Rs./Quintal
Punjab,Vegetables,Potato,2025-12-20,1318.08,Metric Tonnes,602.78,Rs./Quintal
Punjab,Vegetables,Potato,2025-12-21,55.11,Metric Tonnes,802.92,Rs./Quintal
Punjab,Vegetables,Potato,2025-12-22,3490.33,Metric Tonnes,607.52,Rs./Quintal
Punjab,Vegetables,Potato,2025-12-23,2021.49,Metric Tonnes,570.13,Rs./Quintal
Punjab,Vegetables,Potato,2025-12-24,1885.47,Metric Tonnes,555.08,Rs./Quintal
Punjab,Vegetables,Potato,2025-12-25,1810.14,Metric Tonnes,594.18,Rs./Quintal
Punjab,Vegetables,Potato,2025-12-26,1802.25,Metric Tonnes,591.1,Rs./Quintal
Punjab,Vegetables,Potato,2025-12-27,1050.15,Metric Tonnes,658.01,Rs./Quintal
Punjab,Vegetables,Potato,2025-12-28,59.95,Metric Tonnes,762.35,Rs./Quintal
Punjab,Vegetables,Potato,2025-12-29,1609.32,Metric Tonnes,554.35,Rs./Quintal
Punjab,Vegetables,Potato,2025-12-30,1572.78,Metric Tonnes,595.59,Rs./Quintal
Punjab,Vegetables,Potato,2025-12-31,2114.32,Metric Tonnes,552.43,Rs./Quintal
Punjab,Vegetables,Potato,2026-01-01,1141.91,Metric Tonnes,531.55,Rs./Quintal
Punjab,Vegetables,Potato,2026-01-02,1444.74,Metric Tonnes,630.12,Rs./Quintal
Punjab,Vegetables,Potato,2026-01-03,937.52,Metric Tonnes,679.95,Rs./Quintal
Punjab,Vegetables,Potato,2026-01-04,54.52,Metric Tonnes,714.1,Rs./Quintal
Punjab,Vegetables,Potato,2026-01-05,2318.56,Metric Tonnes,617.09,Rs./Quintal
Punjab,Vegetables,Potato,2026-01-06,1694.83,Metric Tonnes,599.03,Rs./Quintal
Punjab,Vegetables,Potato,2026-01-07,2115.39,Metric Tonnes,525.87,Rs./Quintal
Punjab,Vegetables,Potato,2026-01-08,2149.64,Metric Tonnes,545.59,Rs./Quintal
Punjab,Vegetables,Potato,2026-01-09,1808.61,Metric Tonnes,567.14,Rs./Quintal
Punjab,Vegetables,Potato,2026-01-10,1154.25,Metric Tonnes,641.06,Rs./Quintal
Punjab,Vegetables,Potato,2026-01-11,45.64,Metric Tonnes,609.6,Rs./Quintal
Punjab,Vegetables,Potato,2026-01-12,1639.7,Metric Tonnes,573.52,Rs./Quintal
Punjab,Vegetables,Potato,2026-01-13,1854.62,Metric Tonnes,567.56,Rs./Quintal
Punjab,Vegetables,Potato,2026-01-14,1837.49,Metric Tonnes,623.32,Rs./Quintal
Punjab,Vegetables,Potato,2026-01-15,1594.51,Metric Tonnes,580.08,Rs./Quintal
Punjab,Vegetables,Potato,2026-01-16,1596.26,Metric Tonnes,539.46,Rs./Quintal
Punjab,Vegetables,Potato,2026-01-17,611.78,Metric Tonnes,410.33,Rs./Quintal
Punjab,Vegetables,Potato,2026-01-18,67.49,Metric Tonnes,581.51,Rs./Quintal
Punjab,Vegetables,Potato,2026-01-19,1456.18,Metric Tonnes,396.83,Rs./Quintal
Punjab,Vegetables,Potato,2026-01-20,2075.19,Metric Tonnes,510.42,Rs./Quintal
Punjab,Vegetables,Potato,2026-01-21,1824.46,Metric Tonnes,363.06,Rs./Quintal
Punjab,Vegetables,Potato,2026-01-22,1327.04,Metric Tonnes,370.53,Rs./Quintal
Punjab,Vegetables,Potato,2026-01-23,909.97,Metric Tonnes,396.47,Rs./Quintal
Punjab,Vegetables,Potato,2026-01-24,732.67,Metric Tonnes,450.7,Rs./Quintal
Punjab,Vegetables,Potato,2026-01-25,35.0,Metric Tonnes,547.43,Rs./Quintal
Punjab,Vegetables,Potato,2026-01-26,1017.56,Metric Tonnes,424.84,Rs./Quintal
Punjab,Vegetables,Potato,2026-01-27,1169.38,Metric Tonnes,424.11,Rs./Quintal
Punjab,Vegetables,Potato,2026-01-28,1188.54,Metric Tonnes,423.27,Rs./Quintal
Punjab,Vegetables,Potato,2026-01-29,1301.81,Metric Tonnes,425.98,Rs./Quintal
Punjab,Vegetables,Potato,2026-01-30,1105.47,Metric Tonnes,439.92,Rs./Quintal
Punjab,Vegetables,Potato,2026-01-31,587.08,Metric Tonnes,408.93,Rs./Quintal
Punjab,Vegetables,Potato,2026-02-01,35.61,Metric Tonnes,652.82,Rs./Quintal
Punjab,Vegetables,Potato,2026-02-02,1401.56,Metric Tonnes,390.51,Rs./Quintal
Punjab,Vegetables,Potato,2026-02-03,1385.92,Metric Tonnes,384.0,Rs./Quintal
Punjab,Vegetables,Potato,2026-02-04,1495.1,Metric Tonnes,441.86,Rs./Quintal
Punjab,Vegetables,Potato,2026-02-05,1375.78,Metric Tonnes,435.82,Rs./Quintal
Punjab,Vegetables,Potato,2026-02-06,1485.99,Metric Tonnes,480.43,Rs./Quintal
Punjab,Vegetables,Potato,2026-02-07,828.77,Metric Tonnes,529.32,Rs./Quintal
Punjab,Vegetables,Potato,2026-02-08,132.2,Metric Tonnes,513.57,Rs./Quintal
Punjab,Vegetables,Potato,2026-02-09,1558.17,Metric Tonnes,349.28,Rs./Quintal
Punjab,Vegetables,Potato,2026-02-10,1554.0,Metric Tonnes,416.63,Rs./Quintal
Punjab,Vegetables,Potato,2026-02-11,1483.69,Metric Tonnes,397.38,Rs./Quintal
Punjab,Vegetables,Potato,2026-02-12,1472.73,Metric Tonnes,414.76,Rs./Quintal
Punjab,Vegetables,Potato,2026-02-13,1385.06,Metric Tonnes,414.13,Rs./Quintal
Punjab,Vegetables,Potato,2026-02-14,659.27,Metric Tonnes,331.49,Rs./Quintal
Punjab,Vegetables,Potato,2026-02-15,57.67,Metric Tonnes,597.85,Rs./Quintal
Punjab,Vegetables,Potato,2026-02-16,1362.05,Metric Tonnes,479.36,Rs./Quintal
Punjab,Vegetables,Potato,2026-02-17,1347.84,Metric Tonnes,448.15,Rs./Quintal
Punjab,Vegetables,Potato,2026-02-18,1823.92,Metric Tonnes,492.4,Rs./Quintal
Punjab,Vegetables,Potato,2026-02-19,1608.24,Metric Tonnes,419.66,Rs./Quintal
Punjab,Vegetables,Potato,2026-02-20,1485.05,Metric Tonnes,443.28,Rs./Quintal
Punjab,Vegetables,Potato,2026-02-21,8392.46,Metric Tonnes,494.54,Rs./Quintal
Punjab,Vegetables,Potato,2026-02-22,57.8,Metric Tonnes,561.42,Rs./Quintal
Punjab,Vegetables,Potato,2026-02-23,1783.27,Metric Tonnes,425.6,Rs./Quintal
Punjab,Vegetables,Potato,2026-02-24,1701.96,Metric Tonnes,430.15,Rs./Quintal
Punjab,Vegetables,Potato,2026-02-25,2032.01,Metric Tonnes,441.95,Rs./Quintal
Punjab,Vegetables,Potato,2026-02-26,1468.79,Metric Tonnes,423.17,Rs./Quintal
Punjab,Vegetables,Potato,2026-02-27,1463.76,Metric Tonnes,419.52,Rs./Quintal
Punjab,Vegetables,Potato,2026-02-28,2299.02,Metric Tonnes,597.91,Rs./Quintal
Punjab,Vegetables,Potato,2026-03-01,50.66,Metric Tonnes,576.88,Rs./Quintal
Punjab,Vegetables,Potato,2026-03-02,1790.05,Metric Tonnes,411.48,Rs./Quintal
Punjab,Vegetables,Potato,2026-03-03,1560.19,Metric Tonnes,420.16,Rs./Quintal
Punjab,Vegetables,Potato,2026-03-04,1452.05,Metric Tonnes,410.9,Rs./Quintal
Punjab,Vegetables,Potato,2026-03-05,1530.73,Metric Tonnes,409.47,Rs./Quintal
Punjab,Vegetables,Potato,2026-03-06,1008.21,Metric Tonnes,450.29,Rs./Quintal
Punjab,Vegetables,Potato,2026-03-07,690.97,Metric Tonnes,430.51,Rs./Quintal
Punjab,Vegetables,Potato,2026-03-08,73.15,Metric Tonnes,485.84,Rs./Quintal
Punjab,Vegetables,Potato,2026-03-09,1607.31,Metric Tonnes,396.55,Rs./Quintal
Punjab,Vegetables,Potato,2026-03-10,1666.73,Metric Tonnes,391.79,Rs./Quintal
Punjab,Vegetables,Potato,2026-03-11,1898.19,Metric Tonnes,388.12,Rs./Quintal
Punjab,Vegetables,Potato,2026-03-12,1302.02,Metric Tonnes,421.18,Rs./Quintal
Punjab,Vegetables,Potato,2026-03-13,1504.27,Metric Tonnes,371.04,Rs./Quintal
Punjab,Vegetables,Potato,2026-03-14,1151.82,Metric Tonnes,428.17,Rs./Quintal
Punjab,Vegetables,Potato,2026-03-15,59.88,Metric Tonnes,473.87,Rs./Quintal
Punjab,Vegetables,Potato,2026-03-16,1698.55,Metric Tonnes,416.39,Rs./Quintal
Punjab,Vegetables,Potato,2026-03-17,2153.55,Metric Tonnes,388.92,Rs./Quintal
Punjab,Vegetables,Potato,2026-03-18,1573.29,Metric Tonnes,430.94,Rs./Quintal
Punjab,Vegetables,Potato,2026-03-19,2007.23,Metric Tonnes,375.53,Rs./Quintal
Punjab,Vegetables,Potato,2026-03-20,2223.93,Metric Tonnes,429.71,Rs./Quintal
Punjab,Vegetables,Potato,2026-03-21,548.05,Metric Tonnes,350.04,Rs./Quintal
Punjab,Vegetables,Potato,2026-03-22,42.6,Metric Tonnes,480.23,Rs./Quintal
Punjab,Vegetables,Potato,2026-03-23,1477.11,Metric Tonnes,397.13,Rs./Quintal
Punjab,Vegetables,Potato,2026-03-24,2050.08,Metric Tonnes,376.2,Rs./Quintal
Punjab,Vegetables,Potato,2026-03-25,2049.67,Metric Tonnes,329.57,Rs./Quintal
Punjab,Vegetables,Potato,2026-03-26,1915.14,Metric Tonnes,345.62,Rs./Quintal
Punjab,Vegetables,Potato,2026-03-27,2011.99,Metric Tonnes,342.07,Rs./Quintal
Punjab,Vegetables,Potato,2026-03-28,423.13,Metric Tonnes,552.89,Rs./Quintal
Punjab,Vegetables,Potato,2026-03-29,55.45,Metric Tonnes,523.34,Rs./Quintal
Punjab,Vegetables,Potato,2026-03-30,2169.4,Metric Tonnes,307.13,Rs./Quintal
Punjab,Vegetables,Potato,2026-03-31,2012.21,Metric Tonnes,323.9,Rs./Quintal
Punjab,Vegetables,Potato,2026-04-01,1891.46,Metric Tonnes,320.5,Rs./Quintal
Punjab,Vegetables,Potato,2026-04-02,1504.02,Metric Tonnes,251.96,Rs./Quintal
Punjab,Vegetables,Potato,2026-04-03,1505.2,Metric Tonnes,336.42,Rs./Quintal
Punjab,Vegetables,Potato,2026-04-04,1688.1,Metric Tonnes,320.6,Rs./Quintal
Punjab,Vegetables,Potato,2026-04-05,52.06,Metric Tonnes,556.77,Rs./Quintal
Punjab,Vegetables,Potato,2026-04-06,1815.97,Metric Tonnes,326.96,Rs./Quintal
Punjab,Vegetables,Potato,2026-04-07,1700.18,Metric Tonnes,313.37,Rs./Quintal
Punjab,Vegetables,Potato,2026-04-08,1363.05,Metric Tonnes,327.19,Rs./Quintal
Punjab,Vegetables,Potato,2026-04-09,1394.64,Metric Tonnes,371.18,Rs./Quintal
Punjab,Vegetables,Potato,2026-04-10,1655.54,Metric Tonnes,335.74,Rs./Quintal
Punjab,Vegetables,Potato,2026-04-11,1106.13,Metric Tonnes,309.34,Rs./Quintal
Punjab,Vegetables,Potato,2026-04-12,46.34,Metric Tonnes,569.51,Rs./Quintal
Punjab,Vegetables,Potato,2026-04-13,1564.27,Metric Tonnes,336.29,Rs./Quintal
Punjab,Vegetables,Potato,2026-04-14,1045.38,Metric Tonnes,388.41,Rs./Quintal
Punjab,Vegetables,Potato,2026-04-15,1556.9,Metric Tonnes,348.43,Rs./Quintal
Punjab,Vegetables,Potato,2026-04-16,1434.03,Metric Tonnes,348.42,Rs./Quintal
Punjab,Vegetables,Potato,2026-04-17,1230.54,Metric Tonnes,394.34,Rs./Quintal
Punjab,Vegetables,Potato,2026-04-18,758.83,Metric Tonnes,347.47,Rs./Quintal
Punjab,Vegetables,Potato,2026-04-19,52.52,Metric Tonnes,565.92,Rs./Quintal
Punjab,Vegetables,Potato,2026-04-20,1256.93,Metric Tonnes,384.24,Rs./Quintal
Punjab,Vegetables,Potato,2026-04-21,1083.54,Metric Tonnes,403.45,Rs./Quintal
Punjab,Vegetables,Potato,2026-04-22,1076.9,Metric Tonnes,437.64,Rs./Quintal
Punjab,Vegetables,Potato,2026-04-23,924.82,Metric Tonnes,444.8,Rs./Quintal
Punjab,Vegetables,Potato,2026-04-24,1147.76,Metric Tonnes,421.97,Rs./Quintal
Punjab,Vegetables,Potato,2026-04-25,1003.36,Metric Tonnes,419.42,Rs./Quintal
Punjab,Vegetables,Potato,2026-04-26,54.43,Metric Tonnes,512.22,Rs./Quintal
Punjab,Vegetables,Potato,2026-04-27,1142.22,Metric Tonnes,432.6,Rs./Quintal
Punjab,Vegetables,Potato,2026-04-28,1472.86,Metric Tonnes,398.57,Rs./Quintal
Punjab,Vegetables,Potato,2026-04-29,1401.61,Metric Tonnes,408.42,Rs./Quintal
Punjab,Vegetables,Potato,2026-04-30,2350.71,Metric Tonnes,512.98,Rs./Quintal
Punjab,Vegetables,Potato,2026-05-01,818.11,Metric Tonnes,455.54,Rs./Quintal
Punjab,Vegetables,Potato,2026-05-02,1104.31,Metric Tonnes,343.18,Rs./Quintal
Punjab,Vegetables,Potato,2026-05-03,57.37,Metric Tonnes,477.98,Rs./Quintal
Punjab,Vegetables,Potato,2026-05-04,1118.99,Metric Tonnes,446.48,Rs./Quintal
Punjab,Vegetables,Potato,2026-05-05,1405.84,Metric Tonnes,383.12,Rs./Quintal
Punjab,Vegetables,Potato,2026-05-06,1227.33,Metric Tonnes,410.77,Rs./Quintal
Punjab,Vegetables,Potato,2026-05-07,1259.79,Metric Tonnes,427.38,Rs./Quintal
Punjab,Vegetables,Potato,2026-05-08,1155.43,Metric Tonnes,442.01,Rs./Quintal
Punjab,Vegetables,Potato,2026-05-09,962.06,Metric Tonnes,581.43,Rs./Quintal
Punjab,Vegetables,Potato,2026-05-10,58.77,Metric Tonnes,567.63,Rs./Quintal
Punjab,Vegetables,Potato,2026-05-11,1268.48,Metric Tonnes,409.13,Rs./Quintal
Punjab,Vegetables,Potato,2026-05-12,1787.33,Metric Tonnes,471.77,Rs./Quintal
Punjab,Vegetables,Potato,2026-05-13,1517.97,Metric Tonnes,389.69,Rs./Quintal
Punjab,Vegetables,Potato,2026-05-14,1428.89,Metric Tonnes,526.97,Rs./Quintal
Punjab,Vegetables,Potato,2026-05-15,622.19,Metric Tonnes,483.4,Rs./Quintal
Punjab,Vegetables,Potato,2026-05-16,1039.97,Metric Tonnes,552.7,Rs./Quintal
Punjab,Vegetables,Potato,2026-05-17,20.6,Metric Tonnes,677.43,Rs./Quintal
Punjab,Vegetables,Potato,2026-05-18,1120.81,Metric Tonnes,387.55,Rs./Quintal
Punjab,Vegetables,Potato,2026-05-19,1432.51,Metric Tonnes,483.42,Rs./Quintal
Punjab,Vegetables,Potato,2026-05-20,1870.23,Metric Tonnes,667.9,Rs./Quintal
Punjab,Vegetables,Potato,2026-05-21,1044.55,Metric Tonnes,594.6,Rs./Quintal
Punjab,Vegetables,Potato,2026-05-22,921.72,Metric Tonnes,445.67,Rs./Quintal
Punjab,Vegetables,Potato,2026-05-23,720.54,Metric Tonnes,588.28,Rs./Quintal
Punjab,Vegetables,Potato,2026-05-24,44.95,Metric Tonnes,561.13,Rs./Quintal
Punjab,Vegetables,Potato,2026-05-25,1034.72,Metric Tonnes,541.8,Rs./Quintal
Punjab,Vegetables,Potato,2026-05-26,1749.05,Metric Tonnes,488.19,Rs./Quintal
Punjab,Vegetables,Potato,2026-05-27,1315.41,Metric Tonnes,553.36,Rs./Quintal
Punjab,Vegetables,Potato,2026-05-28,1137.0,Metric Tonnes,521.16,Rs./Quintal
Punjab,Vegetables,Potato,2026-05-29,731.84,Metric Tonnes,408.55,Rs./Quintal
Punjab,Vegetables,Potato,2026-05-30,1112.78,Metric Tonnes,502.53,Rs./Quintal
Punjab,Vegetables,Potato,2026-05-31,29.41,Metric Tonnes,617.81,Rs./Quintal
Punjab,Vegetables,Potato,2026-06-01,1312.68,Metric Tonnes,531.35,Rs./Quintal
Punjab,Vegetables,Potato,2026-06-02,1243.28,Metric Tonnes,561.29,Rs./Quintal
Punjab,Vegetables,Potato,2026-06-03,1239.84,Metric Tonnes,544.96,Rs./Quintal
Punjab,Vegetables,Potato,2026-06-04,933.17,Metric Tonnes,518.29,Rs./Quintal
Punjab,Vegetables,Potato,2026-06-05,1146.61,Metric Tonnes,565.21,Rs./Quintal
Punjab,Vegetables,Potato,2026-06-06,762.97,Metric Tonnes,504.46,Rs./Quintal
Punjab,Vegetables,Potato,2026-06-07,45.0,Metric Tonnes,728.67,Rs./Quintal
Punjab,Vegetables,Potato,2026-06-08,1418.47,Metric Tonnes,571.04,Rs./Quintal
Punjab,Vegetables,Potato,2026-06-09,1275.44,Metric Tonnes,553.48,Rs./Quintal
Punjab,Vegetables,Potato,2026-06-10,1198.49,Metric Tonnes,598.66,Rs./Quintal
Punjab,Vegetables,Potato,2026-06-11,1081.43,Metric Tonnes,590.07,Rs./Quintal
Punjab,Vegetables,Potato,2026-06-12,1121.1,Metric Tonnes,555.78,Rs./Quintal
Punjab,Vegetables,Potato,2026-06-13,796.19,Metric Tonnes,599.71,Rs./Quintal
Punjab,Vegetables,Potato,2026-06-14,34.57,Metric Tonnes,654.44,Rs./Quintal
Punjab,Vegetables,Potato,2026-06-15,1359.79,Metric Tonnes,602.46,Rs./Quintal
Punjab,Vegetables,Potato,2026-06-16,1252.27,Metric Tonnes,640.86,Rs./Quintal
Punjab,Vegetables,Potato,2026-06-17,1284.76,Metric Tonnes,599.73,Rs./Quintal
Punjab,Vegetables,Potato,2026-06-18,1116.13,Metric Tonnes,627.04,Rs./Quintal
Punjab,Vegetables,Potato,2026-06-19,1173.09,Metric Tonnes,618.25,Rs./Quintal
Punjab,Vegetables,Potato,2026-06-20,426.34,Metric Tonnes,504.87,Rs./Quintal
Punjab,Vegetables,Potato,2026-06-21,44.6,Metric Tonnes,622.85,Rs./Quintal
Punjab,Vegetables,Potato,2026-06-22,1279.12,Metric Tonnes,627.72,Rs./Quintal
Punjab,Vegetables,Potato,2026-06-23,939.31,Metric Tonnes,549.98,Rs./Quintal
Punjab,Vegetables,Potato,2026-06-24,1181.89,Metric Tonnes,653.72,Rs./Quintal
Punjab,Vegetables,Potato,2026-06-25,1065.81,Metric Tonnes,607.71,Rs./Quintal
Punjab,Vegetables,Potato,2026-06-26,610.69,Metric Tonnes,492.48,Rs./Quintal
Punjab,Vegetables,Potato,2026-06-27,332.44,Metric Tonnes,571.7,Rs./Quintal
Punjab,Vegetables,Potato,2026-06-28,38.64,Metric Tonnes,589.66,Rs./Quintal
Punjab,Vegetables,Potato,2026-06-29,934.16,Metric Tonnes,572.93,Rs./Quintal
Punjab,Vegetables,Potato,2026-06-30,670.44,Metric Tonnes,552.52,Rs./Quintal
Punjab,Vegetables,Potato,2026-07-01,1324.08,Metric Tonnes,643.66,Rs./Quintal
Punjab,Vegetables,Potato,2026-07-02,1258.91,Metric Tonnes,653.29,Rs./Quintal
Punjab,Vegetables,Potato,2026-07-03,1223.34,Metric Tonnes,658.59,Rs./Quintal
Punjab,Vegetables,Potato,2026-07-04,531.65,Metric Tonnes,636.53,Rs./Quintal
Punjab,Vegetables,Potato,2026-07-05,44.84,Metric Tonnes,682.59,Rs./Quintal
Punjab,Vegetables,Potato,2026-07-06,1362.53,Metric Tonnes,641.75,Rs./Quintal
Punjab,Vegetables,Potato,2026-07-07,1273.07,Metric Tonnes,640.12,Rs./Quintal
Punjab,Vegetables,Potato,2026-07-08,1300.9,Metric Tonnes,660.48,Rs./Quintal
Punjab,Vegetables,Potato,2026-07-09,1213.67,Metric Tonnes,646.73,Rs./Quintal
Punjab,Vegetables,Potato,2026-07-10,1014.23,Metric Tonnes,603.57,Rs./Quintal
Punjab,Vegetables,Potato,2026-07-11,910.04,Metric Tonnes,722.91,Rs./Quintal
Punjab,Vegetables,Potato,2026-07-12,35.39,Metric Tonnes,757.24,Rs./Quintal
Punjab,Vegetables,Potato,2026-07-13,1416.09,Metric Tonnes,635.97,Rs./Quintal
Punjab,Vegetables,Potato,2026-07-14,1336.06,Metric Tonnes,652.67,Rs./Quintal
Punjab,Vegetables,Potato,2026-07-15,1175.14,Metric Tonnes,648.58,Rs./Quintal
Punjab,Vegetables,Potato,2026-07-16,1270.33,Metric Tonnes,651.52,Rs./Quintal
Punjab,Vegetables,Potato,2026-07-17,778.83,Metric Tonnes,616.03,Rs./Quintal
Punjab,Vegetables,Potato,2026-07-18,974.9,Metric Tonnes,713.58,Rs./Quintal
Punjab,Vegetables,Potato,2026-07-19,41.01,Metric Tonnes,705.32,Rs./Quintal
Punjab,Vegetables,Potato,2026-07-20,1034.68,Metric Tonnes,565.09,Rs./Quintal
Punjab,Vegetables,Potato,2026-07-21,1226.74,Metric Tonnes,649.27,Rs./Quintal
Punjab,Vegetables,Potato,2026-07-22,1157.86,Metric Tonnes,672.86,Rs./Quintal
Punjab,Vegetables,Potato,2026-07-23,1179.87,Metric Tonnes,666.53,Rs./Quintal
Punjab,Vegetables,Potato,2026-07-24,1189.72,Metric Tonnes,717.6,Rs./Quintal
Punjab,Vegetables,Potato,2026-07-25,692.59,Metric Tonnes,756.41,Rs./Quintal
Punjab,Vegetables,Potato,2026-07-26,51.9,Metric Tonnes,672.14,Rs./Quintal
Punjab,Vegetables,Potato,2026-07-27,1521.27,Metric Tonnes,645.71,Rs./Quintal
Punjab,Vegetables,Potato,2026-07-28,1372.47,Metric Tonnes,677.33,Rs./Quintal
Punjab,Vegetables,Potato,2026-07-29,1414.22,Metric Tonnes,691.12,Rs./Quintal
Punjab,Vegetables,Potato,2026-07-30,1184.36,Metric Tonnes,647.39,Rs./Quintal
Punjab,Vegetables,Potato,2026-07-31,1020.61,Metric Tonnes,654.98,Rs./Quintal
Punjab,Vegetables,Potato,2026-08-01,1171.54,Metric Tonnes,674.41,Rs./Quintal
Punjab,Vegetables,Potato,2026-08-02,62.48,Metric Tonnes,795.28,Rs./Quintal
Punjab,Vegetables,Potato,2026-08-03,1462.36,Metric Tonnes,661.3,Rs./Quintal
Punjab,Vegetables,Potato,2026-08-04,1328.09,Metric Tonnes,629.17,Rs./Quintal
Punjab,Vegetables,Potato,2026-08-05,1139.67,Metric Tonnes,611.44,Rs./Quintal
Punjab,Vegetables,Potato,2026-08-06,1431.57,Metric Tonnes,663.72,Rs./Quintal
Punjab,Vegetables,Potato,2026-08-07,1321.85,Metric Tonnes,678.21,Rs./Quintal
Punjab,Vegetables,Potato,2026-08-08,1071.67,Metric Tonnes,648.75,Rs./Quintal
Punjab,Vegetables,Potato,2026-08-09,86.57,Metric Tonnes,781.17,Rs./Quintal
Punjab,Vegetables,Potato,2026-08-10,1674.61,Metric Tonnes,614.61,Rs./Quintal
Punjab,Vegetables,Potato,2026-08-11,1638.0,Metric Tonnes,650.94,Rs./Quintal
Punjab,Vegetables,Potato,2026-08-12,1521.26,Metric Tonnes,652.05,Rs./Quintal
Punjab,Vegetables,Potato,2026-08-13,963.22,Metric Tonnes,639.13,Rs./Quintal
Punjab,Vegetables,Potato,2026-08-14,1293.9,Metric Tonnes,662.08,Rs./Quintal
Punjab,Vegetables,Potato,2026-08-15,1181.45,Metric Tonnes,707.16,Rs./Quintal
Punjab,Vegetables,Potato,2026-08-16,76.25,Metric Tonnes,790.09,Rs./Quintal
Punjab,Vegetables,Potato,2026-08-17,1527.07,Metric Tonnes,626.17,Rs./Quintal
Punjab,Vegetables,Potato,2026-08-18,1555.24,Metric Tonnes,632.53,Rs./Quintal
Punjab,Vegetables,Potato,2026-08-19,1515.22,Metric Tonnes,622.69,Rs./Quintal
Punjab,Vegetables,Potato,2026-08-20,1532.14,Metric Tonnes,639.77,Rs./Quintal
Punjab,Vegetables,Potato,2026-08-21,1157.27,Metric Tonnes,666.53,Rs./Quintal
Punjab,Vegetables,Potato,2026-08-22,969.84,Metric Tonnes,675.05,Rs./Quintal
Punjab,Vegetables,Potato,2026-08-23,164.0,Metric Tonnes,590.05,Rs./Quintal
Punjab,Vegetables,Potato,2026-08-24,1433.34,Metric Tonnes,689.2,Rs./Quintal
Punjab,Vegetables,Potato,2026-08-25,1600.13,Metric Tonnes,628.06,Rs./Quintal
Punjab,Vegetables,Potato,2026-08-26,1665.86,Metric Tonnes,618.28,Rs./Quintal
Punjab,Vegetables,Potato,2026-08-27,958.92,Metric Tonnes,702.51,Rs./Quintal
Punjab,Vegetables,Potato,2026-08-28,1184.32,Metric Tonnes,677.28,Rs./Quintal
Punjab,Vegetables,Potato,2026-08-29,1041.98,Metric Tonnes,712.92,Rs./Quintal
Punjab,Vegetables,Potato,2026-08-30,80.4,Metric Tonnes,705.16,Rs./Quintal
Punjab,Vegetables,Potato,2026-08-31,1486.79,Metric Tonnes,645.0,Rs./Quintal
Punjab,Vegetables,Potato,2026-09-01,1434.26,Metric Tonnes,625.95,Rs./Quintal
Punjab,Vegetables,Potato,2026-09-02,1465.3,Metric Tonnes,627.38,Rs./Quintal
Punjab,Vegetables,Potato,2026-09-03,1321.01,Metric Tonnes,657.4,Rs./Quintal
Punjab,Vegetables,Potato,2026-09-04,1048.77,Metric Tonnes,663.81,Rs./Quintal
Punjab,Vegetables,Potato,2026-09-05,1041.81,Metric Tonnes,682.03,Rs./Quintal
Punjab,Vegetables,Potato,2026-09-06,78.87,Metric Tonnes,821.0,Rs./Quintal
Punjab,Vegetables,Potato,2026-09-07,2220.69,Metric Tonnes,610.72,Rs./Quintal
Punjab,Vegetables,Potato,2026-09-08,1323.58,Metric Tonnes,639.5,Rs./Quintal
Punjab,Vegetables,Potato,2026-09-09,1486.17,Metric Tonnes,590.52,Rs./Quintal
Punjab,Vegetables,Potato,2026-09-10,1303.51,Metric Tonnes,552.48,Rs./Quintal
Punjab,Vegetables,Tomato,2024-01-01,278.04,Metric Tonnes,1378.13,Rs./Quintal
Punjab,Vegetables,Tomato,2024-01-02,238.14,Metric Tonnes,1561.54,Rs./Quintal
Punjab,Vegetables,Tomato,2024-01-03,242.05,Metric Tonnes,1574.19,Rs./Quintal
Punjab,Vegetables,Tomato,2024-01-04,284.23,Metric Tonnes,1666.07,Rs./Quintal
Punjab,Vegetables,Tomato,2024-01-05,262.52,Metric Tonnes,1648.45,Rs./Quintal
Punjab,Vegetables,Tomato,2024-01-06,228.72,Metric Tonnes,1561.39,Rs./Quintal
Punjab,Vegetables,Tomato,2024-01-07,18.94,Metric Tonnes,1823.18,Rs./Quintal
Punjab,Vegetables,Tomato,2024-01-08,231.58,Metric Tonnes,1516.14,Rs./Quintal
Punjab,Vegetables,Tomato,2024-01-09,231.72,Metric Tonnes,1441.26,Rs./Quintal
Punjab,Vegetables,Tomato,2024-01-10,255.3,Metric Tonnes,1514.42,Rs./Quintal
Punjab,Vegetables,Tomato,2024-01-11,231.83,Metric Tonnes,1537.31,Rs./Quintal
Punjab,Vegetables,Tomato,2024-01-12,312.2,Metric Tonnes,1460.27,Rs./Quintal
Punjab,Vegetables,Tomato,2024-01-13,178.23,Metric Tonnes,1744.55,Rs./Quintal
Punjab,Vegetables,Tomato,2024-01-14,14.85,Metric Tonnes,1875.76,Rs./Quintal
Punjab,Vegetables,Tomato,2024-01-15,223.13,Metric Tonnes,1510.62,Rs./Quintal
Punjab,Vegetables,Tomato,2024-01-16,180.63,Metric Tonnes,1516.31,Rs./Quintal
Punjab,Vegetables,Tomato,2024-01-17,184.87,Metric Tonnes,1541.8,Rs./Quintal
Punjab,Vegetables,Tomato,2024-01-18,252.53,Metric Tonnes,1631.44,Rs./Quintal
Punjab,Vegetables,Tomato,2024-01-19,221.08,Metric Tonnes,1598.56,Rs./Quintal
Punjab,Vegetables,Tomato,2024-01-20,256.25,Metric Tonnes,1652.75,Rs./Quintal
Punjab,Vegetables,Tomato,2024-01-21,15.95,Metric Tonnes,2046.39,Rs./Quintal
Punjab,Vegetables,Tomato,2024-01-22,258.48,Metric Tonnes,1715.11,Rs./Quintal
Punjab,Vegetables,Tomato,2024-01-23,298.84,Metric Tonnes,1797.38,Rs./Quintal
Punjab,Vegetables,Tomato,2024-01-24,286.47,Metric Tonnes,1804.05,Rs./Quintal
Punjab,Vegetables,Tomato,2024-01-25,261.79,Metric Tonnes,1838.31,Rs./Quintal
Punjab,Vegetables,Tomato,2024-01-26,271.34,Metric Tonnes,1948.79,Rs./Quintal
Punjab,Vegetables,Tomato,2024-01-27,208.99,Metric Tonnes,2262.63,Rs./Quintal
Punjab,Vegetables,Tomato,2024-01-28,12.6,Metric Tonnes,2251.59,Rs./Quintal
Punjab,Vegetables,Tomato,2024-01-29,295.98,Metric Tonnes,2216.42,Rs./Quintal
Punjab,Vegetables,Tomato,2024-01-30,267.31,Metric Tonnes,2337.55,Rs./Quintal
Punjab,Vegetables,Tomato,2024-01-31,255.39,Metric Tonnes,2525.18,Rs./Quintal
Punjab,Vegetables,Tomato,2024-02-01,288.93,Metric Tonnes,2553.6,Rs./Quintal
Punjab,Vegetables,Tomato,2024-02-02,293.36,Metric Tonnes,2548.71,Rs./Quintal
Punjab,Vegetables,Tomato,2024-02-03,264.62,Metric Tonnes,2511.74,Rs./Quintal
Punjab,Vegetables,Tomato,2024-02-04,14.1,Metric Tonnes,2803.55,Rs./Quintal
Punjab,Vegetables,Tomato,2024-02-05,349.98,Metric Tonnes,2180.98,Rs./Quintal
Punjab,Vegetables,Tomato,2024-02-06,325.05,Metric Tonnes,2338.37,Rs./Quintal
Punjab,Vegetables,Tomato,2024-02-07,244.43,Metric Tonnes,2300.07,Rs./Quintal
Punjab,Vegetables,Tomato,2024-02-08,257.42,Metric Tonnes,2092.42,Rs./Quintal
Punjab,Vegetables,Tomato,2024-02-09,300.31,Metric Tonnes,1967.85,Rs./Quintal
Punjab,Vegetables,Tomato,2024-02-10,333.91,Metric Tonnes,1880.87,Rs./Quintal
Punjab,Vegetables,Tomato,2024-02-11,17.25,Metric Tonnes,2042.03,Rs./Quintal
Punjab,Vegetables,Tomato,2024-02-12,368.24,Metric Tonnes,1867.08,Rs./Quintal
Punjab,Vegetables,Tomato,2024-02-13,318.4,Metric Tonnes,1904.08,Rs./Quintal
Punjab,Vegetables,Tomato,2024-02-14,299.85,Metric Tonnes,1884.43,Rs./Quintal
Punjab,Vegetables,Tomato,2024-02-15,252.12,Metric Tonnes,1969.23,Rs./Quintal
Punjab,Vegetables,Tomato,2024-02-16,168.69,Metric Tonnes,1956.54,Rs./Quintal
Punjab,Vegetables,Tomato,2024-02-17,299.75,Metric Tonnes,1858.98,Rs./Quintal
Punjab,Vegetables,Tomato,2024-02-18,23.6,Metric Tonnes,2091.53,Rs./Quintal
Punjab,Vegetables,Tomato,2024-02-19,320.74,Metric Tonnes,2215.62,Rs./Quintal
Punjab,Vegetables,Tomato,2024-02-20,209.07,Metric Tonnes,2299.97,Rs./Quintal
Punjab,Vegetables,Tomato,2024-02-21,242.7,Metric Tonnes,2329.39,Rs./Quintal
Punjab,Vegetables,Tomato,2024-02-22,229.13,Metric Tonnes,2454.76,Rs./Quintal
Punjab,Vegetables,Tomato,2024-02-23,245.78,Metric Tonnes,2227.44,Rs./Quintal
Punjab,Vegetables,Tomato,2024-02-24,275.96,Metric Tonnes,2359.86,Rs./Quintal
Punjab,Vegetables,Tomato,2024-02-25,13.98,Metric Tonnes,1903.15,Rs./Quintal
Punjab,Vegetables,Tomato,2024-02-26,420.47,Metric Tonnes,2156.44,Rs./Quintal
Punjab,Vegetables,Tomato,2024-02-27,355.73,Metric Tonnes,2229.7,Rs./Quintal
Punjab,Vegetables,Tomato,2024-02-28,337.13,Metric Tonnes,2257.22,Rs./Quintal
Punjab,Vegetables,Tomato,2024-02-29,412.75,Metric Tonnes,2091.75,Rs./Quintal
Punjab,Vegetables,Tomato,2024-03-01,369.87,Metric Tonnes,1885.19,Rs./Quintal
Punjab,Vegetables,Tomato,2024-03-02,242.21,Metric Tonnes,2250.76,Rs./Quintal
Punjab,Vegetables,Tomato,2024-03-03,14.85,Metric Tonnes,2254.55,Rs./Quintal
Punjab,Vegetables,Tomato,2024-03-04,376.13,Metric Tonnes,2125.4,Rs./Quintal
Punjab,Vegetables,Tomato,2024-03-05,311.98,Metric Tonnes,2166.04,Rs./Quintal
Punjab,Vegetables,Tomato,2024-03-06,273.59,Metric Tonnes,2305.37,Rs./Quintal
Punjab,Vegetables,Tomato,2024-03-07,227.07,Metric Tonnes,2416.65,Rs./Quintal
Punjab,Vegetables,Tomato,2024-03-08,299.38,Metric Tonnes,2061.92,Rs./Quintal
Punjab,Vegetables,Tomato,2024-03-09,322.92,Metric Tonnes,2266.3,Rs./Quintal
Punjab,Vegetables,Tomato,2024-03-10,12.67,Metric Tonnes,2432.04,Rs./Quintal
Punjab,Vegetables,Tomato,2024-03-11,529.25,Metric Tonnes,2098.45,Rs./Quintal
Punjab,Vegetables,Tomato,2024-03-12,351.98,Metric Tonnes,2122.01,Rs./Quintal
Punjab,Vegetables,Tomato,2024-03-13,262.46,Metric Tonnes,2137.93,Rs./Quintal
Punjab,Vegetables,Tomato,2024-03-14,303.61,Metric Tonnes,2129.66,Rs./Quintal
Punjab,Vegetables,Tomato,2024-03-15,247.06,Metric Tonnes,2014.48,Rs./Quintal
Punjab,Vegetables,Tomato,2024-03-16,267.8,Metric Tonnes,2190.92,Rs./Quintal
Punjab,Vegetables,Tomato,2024-03-17,14.59,Metric Tonnes,2437.9,Rs./Quintal
Punjab,Vegetables,Tomato,2024-03-18,494.1,Metric Tonnes,2171.13,Rs./Quintal
Punjab,Vegetables,Tomato,2024-03-19,380.48,Metric Tonnes,2196.92,Rs./Quintal
Punjab,Vegetables,Tomato,2024-03-20,302.04,Metric Tonnes,2180.75,Rs./Quintal
Punjab,Vegetables,Tomato,2024-03-21,264.07,Metric Tonnes,2091.84,Rs./Quintal
Punjab,Vegetables,Tomato,2024-03-22,272.4,Metric Tonnes,2006.35,Rs./Quintal
Punjab,Vegetables,Tomato,2024-03-23,190.65,Metric Tonnes,2177.93,Rs./Quintal
Punjab,Vegetables,Tomato,2024-03-24,10.77,Metric Tonnes,2299.07,Rs./Quintal
Punjab,Vegetables,Tomato,2024-03-25,298.69,Metric Tonnes,1654.84,Rs./Quintal
Punjab,Vegetables,Tomato,2024-03-26,297.84,Metric Tonnes,1658.72,Rs./Quintal
Punjab,Vegetables,Tomato,2024-03-27,287.31,Metric Tonnes,2014.5,Rs./Quintal
Punjab,Vegetables,Tomato,2024-03-28,330.52,Metric Tonnes,1918.38,Rs./Quintal
Punjab,Vegetables,Tomato,2024-03-29,211.35,Metric Tonnes,2103.37,Rs./Quintal
Punjab,Vegetables,Tomato,2024-03-30,217.82,Metric Tonnes,1960.23,Rs./Quintal
Punjab,Vegetables,Tomato,2024-03-31,20.19,Metric Tonnes,2289.8,Rs./Quintal
Punjab,Vegetables,Tomato,2024-04-01,282.26,Metric Tonnes,1916.86,Rs./Quintal
Punjab,Vegetables,Tomato,2024-04-02,319.28,Metric Tonnes,1787.44,Rs./Quintal
Punjab,Vegetables,Tomato,2024-04-03,286.32,Metric Tonnes,1952.46,Rs./Quintal
Punjab,Vegetables,Tomato,2024-04-04,266.5,Metric Tonnes,1656.18,Rs./Quintal
Punjab,Vegetables,Tomato,2024-04-05,388.5,Metric Tonnes,1792.67,Rs./Quintal
Punjab,Vegetables,Tomato,2024-04-06,190.22,Metric Tonnes,1944.69,Rs./Quintal
Punjab,Vegetables,Tomato,2024-04-07,13.05,Metric Tonnes,2024.14,Rs./Quintal
Punjab,Vegetables,Tomato,2024-04-08,416.18,Metric Tonnes,1669.44,Rs./Quintal
Punjab,Vegetables,Tomato,2024-04-09,508.52,Metric Tonnes,1564.76,Rs./Quintal
Punjab,Vegetables,Tomato,2024-04-10,253.9,Metric Tonnes,1794.47,Rs./Quintal
Punjab,Vegetables,Tomato,2024-04-11,257.09,Metric Tonnes,1902.14,Rs./Quintal
Punjab,Vegetables,Tomato,2024-04-12,299.22,Metric Tonnes,1819.08,Rs./Quintal
Punjab,Vegetables,Tomato,2024-04-13,282.55,Metric Tonnes,1839.48,Rs./Quintal
Punjab,Vegetables,Tomato,2024-04-14,17.04,Metric Tonnes,1655.4,Rs./Quintal
Punjab,Vegetables,Tomato,2024-04-15,334.46,Metric Tonnes,1721.3,Rs./Quintal
Punjab,Vegetables,Tomato,2024-04-16,394.79,Metric Tonnes,1687.49,Rs./Quintal
Punjab,Vegetables,Tomato,2024-04-17,180.61,Metric Tonnes,1913.69,Rs./Quintal
Punjab,Vegetables,Tomato,2024-04-18,302.24,Metric Tonnes,2040.71,Rs./Quintal
Punjab,Vegetables,Tomato,2024-04-19,265.53,Metric Tonnes,1680.99,Rs./Quintal
Punjab,Vegetables,Tomato,2024-04-20,264.39,Metric Tonnes,1973.74,Rs./Quintal
Punjab,Vegetables,Tomato,2024-04-21,30.47,Metric Tonnes,1857.09,Rs./Quintal
Punjab,Vegetables,Tomato,2024-04-22,345.66,Metric Tonnes,1836.88,Rs./Quintal
Punjab,Vegetables,Tomato,2024-04-23,317.84,Metric Tonnes,2064.33,Rs./Quintal
Punjab,Vegetables,Tomato,2024-04-24,291.68,Metric Tonnes,2191.24,Rs./Quintal
Punjab,Vegetables,Tomato,2024-04-25,281.89,Metric Tonnes,2411.01,Rs./Quintal
Punjab,Vegetables,Tomato,2024-04-26,357.04,Metric Tonnes,2403.88,Rs./Quintal
Punjab,Vegetables,Tomato,2024-04-27,322.68,Metric Tonnes,2106.51,Rs./Quintal
Punjab,Vegetables,Tomato,2024-04-28,20.44,Metric Tonnes,2157.02,Rs./Quintal
Punjab,Vegetables,Tomato,2024-04-29,312.93,Metric Tonnes,1874.15,Rs./Quintal
Punjab,Vegetables,Tomato,2024-04-30,247.31,Metric Tonnes,2096.15,Rs./Quintal
Punjab,Vegetables,Tomato,2024-05-01,255.84,Metric Tonnes,1796.79,Rs./Quintal
Punjab,Vegetables,Tomato,2024-05-02,307.71,Metric Tonnes,1822.56,Rs./Quintal
Punjab,Vegetables,Tomato,2024-05-03,297.43,Metric Tonnes,1753.76,Rs./Quintal
Punjab,Vegetables,Tomato,2024-05-04,377.06,Metric Tonnes,1707.1,Rs./Quintal
Punjab,Vegetables,Tomato,2024-05-05,20.7,Metric Tonnes,2189.61,Rs./Quintal
Punjab,Vegetables,Tomato,2024-05-06,338.23,Metric Tonnes,1580.7,Rs./Quintal
Punjab,Vegetables,Tomato,2024-05-07,337.03,Metric Tonnes,1592.67,Rs./Quintal
Punjab,Vegetables,Tomato,2024-05-08,307.97,Metric Tonnes,1428.86,Rs./Quintal
Punjab,Vegetables,Tomato,2024-05-09,319.64,Metric Tonnes,1478.83,Rs./Quintal
Punjab,Vegetables,Tomato,2024-05-10,319.93,Metric Tonnes,1511.34,Rs./Quintal
Punjab,Vegetables,Tomato,2024-05-11,315.61,Metric Tonnes,1097.61,Rs./Quintal
Punjab,Vegetables,Tomato,2024-05-12,14.0,Metric Tonnes,1665.0,Rs./Quintal
Punjab,Vegetables,Tomato,2024-05-13,424.78,Metric Tonnes,1130.4,Rs./Quintal
Punjab,Vegetables,Tomato,2024-05-14,378.24,Metric Tonnes,995.1,Rs./Quintal
Punjab,Vegetables,Tomato,2024-05-15,402.73,Metric Tonnes,855.51,Rs./Quintal
Punjab,Vegetables,Tomato,2024-05-16,457.62,Metric Tonnes,772.02,Rs./Quintal
Punjab,Vegetables,Tomato,2024-05-17,431.69,Metric Tonnes,703.32,Rs./Quintal
Punjab,Vegetables,Tomato,2024-05-18,446.55,Metric Tonnes,628.86,Rs./Quintal
Punjab,Vegetables,Tomato,2024-05-19,24.7,Metric Tonnes,1259.58,Rs./Quintal
Punjab,Vegetables,Tomato,2024-05-20,404.58,Metric Tonnes,642.91,Rs./Quintal
Punjab,Vegetables,Tomato,2024-05-21,351.35,Metric Tonnes,667.98,Rs./Quintal
Punjab,Vegetables,Tomato,2024-05-22,431.41,Metric Tonnes,617.66,Rs./Quintal
Punjab,Vegetables,Tomato,2024-05-23,404.15,Metric Tonnes,642.6,Rs./Quintal
Punjab,Vegetables,Tomato,2024-05-24,371.8,Metric Tonnes,616.27,Rs./Quintal
Punjab,Vegetables,Tomato,2024-05-25,322.89,Metric Tonnes,589.24,Rs./Quintal
Punjab,Vegetables,Tomato,2024-05-26,13.3,Metric Tonnes,1312.84,Rs./Quintal
Punjab,Vegetables,Tomato,2024-05-27,367.91,Metric Tonnes,593.95,Rs./Quintal
Punjab,Vegetables,Tomato,2024-05-28,430.86,Metric Tonnes,759.55,Rs./Quintal
Punjab,Vegetables,Tomato,2024-05-29,439.59,Metric Tonnes,655.22,Rs./Quintal
Punjab,Vegetables,Tomato,2024-05-30,382.25,Metric Tonnes,660.98,Rs./Quintal
Punjab,Vegetables,Tomato,2024-05-31,344.0,Metric Tonnes,698.35,Rs./Quintal
Punjab,Vegetables,Tomato,2024-06-01,415.51,Metric Tonnes,762.77,Rs./Quintal
Punjab,Vegetables,Tomato,2024-06-02,15.32,Metric Tonnes,1255.69,Rs./Quintal
Punjab,Vegetables,Tomato,2024-06-03,365.01,Metric Tonnes,604.99,Rs./Quintal
Punjab,Vegetables,Tomato,2024-06-04,281.55,Metric Tonnes,616.6,Rs./Quintal
Punjab,Vegetables,Tomato,2024-06-05,266.86,Metric Tonnes,633.93,Rs./Quintal
Punjab,Vegetables,Tomato,2024-06-06,312.61,Metric Tonnes,602.23,Rs./Quintal
Punjab,Vegetables,Tomato,2024-06-07,367.35,Metric Tonnes,588.18,Rs./Quintal
Punjab,Vegetables,Tomato,2024-06-08,236.43,Metric Tonnes,542.34,Rs./Quintal
Punjab,Vegetables,Tomato,2024-06-09,9.7,Metric Tonnes,1069.07,Rs./Quintal
Punjab,Vegetables,Tomato,2024-06-10,374.78,Metric Tonnes,537.13,Rs./Quintal
Punjab,Vegetables,Tomato,2024-06-11,411.39,Metric Tonnes,584.62,Rs./Quintal
Punjab,Vegetables,Tomato,2024-06-12,397.88,Metric Tonnes,619.84,Rs./Quintal
Punjab,Vegetables,Tomato,2024-06-13,315.93,Metric Tonnes,697.01,Rs./Quintal
Punjab,Vegetables,Tomato,2024-06-14,171.9,Metric Tonnes,642.47,Rs./Quintal
Punjab,Vegetables,Tomato,2024-06-15,141.74,Metric Tonnes,674.72,Rs./Quintal
Punjab,Vegetables,Tomato,2024-06-16,17.5,Metric Tonnes,1244.54,Rs./Quintal
Punjab,Vegetables,Tomato,2024-06-17,261.83,Metric Tonnes,627.3,Rs./Quintal
Punjab,Vegetables,Tomato,2024-06-18,181.35,Metric Tonnes,964.12,Rs./Quintal
Punjab,Vegetables,Tomato,2024-06-19,287.76,Metric Tonnes,1071.57,Rs./Quintal
Punjab,Vegetables,Tomato,2024-06-20,332.36,Metric Tonnes,1225.14,Rs./Quintal
Punjab,Vegetables,Tomato,2024-06-21,356.97,Metric Tonnes,1094.58,Rs./Quintal
Punjab,Vegetables,Tomato,2024-06-22,296.89,Metric Tonnes,1246.98,Rs./Quintal
Punjab,Vegetables,Tomato,2024-06-23,25.94,Metric Tonnes,1704.86,Rs./Quintal
Punjab,Vegetables,Tomato,2024-06-24,259.73,Metric Tonnes,1260.82,Rs./Quintal
Punjab,Vegetables,Tomato,2024-06-25,320.73,Metric Tonnes,1230.58,Rs./Quintal
Punjab,Vegetables,Tomato,2024-06-26,254.19,Metric Tonnes,1179.51,Rs./Quintal
Punjab,Vegetables,Tomato,2024-06-27,188.34,Metric Tonnes,1117.34,Rs./Quintal
Punjab,Vegetables,Tomato,2024-06-28,266.77,Metric Tonnes,1354.09,Rs./Quintal
Punjab,Vegetables,Tomato,2024-06-29,176.56,Metric Tonnes,1192.55,Rs./Quintal
Punjab,Vegetables,Tomato,2024-06-30,24.75,Metric Tonnes,2049.49,Rs./Quintal
Punjab,Vegetables,Tomato,2024-07-01,216.77,Metric Tonnes,1239.17,Rs./Quintal
Punjab,Vegetables,Tomato,2024-07-02,176.18,Metric Tonnes,1926.39,Rs./Quintal
Punjab,Vegetables,Tomato,2024-07-03,154.55,Metric Tonnes,1744.39,Rs./Quintal
Punjab,Vegetables,Tomato,2024-07-04,187.14,Metric Tonnes,1873.42,Rs./Quintal
Punjab,Vegetables,Tomato,2024-07-05,129.97,Metric Tonnes,2335.34,Rs./Quintal
Punjab,Vegetables,Tomato,2024-07-06,157.37,Metric Tonnes,2487.25,Rs./Quintal
Punjab,Vegetables,Tomato,2024-07-07,15.45,Metric Tonnes,3442.23,Rs./Quintal
Punjab,Vegetables,Tomato,2024-07-08,193.25,Metric Tonnes,2546.08,Rs./Quintal
Punjab,Vegetables,Tomato,2024-07-09,198.74,Metric Tonnes,2823.71,Rs./Quintal
Punjab,Vegetables,Tomato,2024-07-10,201.35,Metric Tonnes,3112.46,Rs./Quintal
Punjab,Vegetables,Tomato,2024-07-11,134.5,Metric Tonnes,3277.13,Rs./Quintal
Punjab,Vegetables,Tomato,2024-07-12,133.76,Metric Tonnes,3621.41,Rs./Quintal
Punjab,Vegetables,Tomato,2024-07-13,96.24,Metric Tonnes,3878.12,Rs./Quintal
Punjab,Vegetables,Tomato,2024-07-14,14.25,Metric Tonnes,4692.0,Rs./Quintal
Punjab,Vegetables,Tomato,2024-07-15,100.64,Metric Tonnes,3547.44,Rs./Quintal
Punjab,Vegetables,Tomato,2024-07-16,151.62,Metric Tonnes,4245.51,Rs./Quintal
Punjab,Vegetables,Tomato,2024-07-17,117.89,Metric Tonnes,4277.56,Rs./Quintal
Punjab,Vegetables,Tomato,2024-07-18,126.99,Metric Tonnes,4342.24,Rs./Quintal
Punjab,Vegetables,Tomato,2024-07-19,104.41,Metric Tonnes,4191.2,Rs./Quintal
Punjab,Vegetables,Tomato,2024-07-20,125.92,Metric Tonnes,4729.17,Rs./Quintal
Punjab,Vegetables,Tomato,2024-07-21,9.6,Metric Tonnes,4473.17,Rs./Quintal
Punjab,Vegetables,Tomato,2024-07-22,104.83,Metric Tonnes,4272.56,Rs./Quintal
Punjab,Vegetables,Tomato,2024-07-23,101.79,Metric Tonnes,3941.94,Rs./Quintal
Punjab,Vegetables,Tomato,2024-07-24,96.42,Metric Tonnes,4334.97,Rs./Quintal
Punjab,Vegetables,Tomato,2024-07-25,125.95,Metric Tonnes,4498.09,Rs./Quintal
Punjab,Vegetables,Tomato,2024-07-26,107.09,Metric Tonnes,3843.41,Rs./Quintal
Punjab,Vegetables,Tomato,2024-07-27,113.77,Metric Tonnes,3549.3,Rs./Quintal
Punjab,Vegetables,Tomato,2024-07-28,10.6,Metric Tonnes,4331.79,Rs./Quintal
Punjab,Vegetables,Tomato,2024-07-29,160.53,Metric Tonnes,3125.42,Rs./Quintal
Punjab,Vegetables,Tomato,2024-07-30,142.26,Metric Tonnes,3494.0,Rs./Quintal
Punjab,Vegetables,Tomato,2024-07-31,153.48,Metric Tonnes,3665.03,Rs./Quintal
Punjab,Vegetables,Tomato,2024-08-01,150.69,Metric Tonnes,3824.18,Rs./Quintal
Punjab,Vegetables,Tomato,2024-08-02,95.92,Metric Tonnes,3693.06,Rs./Quintal
Punjab,Vegetables,Tomato,2024-08-03,108.44,Metric Tonnes,3513.76,Rs./Quintal
Punjab,Vegetables,Tomato,2024-08-04,24.04,Metric Tonnes,3917.22,Rs./Quintal
Punjab,Vegetables,Tomato,2024-08-05,185.73,Metric Tonnes,3276.64,Rs./Quintal
Punjab,Vegetables,Tomato,2024-08-06,223.09,Metric Tonnes,3248.97,Rs./Quintal
Punjab,Vegetables,Tomato,2024-08-07,211.37,Metric Tonnes,2854.34,Rs./Quintal
Punjab,Vegetables,Tomato,2024-08-08,217.74,Metric Tonnes,3007.13,Rs./Quintal
Punjab,Vegetables,Tomato,2024-08-09,180.2,Metric Tonnes,3344.1,Rs./Quintal
Punjab,Vegetables,Tomato,2024-08-10,118.43,Metric Tonnes,3142.1,Rs./Quintal
Punjab,Vegetables,Tomato,2024-08-11,10.65,Metric Tonnes,3627.79,Rs./Quintal
Punjab,Vegetables,Tomato,2024-08-12,188.47,Metric Tonnes,3383.54,Rs./Quintal
Punjab,Vegetables,Tomato,2024-08-13,138.28,Metric Tonnes,3214.1,Rs./Quintal
Punjab,Vegetables,Tomato,2024-08-14,166.72,Metric Tonnes,3241.55,Rs./Quintal
Punjab,Vegetables,Tomato,2024-08-15,158.0,Metric Tonnes,3071.25,Rs./Quintal
Punjab,Vegetables,Tomato,2024-08-16,207.67,Metric Tonnes,3008.91,Rs./Quintal
Punjab,Vegetables,Tomato,2024-08-17,127.42,Metric Tonnes,3055.69,Rs./Quintal
Punjab,Vegetables,Tomato,2024-08-18,15.94,Metric Tonnes,3709.5,Rs./Quintal
Punjab,Vegetables,Tomato,2024-08-19,197.92,Metric Tonnes,2904.11,Rs./Quintal
Punjab,Vegetables,Tomato,2024-08-20,188.32,Metric Tonnes,3006.12,Rs./Quintal
Punjab,Vegetables,Tomato,2024-08-21,186.85,Metric Tonnes,2669.01,Rs./Quintal
Punjab,Vegetables,Tomato,2024-08-22,228.56,Metric Tonnes,2582.1,Rs./Quintal
Punjab,Vegetables,Tomato,2024-08-23,236.06,Metric Tonnes,2581.51,Rs./Quintal
Punjab,Vegetables,Tomato,2024-08-24,150.12,Metric Tonnes,2833.02,Rs./Quintal
Punjab,Vegetables,Tomato,2024-08-25,8.32,Metric Tonnes,2735.41,Rs./Quintal
Punjab,Vegetables,Tomato,2024-08-26,343.6,Metric Tonnes,2342.55,Rs./Quintal
Punjab,Vegetables,Tomato,2024-08-27,256.26,Metric Tonnes,2342.07,Rs./Quintal
Punjab,Vegetables,Tomato,2024-08-28,255.25,Metric Tonnes,2539.78,Rs./Quintal
Punjab,Vegetables,Tomato,2024-08-29,212.93,Metric Tonnes,2377.92,Rs./Quintal
Punjab,Vegetables,Tomato,2024-08-30,266.33,Metric Tonnes,2269.45,Rs./Quintal
Punjab,Vegetables,Tomato,2024-08-31,205.0,Metric Tonnes,2176.64,Rs./Quintal
Punjab,Vegetables,Tomato,2024-09-01,15.06,Metric Tonnes,2502.66,Rs./Quintal
Punjab,Vegetables,Tomato,2024-09-02,344.09,Metric Tonnes,2366.15,Rs./Quintal
Punjab,Vegetables,Tomato,2024-09-03,268.58,Metric Tonnes,2077.6,Rs./Quintal
Punjab,Vegetables,Tomato,2024-09-04,375.73,Metric Tonnes,2164.26,Rs./Quintal
Punjab,Vegetables,Tomato,2024-09-05,254.96,Metric Tonnes,2110.53,Rs./Quintal
Punjab,Vegetables,Tomato,2024-09-06,357.95,Metric Tonnes,2193.54,Rs./Quintal
Punjab,Vegetables,Tomato,2024-09-07,222.55,Metric Tonnes,1910.2,Rs./Quintal
Punjab,Vegetables,Tomato,2024-09-08,11.01,Metric Tonnes,2888.28,Rs./Quintal
Punjab,Vegetables,Tomato,2024-09-09,297.08,Metric Tonnes,1917.05,Rs./Quintal
Punjab,Vegetables,Tomato,2024-09-10,266.71,Metric Tonnes,2027.86,Rs./Quintal
Punjab,Vegetables,Tomato,2024-09-11,353.99,Metric Tonnes,2188.99,Rs./Quintal
Punjab,Vegetables,Tomato,2024-09-12,395.46,Metric Tonnes,2154.25,Rs./Quintal
Punjab,Vegetables,Tomato,2024-09-13,335.95,Metric Tonnes,2286.4,Rs./Quintal
Punjab,Vegetables,Tomato,2024-09-14,272.38,Metric Tonnes,2200.76,Rs./Quintal
Punjab,Vegetables,Tomato,2024-09-15,19.1,Metric Tonnes,2369.11,Rs./Quintal
Punjab,Vegetables,Tomato,2024-09-16,436.66,Metric Tonnes,2159.1,Rs./Quintal
Punjab,Vegetables,Tomato,2024-09-17,380.25,Metric Tonnes,2417.89,Rs./Quintal
Punjab,Vegetables,Tomato,2024-09-18,243.22,Metric Tonnes,2644.83,Rs./Quintal
Punjab,Vegetables,Tomato,2024-09-19,334.18,Metric Tonnes,2731.95,Rs./Quintal
Punjab,Vegetables,Tomato,2024-09-20,357.96,Metric Tonnes,2798.77,Rs./Quintal
Punjab,Vegetables,Tomato,2024-09-21,348.56,Metric Tonnes,2976.48,Rs./Quintal
Punjab,Vegetables,Tomato,2024-09-22,14.85,Metric Tonnes,3554.68,Rs./Quintal
Punjab,Vegetables,Tomato,2024-09-23,396.42,Metric Tonnes,2870.19,Rs./Quintal
Punjab,Vegetables,Tomato,2024-09-24,346.72,Metric Tonnes,3145.72,Rs./Quintal
Punjab,Vegetables,Tomato,2024-09-25,304.99,Metric Tonnes,3049.5,Rs./Quintal
Punjab,Vegetables,Tomato,2024-09-26,267.44,Metric Tonnes,3144.34,Rs./Quintal
Punjab,Vegetables,Tomato,2024-09-27,279.42,Metric Tonnes,3350.53,Rs./Quintal
Punjab,Vegetables,Tomato,2024-09-28,254.74,Metric Tonnes,3362.66,Rs./Quintal
Punjab,Vegetables,Tomato,2024-09-29,10.14,Metric Tonnes,3820.51,Rs./Quintal
Punjab,Vegetables,Tomato,2024-09-30,341.83,Metric Tonnes,3164.92,Rs./Quintal
Punjab,Vegetables,Tomato,2024-10-01,293.3,Metric Tonnes,3556.97,Rs./Quintal
Punjab,Vegetables,Tomato,2024-10-02,223.62,Metric Tonnes,3117.4,Rs./Quintal
Punjab,Vegetables,Tomato,2024-10-03,247.51,Metric Tonnes,3475.19,Rs./Quintal
Punjab,Vegetables,Tomato,2024-10-04,195.19,Metric Tonnes,3792.56,Rs./Quintal
Punjab,Vegetables,Tomato,2024-10-05,199.42,Metric Tonnes,3946.08,Rs./Quintal
Punjab,Vegetables,Tomato,2024-10-06,19.27,Metric Tonnes,4900.62,Rs./Quintal
Punjab,Vegetables,Tomato,2024-10-07,237.66,Metric Tonnes,4879.13,Rs./Quintal
Punjab,Vegetables,Tomato,2024-10-08,241.6,Metric Tonnes,5358.84,Rs./Quintal
Punjab,Vegetables,Tomato,2024-10-09,273.61,Metric Tonnes,4824.11,Rs./Quintal
Punjab,Vegetables,Tomato,2024-10-10,298.68,Metric Tonnes,4591.13,Rs./Quintal
Punjab,Vegetables,Tomato,2024-10-11,251.27,Metric Tonnes,4523.77,Rs./Quintal
Punjab,Vegetables,Tomato,2024-10-12,203.84,Metric Tonnes,4459.6,Rs./Quintal
Punjab,Vegetables,Tomato,2024-10-13,17.06,Metric Tonnes,4629.54,Rs./Quintal
Punjab,Vegetables,Tomato,2024-10-14,306.37,Metric Tonnes,3964.61,Rs./Quintal
Punjab,Vegetables,Tomato,2024-10-15,245.73,Metric Tonnes,4246.29,Rs./Quintal
Punjab,Vegetables,Tomato,2024-10-16,249.16,Metric Tonnes,3784.54,Rs./Quintal
Punjab,Vegetables,Tomato,2024-10-17,207.9,Metric Tonnes,4281.75,Rs./Quintal
Punjab,Vegetables,Tomato,2024-10-18,210.79,Metric Tonnes,4502.19,Rs./Quintal
Punjab,Vegetables,Tomato,2024-10-19,244.62,Metric Tonnes,4036.08,Rs./Quintal
Punjab,Vegetables,Tomato,2024-10-20,10.1,Metric Tonnes,5213.86,Rs./Quintal
Punjab,Vegetables,Tomato,2024-10-21,181.34,Metric Tonnes,4194.56,Rs./Quintal
Punjab,Vegetables,Tomato,2024-10-22,207.86,Metric Tonnes,3463.29,Rs./Quintal
Punjab,Vegetables,Tomato,2024-10-23,184.08,Metric Tonnes,3718.38,Rs./Quintal
Punjab,Vegetables,Tomato,2024-10-24,221.22,Metric Tonnes,3851.05,Rs./Quintal
Punjab,Vegetables,Tomato,2024-10-25,182.65,Metric Tonnes,3802.41,Rs./Quintal
Punjab,Vegetables,Tomato,2024-10-26,233.04,Metric Tonnes,3585.92,Rs./Quintal
Punjab,Vegetables,Tomato,2024-10-27,24.97,Metric Tonnes,4209.45,Rs./Quintal
Punjab,Vegetables,Tomato,2024-10-28,319.57,Metric Tonnes,3391.73,Rs./Quintal
Punjab,Vegetables,Tomato,2024-10-29,189.2,Metric Tonnes,3486.24,Rs./Quintal
Punjab,Vegetables,Tomato,2024-10-30,221.1,Metric Tonnes,2905.56,Rs./Quintal
Punjab,Vegetables,Tomato,2024-10-31,108.55,Metric Tonnes,2730.2,Rs./Quintal
Punjab,Vegetables,Tomato,2024-11-01,172.08,Metric Tonnes,2700.46,Rs./Quintal
Punjab,Vegetables,Tomato,2024-11-02,137.37,Metric Tonnes,2801.58,Rs./Quintal
Punjab,Vegetables,Tomato,2024-11-03,10.06,Metric Tonnes,4279.32,Rs./Quintal
Punjab,Vegetables,Tomato,2024-11-04,241.2,Metric Tonnes,2643.57,Rs./Quintal
Punjab,Vegetables,Tomato,2024-11-05,196.53,Metric Tonnes,2935.17,Rs./Quintal
Punjab,Vegetables,Tomato,2024-11-06,189.52,Metric Tonnes,2539.95,Rs./Quintal
Punjab,Vegetables,Tomato,2024-11-07,227.79,Metric Tonnes,2578.06,Rs./Quintal
Punjab,Vegetables,Tomato,2024-11-08,196.82,Metric Tonnes,2813.33,Rs./Quintal
Punjab,Vegetables,Tomato,2024-11-09,633.15,Metric Tonnes,1891.94,Rs./Quintal
Punjab,Vegetables,Tomato,2024-11-10,11.2,Metric Tonnes,3985.71,Rs./Quintal
Punjab,Vegetables,Tomato,2024-11-11,287.95,Metric Tonnes,2694.19,Rs./Quintal
Punjab,Vegetables,Tomato,2024-11-12,234.0,Metric Tonnes,2873.17,Rs./Quintal
Punjab,Vegetables,Tomato,2024-11-13,176.89,Metric Tonnes,2705.16,Rs./Quintal
Punjab,Vegetables,Tomato,2024-11-14,195.01,Metric Tonnes,2990.87,Rs./Quintal
Punjab,Vegetables,Tomato,2024-11-15,190.1,Metric Tonnes,2646.75,Rs./Quintal
Punjab,Vegetables,Tomato,2024-11-16,146.16,Metric Tonnes,2443.3,Rs./Quintal
Punjab,Vegetables,Tomato,2024-11-17,5.4,Metric Tonnes,3761.11,Rs./Quintal
Punjab,Vegetables,Tomato,2024-11-18,240.64,Metric Tonnes,2426.65,Rs./Quintal
Punjab,Vegetables,Tomato,2024-11-19,185.1,Metric Tonnes,2944.88,Rs./Quintal
Punjab,Vegetables,Tomato,2024-11-20,241.92,Metric Tonnes,2880.11,Rs./Quintal
Punjab,Vegetables,Tomato,2024-11-21,250.17,Metric Tonnes,2668.4,Rs./Quintal
Punjab,Vegetables,Tomato,2024-11-22,317.7,Metric Tonnes,2927.44,Rs./Quintal
Punjab,Vegetables,Tomato,2024-11-23,243.58,Metric Tonnes,3072.71,Rs./Quintal
Punjab,Vegetables,Tomato,2024-11-24,12.97,Metric Tonnes,3178.87,Rs./Quintal
Punjab,Vegetables,Tomato,2024-11-25,355.71,Metric Tonnes,2867.98,Rs./Quintal
Punjab,Vegetables,Tomato,2024-11-26,324.96,Metric Tonnes,3114.75,Rs./Quintal
Punjab,Vegetables,Tomato,2024-11-27,292.9,Metric Tonnes,3111.06,Rs./Quintal
Punjab,Vegetables,Tomato,2024-11-28,294.02,Metric Tonnes,3195.81,Rs./Quintal
Punjab,Vegetables,Tomato,2024-11-29,264.55,Metric Tonnes,3033.31,Rs./Quintal
Punjab,Vegetables,Tomato,2024-11-30,263.8,Metric Tonnes,3009.34,Rs./Quintal
Punjab,Vegetables,Tomato,2024-12-01,39.88,Metric Tonnes,3776.58,Rs./Quintal
Punjab,Vegetables,Tomato,2024-12-02,341.11,Metric Tonnes,3129.38,Rs./Quintal
Punjab,Vegetables,Tomato,2024-12-03,272.27,Metric Tonnes,3131.75,Rs./Quintal
Punjab,Vegetables,Tomato,2024-12-04,195.42,Metric Tonnes,2810.73,Rs./Quintal
Punjab,Vegetables,Tomato,2024-12-05,188.77,Metric Tonnes,2841.86,Rs./Quintal
Punjab,Vegetables,Tomato,2024-12-06,237.45,Metric Tonnes,3036.66,Rs./Quintal
Punjab,Vegetables,Tomato,2024-12-07,237.65,Metric Tonnes,2904.55,Rs./Quintal
Punjab,Vegetables,Tomato,2024-12-08,16.16,Metric Tonnes,3675.74,Rs./Quintal
Punjab,Vegetables,Tomato,2024-12-09,437.11,Metric Tonnes,2724.4,Rs./Quintal
Punjab,Vegetables,Tomato,2024-12-10,264.06,Metric Tonnes,2909.46,Rs./Quintal
Punjab,Vegetables,Tomato,2024-12-11,440.54,Metric Tonnes,3365.95,Rs./Quintal
Punjab,Vegetables,Tomato,2024-12-12,276.86,Metric Tonnes,2996.39,Rs./Quintal
Punjab,Vegetables,Tomato,2024-12-13,339.07,Metric Tonnes,2391.02,Rs./Quintal
Punjab,Vegetables,Tomato,2024-12-14,191.55,Metric Tonnes,2175.46,Rs./Quintal
Punjab,Vegetables,Tomato,2024-12-15,12.59,Metric Tonnes,3196.58,Rs./Quintal
Punjab,Vegetables,Tomato,2024-12-16,477.84,Metric Tonnes,2064.78,Rs./Quintal
Punjab,Vegetables,Tomato,2024-12-17,226.29,Metric Tonnes,2280.69,Rs./Quintal
Punjab,Vegetables,Tomato,2024-12-18,264.81,Metric Tonnes,2450.05,Rs./Quintal
Punjab,Vegetables,Tomato,2024-12-19,303.89,Metric Tonnes,2522.84,Rs./Quintal
Punjab,Vegetables,Tomato,2024-12-20,362.75,Metric Tonnes,2762.67,Rs./Quintal
Punjab,Vegetables,Tomato,2024-12-21,267.76,Metric Tonnes,2413.02,Rs./Quintal
Punjab,Vegetables,Tomato,2024-12-22,46.84,Metric Tonnes,3915.35,Rs./Quintal
Punjab,Vegetables,Tomato,2024-12-23,306.46,Metric Tonnes,2227.16,Rs./Quintal
Punjab,Vegetables,Tomato,2024-12-24,274.35,Metric Tonnes,2597.92,Rs./Quintal
Punjab,Vegetables,Tomato,2024-12-25,248.66,Metric Tonnes,2424.47,Rs./Quintal
Punjab,Vegetables,Tomato,2024-12-26,250.08,Metric Tonnes,2483.69,Rs./Quintal
Punjab,Vegetables,Tomato,2024-12-27,218.53,Metric Tonnes,2321.95,Rs./Quintal
Punjab,Vegetables,Tomato,2024-12-28,131.12,Metric Tonnes,2243.04,Rs./Quintal
Punjab,Vegetables,Tomato,2024-12-29,7.6,Metric Tonnes,2668.42,Rs./Quintal
Punjab,Vegetables,Tomato,2024-12-30,152.07,Metric Tonnes,1866.55,Rs./Quintal
Punjab,Vegetables,Tomato,2024-12-31,325.65,Metric Tonnes,1995.36,Rs./Quintal
Punjab,Vegetables,Tomato,2025-01-01,224.55,Metric Tonnes,1797.29,Rs./Quintal
Punjab,Vegetables,Tomato,2025-01-02,262.4,Metric Tonnes,2043.35,Rs./Quintal
Punjab,Vegetables,Tomato,2025-01-03,249.88,Metric Tonnes,1772.02,Rs./Quintal
Punjab,Vegetables,Tomato,2025-01-04,195.53,Metric Tonnes,1523.22,Rs./Quintal
Punjab,Vegetables,Tomato,2025-01-05,11.12,Metric Tonnes,2395.32,Rs./Quintal
Punjab,Vegetables,Tomato,2025-01-06,425.51,Metric Tonnes,1615.21,Rs./Quintal
Punjab,Vegetables,Tomato,2025-01-07,378.37,Metric Tonnes,1568.77,Rs./Quintal
Punjab,Vegetables,Tomato,2025-01-08,295.5,Metric Tonnes,1480.43,Rs./Quintal
Punjab,Vegetables,Tomato,2025-01-09,329.83,Metric Tonnes,1470.99,Rs./Quintal
Punjab,Vegetables,Tomato,2025-01-10,280.11,Metric Tonnes,1176.19,Rs./Quintal
Punjab,Vegetables,Tomato,2025-01-11,187.16,Metric Tonnes,1493.91,Rs./Quintal
Punjab,Vegetables,Tomato,2025-01-12,16.49,Metric Tonnes,2370.59,Rs./Quintal
Punjab,Vegetables,Tomato,2025-01-13,255.17,Metric Tonnes,1487.51,Rs./Quintal
Punjab,Vegetables,Tomato,2025-01-14,259.02,Metric Tonnes,1505.17,Rs./Quintal
Punjab,Vegetables,Tomato,2025-01-15,371.61,Metric Tonnes,1446.7,Rs./Quintal
Punjab,Vegetables,Tomato,2025-01-16,249.86,Metric Tonnes,1434.61,Rs./Quintal
Punjab,Vegetables,Tomato,2025-01-17,248.06,Metric Tonnes,1370.97,Rs./Quintal
Punjab,Vegetables,Tomato,2025-01-18,287.33,Metric Tonnes,1259.64,Rs./Quintal
Punjab,Vegetables,Tomato,2025-01-19,32.8,Metric Tonnes,1284.6,Rs./Quintal
Punjab,Vegetables,Tomato,2025-01-20,317.48,Metric Tonnes,1262.01,Rs./Quintal
Punjab,Vegetables,Tomato,2025-01-21,222.78,Metric Tonnes,1267.48,Rs./Quintal
Punjab,Vegetables,Tomato,2025-01-22,272.11,Metric Tonnes,1211.52,Rs./Quintal
Punjab,Vegetables,Tomato,2025-01-23,301.67,Metric Tonnes,1091.61,Rs./Quintal
Punjab,Vegetables,Tomato,2025-01-24,214.97,Metric Tonnes,1120.37,Rs./Quintal
Punjab,Vegetables,Tomato,2025-01-25,307.0,Metric Tonnes,957.22,Rs./Quintal
Punjab,Vegetables,Tomato,2025-01-26,35.65,Metric Tonnes,1469.58,Rs./Quintal
Punjab,Vegetables,Tomato,2025-01-27,320.78,Metric Tonnes,1014.52,Rs./Quintal
Punjab,Vegetables,Tomato,2025-01-28,261.24,Metric Tonnes,1067.06,Rs./Quintal
Punjab,Vegetables,Tomato,2025-01-29,290.33,Metric Tonnes,1001.4,Rs./Quintal
Punjab,Vegetables,Tomato,2025-01-30,245.19,Metric Tonnes,1018.32,Rs./Quintal
Punjab,Vegetables,Tomato,2025-01-31,227.01,Metric Tonnes,1063.01,Rs./Quintal
Punjab,Vegetables,Tomato,2025-02-01,228.78,Metric Tonnes,946.31,Rs./Quintal
Punjab,Vegetables,Tomato,2025-02-02,12.5,Metric Tonnes,1485.6,Rs./Quintal
Punjab,Vegetables,Tomato,2025-02-03,254.45,Metric Tonnes,878.16,Rs./Quintal
Punjab,Vegetables,Tomato,2025-02-04,285.18,Metric Tonnes,1011.75,Rs./Quintal
Punjab,Vegetables,Tomato,2025-02-05,358.7,Metric Tonnes,1053.36,Rs./Quintal
Punjab,Vegetables,Tomato,2025-02-06,370.34,Metric Tonnes,1063.09,Rs./Quintal
Punjab,Vegetables,Tomato,2025-02-07,343.67,Metric Tonnes,972.53,Rs./Quintal
Punjab,Vegetables,Tomato,2025-02-08,260.34,Metric Tonnes,1043.21,Rs./Quintal
Punjab,Vegetables,Tomato,2025-02-09,15.66,Metric Tonnes,1366.99,Rs./Quintal
Punjab,Vegetables,Tomato,2025-02-10,496.33,Metric Tonnes,840.71,Rs./Quintal
Punjab,Vegetables,Tomato,2025-02-11,282.91,Metric Tonnes,1036.63,Rs./Quintal
Punjab,Vegetables,Tomato,2025-02-12,268.12,Metric Tonnes,878.35,Rs./Quintal
Punjab,Vegetables,Tomato,2025-02-13,464.48,Metric Tonnes,913.58,Rs./Quintal
Punjab,Vegetables,Tomato,2025-02-14,409.79,Metric Tonnes,1002.57,Rs./Quintal
Punjab,Vegetables,Tomato,2025-02-15,282.6,Metric Tonnes,986.01,Rs./Quintal
Punjab,Vegetables,Tomato,2025-02-16,18.0,Metric Tonnes,1202.61,Rs./Quintal
Punjab,Vegetables,Tomato,2025-02-17,392.29,Metric Tonnes,912.68,Rs./Quintal
Punjab,Vegetables,Tomato,2025-02-18,571.64,Metric Tonnes,951.19,Rs./Quintal
Punjab,Vegetables,Tomato,2025-02-19,396.17,Metric Tonnes,852.56,Rs./Quintal
Punjab,Vegetables,Tomato,2025-02-20,283.51,Metric Tonnes,920.31,Rs./Quintal
Punjab,Vegetables,Tomato,2025-02-21,445.14,Metric Tonnes,881.82,Rs./Quintal
Punjab,Vegetables,Tomato,2025-02-22,210.47,Metric Tonnes,1007.59,Rs./Quintal
Punjab,Vegetables,Tomato,2025-02-23,40.0,Metric Tonnes,1203.88,Rs./Quintal
Punjab,Vegetables,Tomato,2025-02-24,372.46,Metric Tonnes,1021.74,Rs./Quintal
Punjab,Vegetables,Tomato,2025-02-25,268.27,Metric Tonnes,1147.83,Rs./Quintal
Punjab,Vegetables,Tomato,2025-02-26,225.05,Metric Tonnes,987.09,Rs./Quintal
Punjab,Vegetables,Tomato,2025-02-27,343.9,Metric Tonnes,864.62,Rs./Quintal
Punjab,Vegetables,Tomato,2025-02-28,348.18,Metric Tonnes,909.42,Rs./Quintal
Punjab,Vegetables,Tomato,2025-03-01,256.18,Metric Tonnes,964.62,Rs./Quintal
Punjab,Vegetables,Tomato,2025-03-02,40.15,Metric Tonnes,1281.44,Rs./Quintal
Punjab,Vegetables,Tomato,2025-03-03,252.2,Metric Tonnes,928.89,Rs./Quintal
Punjab,Vegetables,Tomato,2025-03-04,320.5,Metric Tonnes,916.62,Rs./Quintal
Punjab,Vegetables,Tomato,2025-03-05,229.54,Metric Tonnes,1051.84,Rs./Quintal
Punjab,Vegetables,Tomato,2025-03-06,321.53,Metric Tonnes,950.4,Rs./Quintal
Punjab,Vegetables,Tomato,2025-03-07,485.06,Metric Tonnes,844.89,Rs./Quintal
Punjab,Vegetables,Tomato,2025-03-08,253.2,Metric Tonnes,854.31,Rs./Quintal
Punjab,Vegetables,Tomato,2025-03-09,21.4,Metric Tonnes,1158.64,Rs./Quintal
Punjab,Vegetables,Tomato,2025-03-10,565.07,Metric Tonnes,815.85,Rs./Quintal
Punjab,Vegetables,Tomato,2025-03-11,324.69,Metric Tonnes,751.5,Rs./Quintal
Punjab,Vegetables,Tomato,2025-03-12,363.6,Metric Tonnes,763.1,Rs./Quintal
Punjab,Vegetables,Tomato,2025-03-13,302.2,Metric Tonnes,814.03,Rs./Quintal
Punjab,Vegetables,Tomato,2025-03-14,220.53,Metric Tonnes,836.78,Rs./Quintal
Punjab,Vegetables,Tomato,2025-03-15,309.4,Metric Tonnes,796.97,Rs./Quintal
Punjab,Vegetables,Tomato,2025-03-16,18.59,Metric Tonnes,1332.17,Rs./Quintal
Punjab,Vegetables,Tomato,2025-03-17,372.57,Metric Tonnes,877.45,Rs./Quintal
Punjab,Vegetables,Tomato,2025-03-18,410.95,Metric Tonnes,997.6,Rs./Quintal
Punjab,Vegetables,Tomato,2025-03-19,334.72,Metric Tonnes,956.09,Rs./Quintal
Punjab,Vegetables,Tomato,2025-03-20,360.11,Metric Tonnes,925.94,Rs./Quintal
Punjab,Vegetables,Tomato,2025-03-21,336.95,Metric Tonnes,886.07,Rs./Quintal
Punjab,Vegetables,Tomato,2025-03-22,381.33,Metric Tonnes,933.47,Rs./Quintal
Punjab,Vegetables,Tomato,2025-03-23,46.11,Metric Tonnes,1403.93,Rs./Quintal
Punjab,Vegetables,Tomato,2025-03-24,459.76,Metric Tonnes,951.97,Rs./Quintal
Punjab,Vegetables,Tomato,2025-03-25,442.8,Metric Tonnes,859.81,Rs./Quintal
Punjab,Vegetables,Tomato,2025-03-26,331.96,Metric Tonnes,851.89,Rs./Quintal
Punjab,Vegetables,Tomato,2025-03-27,456.37,Metric Tonnes,898.83,Rs./Quintal
Punjab,Vegetables,Tomato,2025-03-28,362.7,Metric Tonnes,865.56,Rs./Quintal
Punjab,Vegetables,Tomato,2025-03-29,116.14,Metric Tonnes,782.7,Rs./Quintal
Punjab,Vegetables,Tomato,2025-03-30,6.33,Metric Tonnes,952.92,Rs./Quintal
Punjab,Vegetables,Tomato,2025-03-31,281.44,Metric Tonnes,818.48,Rs./Quintal
Punjab,Vegetables,Tomato,2025-04-01,247.02,Metric Tonnes,870.36,Rs./Quintal
Punjab,Vegetables,Tomato,2025-04-02,241.03,Metric Tonnes,922.56,Rs./Quintal
Punjab,Vegetables,Tomato,2025-04-03,350.15,Metric Tonnes,908.82,Rs./Quintal
Punjab,Vegetables,Tomato,2025-04-04,442.52,Metric Tonnes,968.42,Rs./Quintal
Punjab,Vegetables,Tomato,2025-04-05,335.38,Metric Tonnes,894.11,Rs./Quintal
Punjab,Vegetables,Tomato,2025-04-06,17.4,Metric Tonnes,1253.16,Rs./Quintal
Punjab,Vegetables,Tomato,2025-04-07,465.08,Metric Tonnes,931.08,Rs./Quintal
Punjab,Vegetables,Tomato,2025-04-08,379.49,Metric Tonnes,893.26,Rs./Quintal
Punjab,Vegetables,Tomato,2025-04-09,259.17,Metric Tonnes,856.17,Rs./Quintal
Punjab,Vegetables,Tomato,2025-04-10,358.62,Metric Tonnes,901.42,Rs./Quintal
Punjab,Vegetables,Tomato,2025-04-11,443.74,Metric Tonnes,959.09,Rs./Quintal
Punjab,Vegetables,Tomato,2025-04-12,236.68,Metric Tonnes,902.8,Rs./Quintal
Punjab,Vegetables,Tomato,2025-04-13,20.2,Metric Tonnes,1033.66,Rs./Quintal
Punjab,Vegetables,Tomato,2025-04-14,385.9,Metric Tonnes,1102.93,Rs./Quintal
Punjab,Vegetables,Tomato,2025-04-15,379.81,Metric Tonnes,1097.12,Rs./Quintal
Punjab,Vegetables,Tomato,2025-04-16,408.62,Metric Tonnes,1085.06,Rs./Quintal
Punjab,Vegetables,Tomato,2025-04-17,337.65,Metric Tonnes,1004.48,Rs./Quintal
Punjab,Vegetables,Tomato,2025-04-18,351.7,Metric Tonnes,942.8,Rs./Quintal
Punjab,Vegetables,Tomato,2025-04-19,287.51,Metric Tonnes,1101.98,Rs./Quintal
Punjab,Vegetables,Tomato,2025-04-20,18.25,Metric Tonnes,1422.74,Rs./Quintal
Punjab,Vegetables,Tomato,2025-04-21,501.19,Metric Tonnes,911.89,Rs./Quintal
Punjab,Vegetables,Tomato,2025-04-22,473.64,Metric Tonnes,1125.62,Rs./Quintal
Punjab,Vegetables,Tomato,2025-04-23,430.96,Metric Tonnes,1139.53,Rs./Quintal
Punjab,Vegetables,Tomato,2025-04-24,393.35,Metric Tonnes,1038.81,Rs./Quintal
Punjab,Vegetables,Tomato,2025-04-25,436.92,Metric Tonnes,1105.86,Rs./Quintal
Punjab,Vegetables,Tomato,2025-04-26,379.32,Metric Tonnes,1052.47,Rs./Quintal
Punjab,Vegetables,Tomato,2025-04-27,51.01,Metric Tonnes,1159.96,Rs./Quintal
Punjab,Vegetables,Tomato,2025-04-28,429.63,Metric Tonnes,792.05,Rs./Quintal
Punjab,Vegetables,Tomato,2025-04-29,427.74,Metric Tonnes,841.52,Rs./Quintal
Punjab,Vegetables,Tomato,2025-04-30,335.01,Metric Tonnes,989.65,Rs./Quintal
Punjab,Vegetables,Tomato,2025-05-01,334.87,Metric Tonnes,1101.55,Rs./Quintal
Punjab,Vegetables,Tomato,2025-05-02,493.57,Metric Tonnes,1109.45,Rs./Quintal
Punjab,Vegetables,Tomato,2025-05-03,224.79,Metric Tonnes,730.84,Rs./Quintal
Punjab,Vegetables,Tomato,2025-05-04,15.9,Metric Tonnes,1269.81,Rs./Quintal
Punjab,Vegetables,Tomato,2025-05-05,407.2,Metric Tonnes,1021.44,Rs./Quintal
Punjab,Vegetables,Tomato,2025-05-06,401.19,Metric Tonnes,956.78,Rs./Quintal
Punjab,Vegetables,Tomato,2025-05-07,403.48,Metric Tonnes,981.72,Rs./Quintal
Punjab,Vegetables,Tomato,2025-05-08,418.69,Metric Tonnes,922.36,Rs./Quintal
Punjab,Vegetables,Tomato,2025-05-09,386.22,Metric Tonnes,920.86,Rs./Quintal
Punjab,Vegetables,Tomato,2025-05-10,344.96,Metric Tonnes,960.24,Rs./Quintal
Punjab,Vegetables,Tomato,2025-05-11,11.78,Metric Tonnes,942.28,Rs./Quintal
Punjab,Vegetables,Tomato,2025-05-12,456.24,Metric Tonnes,878.62,Rs./Quintal
Punjab,Vegetables,Tomato,2025-05-13,405.18,Metric Tonnes,879.5,Rs./Quintal
Punjab,Vegetables,Tomato,2025-05-14,331.59,Metric Tonnes,819.18,Rs./Quintal
Punjab,Vegetables,Tomato,2025-05-15,364.41,Metric Tonnes,753.09,Rs./Quintal
Punjab,Vegetables,Tomato,2025-05-16,444.11,Metric Tonnes,795.3,Rs./Quintal
Punjab,Vegetables,Tomato,2025-05-17,320.01,Metric Tonnes,796.59,Rs./Quintal
Punjab,Vegetables,Tomato,2025-05-18,16.16,Metric Tonnes,1035.33,Rs./Quintal
Punjab,Vegetables,Tomato,2025-05-19,435.35,Metric Tonnes,811.13,Rs./Quintal
Punjab,Vegetables,Tomato,2025-05-20,471.06,Metric Tonnes,788.0,Rs./Quintal
Punjab,Vegetables,Tomato,2025-05-21,453.42,Metric Tonnes,766.73,Rs./Quintal
Punjab,Vegetables,Tomato,2025-05-22,499.75,Metric Tonnes,711.63,Rs./Quintal
Punjab,Vegetables,Tomato,2025-05-23,423.29,Metric Tonnes,745.39,Rs./Quintal
Punjab,Vegetables,Tomato,2025-05-24,313.58,Metric Tonnes,833.87,Rs./Quintal
Punjab,Vegetables,Tomato,2025-05-25,32.19,Metric Tonnes,1152.16,Rs./Quintal
Punjab,Vegetables,Tomato,2025-05-26,396.4,Metric Tonnes,816.88,Rs./Quintal
Punjab,Vegetables,Tomato,2025-05-27,283.13,Metric Tonnes,783.75,Rs./Quintal
Punjab,Vegetables,Tomato,2025-05-28,413.5,Metric Tonnes,580.45,Rs./Quintal
Punjab,Vegetables,Tomato,2025-05-29,429.83,Metric Tonnes,831.67,Rs./Quintal
Punjab,Vegetables,Tomato,2025-05-30,338.16,Metric Tonnes,638.89,Rs./Quintal
Punjab,Vegetables,Tomato,2025-05-31,331.95,Metric Tonnes,667.29,Rs./Quintal
Punjab,Vegetables,Tomato,2025-06-01,17.25,Metric Tonnes,958.26,Rs./Quintal
Punjab,Vegetables,Tomato,2025-06-02,371.86,Metric Tonnes,776.01,Rs./Quintal
Punjab,Vegetables,Tomato,2025-06-03,435.39,Metric Tonnes,697.69,Rs./Quintal
Punjab,Vegetables,Tomato,2025-06-04,511.37,Metric Tonnes,790.99,Rs./Quintal
Punjab,Vegetables,Tomato,2025-06-05,420.25,Metric Tonnes,812.83,Rs./Quintal
Punjab,Vegetables,Tomato,2025-06-06,335.52,Metric Tonnes,910.5,Rs./Quintal
Punjab,Vegetables,Tomato,2025-06-07,289.61,Metric Tonnes,1062.12,Rs./Quintal
Punjab,Vegetables,Tomato,2025-06-08,17.01,Metric Tonnes,1167.37,Rs./Quintal
Punjab,Vegetables,Tomato,2025-06-09,292.05,Metric Tonnes,1244.64,Rs./Quintal
Punjab,Vegetables,Tomato,2025-06-10,274.62,Metric Tonnes,1133.52,Rs./Quintal
Punjab,Vegetables,Tomato,2025-06-11,292.43,Metric Tonnes,1180.56,Rs./Quintal
Punjab,Vegetables,Tomato,2025-06-12,363.98,Metric Tonnes,1448.83,Rs./Quintal
Punjab,Vegetables,Tomato,2025-06-13,257.37,Metric Tonnes,1968.58,Rs./Quintal
Punjab,Vegetables,Tomato,2025-06-14,162.58,Metric Tonnes,1633.62,Rs./Quintal
Punjab,Vegetables,Tomato,2025-06-15,15.16,Metric Tonnes,1784.04,Rs./Quintal
Punjab,Vegetables,Tomato,2025-06-16,388.29,Metric Tonnes,1514.98,Rs./Quintal
Punjab,Vegetables,Tomato,2025-06-17,295.59,Metric Tonnes,1834.23,Rs./Quintal
Punjab,Vegetables,Tomato,2025-06-18,331.16,Metric Tonnes,1723.96,Rs./Quintal
Punjab,Vegetables,Tomato,2025-06-19,279.16,Metric Tonnes,1727.64,Rs./Quintal
Punjab,Vegetables,Tomato,2025-06-20,311.6,Metric Tonnes,1528.87,Rs./Quintal
Punjab,Vegetables,Tomato,2025-06-21,270.3,Metric Tonnes,1315.7,Rs./Quintal
Punjab,Vegetables,Tomato,2025-06-22,17.17,Metric Tonnes,1421.67,Rs./Quintal
Punjab,Vegetables,Tomato,2025-06-23,309.03,Metric Tonnes,1342.16,Rs./Quintal
Punjab,Vegetables,Tomato,2025-06-24,211.16,Metric Tonnes,1479.43,Rs./Quintal
Punjab,Vegetables,Tomato,2025-06-25,248.61,Metric Tonnes,1541.34,Rs./Quintal
Punjab,Vegetables,Tomato,2025-06-26,272.49,Metric Tonnes,1555.45,Rs./Quintal
Punjab,Vegetables,Tomato,2025-06-27,329.28,Metric Tonnes,1527.47,Rs./Quintal
Punjab,Vegetables,Tomato,2025-06-28,156.07,Metric Tonnes,1639.9,Rs./Quintal
Punjab,Vegetables,Tomato,2025-06-29,20.56,Metric Tonnes,1282.44,Rs./Quintal
Punjab,Vegetables,Tomato,2025-06-30,235.78,Metric Tonnes,1405.98,Rs./Quintal
Punjab,Vegetables,Tomato,2025-07-01,170.27,Metric Tonnes,1802.56,Rs./Quintal
Punjab,Vegetables,Tomato,2025-07-02,243.11,Metric Tonnes,1883.2,Rs./Quintal
Punjab,Vegetables,Tomato,2025-07-03,158.12,Metric Tonnes,1770.28,Rs./Quintal
Punjab,Vegetables,Tomato,2025-07-04,273.92,Metric Tonnes,1875.49,Rs./Quintal
Punjab,Vegetables,Tomato,2025-07-05,155.93,Metric Tonnes,1943.18,Rs./Quintal
Punjab,Vegetables,Tomato,2025-07-06,9.4,Metric Tonnes,1870.21,Rs./Quintal
Punjab,Vegetables,Tomato,2025-07-07,202.25,Metric Tonnes,2065.58,Rs./Quintal
Punjab,Vegetables,Tomato,2025-07-08,241.89,Metric Tonnes,1990.11,Rs./Quintal
Punjab,Vegetables,Tomato,2025-07-09,270.43,Metric Tonnes,2088.37,Rs./Quintal
Punjab,Vegetables,Tomato,2025-07-10,244.26,Metric Tonnes,2000.87,Rs./Quintal
Punjab,Vegetables,Tomato,2025-07-11,175.55,Metric Tonnes,2224.2,Rs./Quintal
Punjab,Vegetables,Tomato,2025-07-12,203.28,Metric Tonnes,2123.35,Rs./Quintal
Punjab,Vegetables,Tomato,2025-07-13,11.38,Metric Tonnes,2194.64,Rs./Quintal
Punjab,Vegetables,Tomato,2025-07-14,275.92,Metric Tonnes,2157.29,Rs./Quintal
Punjab,Vegetables,Tomato,2025-07-15,217.02,Metric Tonnes,2370.0,Rs./Quintal
Punjab,Vegetables,Tomato,2025-07-16,224.82,Metric Tonnes,2138.31,Rs./Quintal
Punjab,Vegetables,Tomato,2025-07-17,313.12,Metric Tonnes,2292.37,Rs./Quintal
Punjab,Vegetables,Tomato,2025-07-18,276.46,Metric Tonnes,2051.95,Rs./Quintal
Punjab,Vegetables,Tomato,2025-07-19,172.65,Metric Tonnes,2183.65,Rs./Quintal
Punjab,Vegetables,Tomato,2025-07-20,12.98,Metric Tonnes,2580.43,Rs./Quintal
Punjab,Vegetables,Tomato,2025-07-21,226.49,Metric Tonnes,2170.33,Rs./Quintal
Punjab,Vegetables,Tomato,2025-07-22,216.0,Metric Tonnes,2211.55,Rs./Quintal
Punjab,Vegetables,Tomato,2025-07-23,215.25,Metric Tonnes,2496.65,Rs./Quintal
Punjab,Vegetables,Tomato,2025-07-24,212.59,Metric Tonnes,2577.75,Rs./Quintal
Punjab,Vegetables,Tomato,2025-07-25,239.73,Metric Tonnes,2401.06,Rs./Quintal
Punjab,Vegetables,Tomato,2025-07-26,216.48,Metric Tonnes,2497.93,Rs./Quintal
Punjab,Vegetables,Tomato,2025-07-27,13.68,Metric Tonnes,1758.04,Rs./Quintal
Punjab,Vegetables,Tomato,2025-07-28,271.79,Metric Tonnes,3206.22,Rs./Quintal
Punjab,Vegetables,Tomato,2025-07-29,261.43,Metric Tonnes,3492.41,Rs./Quintal
Punjab,Vegetables,Tomato,2025-07-30,236.76,Metric Tonnes,3655.02,Rs./Quintal
Punjab,Vegetables,Tomato,2025-07-31,193.14,Metric Tonnes,4050.73,Rs./Quintal
Punjab,Vegetables,Tomato,2025-08-01,162.69,Metric Tonnes,4112.35,Rs./Quintal
Punjab,Vegetables,Tomato,2025-08-02,171.62,Metric Tonnes,3227.83,Rs./Quintal
Punjab,Vegetables,Tomato,2025-08-03,5.84,Metric Tonnes,3470.89,Rs./Quintal
Punjab,Vegetables,Tomato,2025-08-04,159.2,Metric Tonnes,3195.9,Rs./Quintal
Punjab,Vegetables,Tomato,2025-08-05,153.43,Metric Tonnes,3586.4,Rs./Quintal
Punjab,Vegetables,Tomato,2025-08-06,204.91,Metric Tonnes,3755.99,Rs./Quintal
Punjab,Vegetables,Tomato,2025-08-07,130.81,Metric Tonnes,4064.46,Rs./Quintal
Punjab,Vegetables,Tomato,2025-08-08,187.0,Metric Tonnes,4407.25,Rs./Quintal
Punjab,Vegetables,Tomato,2025-08-09,202.66,Metric Tonnes,3942.71,Rs./Quintal
Punjab,Vegetables,Tomato,2025-08-10,10.35,Metric Tonnes,4005.7,Rs./Quintal
Punjab,Vegetables,Tomato,2025-08-11,240.93,Metric Tonnes,3595.38,Rs./Quintal
Punjab,Vegetables,Tomato,2025-08-12,271.83,Metric Tonnes,3539.29,Rs./Quintal
Punjab,Vegetables,Tomato,2025-08-13,196.29,Metric Tonnes,3660.49,Rs./Quintal
Punjab,Vegetables,Tomato,2025-08-14,176.5,Metric Tonnes,3805.45,Rs./Quintal
Punjab,Vegetables,Tomato,2025-08-15,143.89,Metric Tonnes,3887.61,Rs./Quintal
Punjab,Vegetables,Tomato,2025-08-16,151.89,Metric Tonnes,3564.24,Rs./Quintal
Punjab,Vegetables,Tomato,2025-08-17,28.57,Metric Tonnes,3025.24,Rs./Quintal
Punjab,Vegetables,Tomato,2025-08-18,316.96,Metric Tonnes,4147.85,Rs./Quintal
Punjab,Vegetables,Tomato,2025-08-19,218.66,Metric Tonnes,4162.67,Rs./Quintal
Punjab,Vegetables,Tomato,2025-08-20,260.74,Metric Tonnes,4069.51,Rs./Quintal
Punjab,Vegetables,Tomato,2025-08-21,191.54,Metric Tonnes,3739.73,Rs./Quintal
Punjab,Vegetables,Tomato,2025-08-22,176.27,Metric Tonnes,3405.46,Rs./Quintal
Punjab,Vegetables,Tomato,2025-08-23,171.5,Metric Tonnes,3258.38,Rs./Quintal
Punjab,Vegetables,Tomato,2025-08-24,8.48,Metric Tonnes,3865.68,Rs./Quintal
Punjab,Vegetables,Tomato,2025-08-25,187.31,Metric Tonnes,3247.89,Rs./Quintal
Punjab,Vegetables,Tomato,2025-08-26,167.57,Metric Tonnes,3381.72,Rs./Quintal
Punjab,Vegetables,Tomato,2025-08-27,258.22,Metric Tonnes,3245.98,Rs./Quintal
Punjab,Vegetables,Tomato,2025-08-28,369.37,Metric Tonnes,2589.29,Rs./Quintal
Punjab,Vegetables,Tomato,2025-08-29,360.89,Metric Tonnes,2589.82,Rs./Quintal
Punjab,Vegetables,Tomato,2025-08-30,265.06,Metric Tonnes,2730.18,Rs./Quintal
Punjab,Vegetables,Tomato,2025-08-31,6.44,Metric Tonnes,3232.45,Rs./Quintal
Punjab,Vegetables,Tomato,2025-09-01,198.67,Metric Tonnes,3069.36,Rs./Quintal
Punjab,Vegetables,Tomato,2025-09-02,310.11,Metric Tonnes,2963.48,Rs./Quintal
Punjab,Vegetables,Tomato,2025-09-03,247.45,Metric Tonnes,2847.69,Rs./Quintal
Punjab,Vegetables,Tomato,2025-09-04,330.2,Metric Tonnes,2761.11,Rs./Quintal
Punjab,Vegetables,Tomato,2025-09-05,336.59,Metric Tonnes,2677.73,Rs./Quintal
Punjab,Vegetables,Tomato,2025-09-06,245.07,Metric Tonnes,2560.96,Rs./Quintal
Punjab,Vegetables,Tomato,2025-09-07,11.3,Metric Tonnes,3120.35,Rs./Quintal
Punjab,Vegetables,Tomato,2025-09-08,361.14,Metric Tonnes,2409.41,Rs./Quintal
Punjab,Vegetables,Tomato,2025-09-09,387.47,Metric Tonnes,2159.72,Rs./Quintal
Punjab,Vegetables,Tomato,2025-09-10,305.37,Metric Tonnes,2045.6,Rs./Quintal
Punjab,Vegetables,Tomato,2025-09-11,334.33,Metric Tonnes,1922.51,Rs./Quintal
Punjab,Vegetables,Tomato,2025-09-12,368.32,Metric Tonnes,1785.15,Rs./Quintal
Punjab,Vegetables,Tomato,2025-09-13,353.29,Metric Tonnes,1592.05,Rs./Quintal
Punjab,Vegetables,Tomato,2025-09-14,35.21,Metric Tonnes,1604.69,Rs./Quintal
Punjab,Vegetables,Tomato,2025-09-15,300.8,Metric Tonnes,1691.08,Rs./Quintal
Punjab,Vegetables,Tomato,2025-09-16,285.25,Metric Tonnes,1924.23,Rs./Quintal
Punjab,Vegetables,Tomato,2025-09-17,363.11,Metric Tonnes,1777.73,Rs./Quintal
Punjab,Vegetables,Tomato,2025-09-18,381.31,Metric Tonnes,1804.1,Rs./Quintal
Punjab,Vegetables,Tomato,2025-09-19,357.94,Metric Tonnes,1630.37,Rs./Quintal
Punjab,Vegetables,Tomato,2025-09-20,159.45,Metric Tonnes,2041.88,Rs./Quintal
Punjab,Vegetables,Tomato,2025-09-21,59.7,Metric Tonnes,2601.84,Rs./Quintal
Punjab,Vegetables,Tomato,2025-09-22,409.96,Metric Tonnes,1729.59,Rs./Quintal
Punjab,Vegetables,Tomato,2025-09-23,396.46,Metric Tonnes,1907.37,Rs./Quintal
Punjab,Vegetables,Tomato,2025-09-24,408.47,Metric Tonnes,1964.74,Rs./Quintal
Punjab,Vegetables,Tomato,2025-09-25,401.74,Metric Tonnes,1956.66,Rs./Quintal
Punjab,Vegetables,Tomato,2025-09-26,297.03,Metric Tonnes,1928.56,Rs./Quintal
Punjab,Vegetables,Tomato,2025-09-27,225.07,Metric Tonnes,1983.87,Rs./Quintal
Punjab,Vegetables,Tomato,2025-09-28,48.9,Metric Tonnes,2495.3,Rs./Quintal
Punjab,Vegetables,Tomato,2025-09-29,360.93,Metric Tonnes,1908.67,Rs./Quintal
Punjab,Vegetables,Tomato,2025-09-30,360.2,Metric Tonnes,1948.19,Rs./Quintal
Punjab,Vegetables,Tomato,2025-10-01,339.51,Metric Tonnes,1888.47,Rs./Quintal
Punjab,Vegetables,Tomato,2025-10-02,365.46,Metric Tonnes,1852.25,Rs./Quintal
Punjab,Vegetables,Tomato,2025-10-03,722.48,Metric Tonnes,2003.1,Rs./Quintal
Punjab,Vegetables,Tomato,2025-10-04,717.26,Metric Tonnes,2042.98,Rs./Quintal
Punjab,Vegetables,Tomato,2025-10-05,13.1,Metric Tonnes,2556.49,Rs./Quintal
Punjab,Vegetables,Tomato,2025-10-06,382.45,Metric Tonnes,2668.65,Rs./Quintal
Punjab,Vegetables,Tomato,2025-10-07,227.11,Metric Tonnes,1947.91,Rs./Quintal
Punjab,Vegetables,Tomato,2025-10-08,426.11,Metric Tonnes,2618.89,Rs./Quintal
Punjab,Vegetables,Tomato,2025-10-09,311.72,Metric Tonnes,1942.09,Rs./Quintal
Punjab,Vegetables,Tomato,2025-10-10,304.11,Metric Tonnes,1925.98,Rs./Quintal
Punjab,Vegetables,Tomato,2025-10-11,867.12,Metric Tonnes,1588.36,Rs./Quintal
Punjab,Vegetables,Tomato,2025-10-12,15.29,Metric Tonnes,2563.9,Rs./Quintal
Punjab,Vegetables,Tomato,2025-10-13,440.48,Metric Tonnes,1679.89,Rs./Quintal
Punjab,Vegetables,Tomato,2025-10-14,368.75,Metric Tonnes,1867.17,Rs./Quintal
Punjab,Vegetables,Tomato,2025-10-15,317.41,Metric Tonnes,1855.61,Rs./Quintal
Punjab,Vegetables,Tomato,2025-10-16,386.57,Metric Tonnes,2231.94,Rs./Quintal
Punjab,Vegetables,Tomato,2025-10-17,374.6,Metric Tonnes,2228.31,Rs./Quintal
Punjab,Vegetables,Tomato,2025-10-18,202.76,Metric Tonnes,2787.47,Rs./Quintal
Punjab,Vegetables,Tomato,2025-10-19,17.7,Metric Tonnes,2456.67,Rs./Quintal
Punjab,Vegetables,Tomato,2025-10-20,313.76,Metric Tonnes,1735.64,Rs./Quintal
Punjab,Vegetables,Tomato,2025-10-21,231.67,Metric Tonnes,2007.67,Rs./Quintal
Punjab,Vegetables,Tomato,2025-10-22,310.8,Metric Tonnes,2697.98,Rs./Quintal
Punjab,Vegetables,Tomato,2025-10-23,363.5,Metric Tonnes,2355.89,Rs./Quintal
Punjab,Vegetables,Tomato,2025-10-24,353.6,Metric Tonnes,2310.29,Rs./Quintal
Punjab,Vegetables,Tomato,2025-10-25,284.34,Metric Tonnes,1928.07,Rs./Quintal
Punjab,Vegetables,Tomato,2025-10-26,11.01,Metric Tonnes,2271.21,Rs./Quintal
Punjab,Vegetables,Tomato,2025-10-27,371.41,Metric Tonnes,2101.94,Rs./Quintal
Punjab,Vegetables,Tomato,2025-10-28,320.68,Metric Tonnes,1829.47,Rs./Quintal
Punjab,Vegetables,Tomato,2025-10-29,254.79,Metric Tonnes,1809.41,Rs./Quintal
Punjab,Vegetables,Tomato,2025-10-30,276.51,Metric Tonnes,1805.3,Rs./Quintal
Punjab,Vegetables,Tomato,2025-10-31,338.7,Metric Tonnes,1984.65,Rs./Quintal
Punjab,Vegetables,Tomato,2025-11-01,280.51,Metric Tonnes,1843.76,Rs./Quintal
Punjab,Vegetables,Tomato,2025-11-02,7.8,Metric Tonnes,2351.28,Rs./Quintal
Punjab,Vegetables,Tomato,2025-11-03,266.05,Metric Tonnes,1856.29,Rs./Quintal
Punjab,Vegetables,Tomato,2025-11-04,90.79,Metric Tonnes,2042.38,Rs./Quintal
Punjab,Vegetables,Tomato,2025-11-05,82.31,Metric Tonnes,2119.68,Rs./Quintal
Punjab,Vegetables,Tomato,2025-11-06,144.39,Metric Tonnes,1740.41,Rs./Quintal
Punjab,Vegetables,Tomato,2025-11-07,54.41,Metric Tonnes,1953.59,Rs./Quintal
Punjab,Vegetables,Tomato,2025-11-08,40.86,Metric Tonnes,1886.81,Rs./Quintal
Punjab,Vegetables,Tomato,2025-11-09,13.56,Metric Tonnes,2245.94,Rs./Quintal
Punjab,Vegetables,Tomato,2025-11-10,200.6,Metric Tonnes,1950.31,Rs./Quintal
Punjab,Vegetables,Tomato,2025-11-11,166.21,Metric Tonnes,1780.18,Rs./Quintal
Punjab,Vegetables,Tomato,2025-11-12,150.11,Metric Tonnes,2085.1,Rs./Quintal
Punjab,Vegetables,Tomato,2025-11-13,138.26,Metric Tonnes,2341.68,Rs./Quintal
Punjab,Vegetables,Tomato,2025-11-14,225.47,Metric Tonnes,1741.15,Rs./Quintal
Punjab,Vegetables,Tomato,2025-11-15,66.57,Metric Tonnes,2597.92,Rs./Quintal
Punjab,Vegetables,Tomato,2025-11-16,10.48,Metric Tonnes,3064.12,Rs./Quintal
Punjab,Vegetables,Tomato,2025-11-17,254.68,Metric Tonnes,2187.92,Rs./Quintal
Punjab,Vegetables,Tomato,2025-11-18,146.55,Metric Tonnes,2851.85,Rs./Quintal
Punjab,Vegetables,Tomato,2025-11-19,159.3,Metric Tonnes,2707.68,Rs./Quintal
Punjab,Vegetables,Tomato,2025-11-20,161.73,Metric Tonnes,3110.72,Rs./Quintal
Punjab,Vegetables,Tomato,2025-11-21,258.75,Metric Tonnes,2859.58,Rs./Quintal
Punjab,Vegetables,Tomato,2025-11-22,81.65,Metric Tonnes,3349.08,Rs./Quintal
Punjab,Vegetables,Tomato,2025-11-23,15.6,Metric Tonnes,2438.14,Rs./Quintal
Punjab,Vegetables,Tomato,2025-11-24,224.31,Metric Tonnes,3293.17,Rs./Quintal
Punjab,Vegetables,Tomato,2025-11-25,154.31,Metric Tonnes,3082.61,Rs./Quintal
Punjab,Vegetables,Tomato,2025-11-26,289.55,Metric Tonnes,2799.87,Rs./Quintal
Punjab,Vegetables,Tomato,2025-11-27,300.9,Metric Tonnes,2981.54,Rs./Quintal
Punjab,Vegetables,Tomato,2025-11-28,264.58,Metric Tonnes,2725.19,Rs./Quintal
Punjab,Vegetables,Tomato,2025-11-29,70.61,Metric Tonnes,2798.38,Rs./Quintal
Punjab,Vegetables,Tomato,2025-11-30,12.19,Metric Tonnes,3515.59,Rs./Quintal
Punjab,Vegetables,Tomato,2025-12-01,262.9,Metric Tonnes,2889.39,Rs./Quintal
Punjab,Vegetables,Tomato,2025-12-02,373.07,Metric Tonnes,2561.29,Rs./Quintal
Punjab,Vegetables,Tomato,2025-12-03,252.64,Metric Tonnes,2541.42,Rs./Quintal
Punjab,Vegetables,Tomato,2025-12-04,349.95,Metric Tonnes,2610.21,Rs./Quintal
Punjab,Vegetables,Tomato,2025-12-05,2420.35,Metric Tonnes,2254.92,Rs./Quintal
Punjab,Vegetables,Tomato,2025-12-06,83.27,Metric Tonnes,2759.46,Rs./Quintal
Punjab,Vegetables,Tomato,2025-12-07,85.39,Metric Tonnes,2231.97,Rs./Quintal
Punjab,Vegetables,Tomato,2025-12-08,343.06,Metric Tonnes,2237.79,Rs./Quintal
Punjab,Vegetables,Tomato,2025-12-09,318.04,Metric Tonnes,2638.91,Rs./Quintal
Punjab,Vegetables,Tomato,2025-12-10,291.32,Metric Tonnes,2635.15,Rs./Quintal
Punjab,Vegetables,Tomato,2025-12-11,159.09,Metric Tonnes,3028.57,Rs./Quintal
Punjab,Vegetables,Tomato,2025-12-12,244.28,Metric Tonnes,2720.46,Rs./Quintal
Punjab,Vegetables,Tomato,2025-12-13,87.03,Metric Tonnes,2681.46,Rs./Quintal
Punjab,Vegetables,Tomato,2025-12-14,82.34,Metric Tonnes,1829.91,Rs./Quintal
Punjab,Vegetables,Tomato,2025-12-15,261.28,Metric Tonnes,2509.93,Rs./Quintal
Punjab,Vegetables,Tomato,2025-12-16,307.93,Metric Tonnes,3155.08,Rs./Quintal
Punjab,Vegetables,Tomato,2025-12-17,268.03,Metric Tonnes,3126.71,Rs./Quintal
Punjab,Vegetables,Tomato,2025-12-18,271.3,Metric Tonnes,3227.06,Rs./Quintal
Punjab,Vegetables,Tomato,2025-12-19,196.69,Metric Tonnes,3324.71,Rs./Quintal
Punjab,Vegetables,Tomato,2025-12-20,163.0,Metric Tonnes,2950.7,Rs./Quintal
Punjab,Vegetables,Tomato,2025-12-21,10.6,Metric Tonnes,2833.49,Rs./Quintal
Punjab,Vegetables,Tomato,2025-12-22,324.08,Metric Tonnes,3284.41,Rs./Quintal
Punjab,Vegetables,Tomato,2025-12-23,279.73,Metric Tonnes,3329.4,Rs./Quintal
Punjab,Vegetables,Tomato,2025-12-24,304.86,Metric Tonnes,2872.32,Rs./Quintal
Punjab,Vegetables,Tomato,2025-12-25,2225.17,Metric Tonnes,2568.14,Rs./Quintal
Punjab,Vegetables,Tomato,2025-12-26,242.47,Metric Tonnes,3168.23,Rs./Quintal
Punjab,Vegetables,Tomato,2025-12-27,185.66,Metric Tonnes,3048.55,Rs./Quintal
Punjab,Vegetables,Tomato,2025-12-28,11.2,Metric Tonnes,2746.43,Rs./Quintal
Punjab,Vegetables,Tomato,2025-12-29,295.89,Metric Tonnes,3181.05,Rs./Quintal
Punjab,Vegetables,Tomato,2025-12-30,265.35,Metric Tonnes,3017.73,Rs./Quintal
Punjab,Vegetables,Tomato,2025-12-31,260.28,Metric Tonnes,3184.46,Rs./Quintal
Punjab,Vegetables,Tomato,2026-01-01,224.52,Metric Tonnes,3165.43,Rs./Quintal
Punjab,Vegetables,Tomato,2026-01-02,270.15,Metric Tonnes,3147.56,Rs./Quintal
Punjab,Vegetables,Tomato,2026-01-03,159.09,Metric Tonnes,3185.59,Rs./Quintal
Punjab,Vegetables,Tomato,2026-01-04,12.21,Metric Tonnes,3119.59,Rs./Quintal
Punjab,Vegetables,Tomato,2026-01-05,326.72,Metric Tonnes,3059.73,Rs./Quintal
Punjab,Vegetables,Tomato,2026-01-06,287.62,Metric Tonnes,3147.73,Rs./Quintal
Punjab,Vegetables,Tomato,2026-01-07,204.81,Metric Tonnes,3167.37,Rs./Quintal
Punjab,Vegetables,Tomato,2026-01-08,250.61,Metric Tonnes,3159.27,Rs./Quintal
Punjab,Vegetables,Tomato,2026-01-09,253.39,Metric Tonnes,3132.59,Rs./Quintal
Punjab,Vegetables,Tomato,2026-01-10,220.54,Metric Tonnes,3059.5,Rs./Quintal
Punjab,Vegetables,Tomato,2026-01-11,8.88,Metric Tonnes,3147.95,Rs./Quintal
Punjab,Vegetables,Tomato,2026-01-12,379.14,Metric Tonnes,2836.87,Rs./Quintal
Punjab,Vegetables,Tomato,2026-01-13,366.77,Metric Tonnes,2674.14,Rs./Quintal
Punjab,Vegetables,Tomato,2026-01-14,330.01,Metric Tonnes,2873.87,Rs./Quintal
Punjab,Vegetables,Tomato,2026-01-15,363.09,Metric Tonnes,2611.67,Rs./Quintal
Punjab,Vegetables,Tomato,2026-01-16,289.24,Metric Tonnes,2640.74,Rs./Quintal
Punjab,Vegetables,Tomato,2026-01-17,210.2,Metric Tonnes,2462.43,Rs./Quintal
Punjab,Vegetables,Tomato,2026-01-18,17.3,Metric Tonnes,3018.32,Rs./Quintal
Punjab,Vegetables,Tomato,2026-01-19,354.38,Metric Tonnes,2532.04,Rs./Quintal
Punjab,Vegetables,Tomato,2026-01-20,347.33,Metric Tonnes,2633.56,Rs./Quintal
Punjab,Vegetables,Tomato,2026-01-21,286.43,Metric Tonnes,2589.24,Rs./Quintal
Punjab,Vegetables,Tomato,2026-01-22,293.58,Metric Tonnes,2645.42,Rs./Quintal
Punjab,Vegetables,Tomato,2026-01-23,245.08,Metric Tonnes,2588.74,Rs./Quintal
Punjab,Vegetables,Tomato,2026-01-24,180.3,Metric Tonnes,2589.98,Rs./Quintal
Punjab,Vegetables,Tomato,2026-01-25,8.54,Metric Tonnes,2402.11,Rs./Quintal
Punjab,Vegetables,Tomato,2026-01-26,300.29,Metric Tonnes,2266.42,Rs./Quintal
Punjab,Vegetables,Tomato,2026-01-27,273.41,Metric Tonnes,2479.67,Rs./Quintal
Punjab,Vegetables,Tomato,2026-01-28,265.54,Metric Tonnes,2136.09,Rs./Quintal
Punjab,Vegetables,Tomato,2026-01-29,263.1,Metric Tonnes,2136.93,Rs./Quintal
Punjab,Vegetables,Tomato,2026-01-30,331.16,Metric Tonnes,2386.41,Rs./Quintal
Punjab,Vegetables,Tomato,2026-01-31,228.42,Metric Tonnes,2319.89,Rs./Quintal
Punjab,Vegetables,Tomato,2026-02-01,10.2,Metric Tonnes,2538.76,Rs./Quintal
Punjab,Vegetables,Tomato,2026-02-02,365.06,Metric Tonnes,1729.95,Rs./Quintal
Punjab,Vegetables,Tomato,2026-02-03,375.82,Metric Tonnes,2015.84,Rs./Quintal
Punjab,Vegetables,Tomato,2026-02-04,430.07,Metric Tonnes,1856.46,Rs./Quintal
Punjab,Vegetables,Tomato,2026-02-05,279.52,Metric Tonnes,1718.7,Rs./Quintal
Punjab,Vegetables,Tomato,2026-02-06,288.21,Metric Tonnes,1646.35,Rs./Quintal
Punjab,Vegetables,Tomato,2026-02-07,224.36,Metric Tonnes,1775.49,Rs./Quintal
Punjab,Vegetables,Tomato,2026-02-08,33.14,Metric Tonnes,1843.37,Rs./Quintal
Punjab,Vegetables,Tomato,2026-02-09,336.06,Metric Tonnes,1659.9,Rs./Quintal
Punjab,Vegetables,Tomato,2026-02-10,444.53,Metric Tonnes,1562.29,Rs./Quintal
Punjab,Vegetables,Tomato,2026-02-11,453.23,Metric Tonnes,1606.32,Rs./Quintal
Punjab,Vegetables,Tomato,2026-02-12,284.79,Metric Tonnes,1516.61,Rs./Quintal
Punjab,Vegetables,Tomato,2026-02-13,374.31,Metric Tonnes,1711.5,Rs./Quintal
Punjab,Vegetables,Tomato,2026-02-14,220.84,Metric Tonnes,1515.79,Rs./Quintal
Punjab,Vegetables,Tomato,2026-02-15,16.17,Metric Tonnes,1985.34,Rs./Quintal
Punjab,Vegetables,Tomato,2026-02-16,435.5,Metric Tonnes,1754.35,Rs./Quintal
Punjab,Vegetables,Tomato,2026-02-17,409.32,Metric Tonnes,1719.62,Rs./Quintal
Punjab,Vegetables,Tomato,2026-02-18,437.46,Metric Tonnes,1506.64,Rs./Quintal
Punjab,Vegetables,Tomato,2026-02-19,361.18,Metric Tonnes,1526.67,Rs./Quintal
Punjab,Vegetables,Tomato,2026-02-20,370.68,Metric Tonnes,1587.54,Rs./Quintal
Punjab,Vegetables,Tomato,2026-02-21,266.92,Metric Tonnes,1626.75,Rs./Quintal
Punjab,Vegetables,Tomato,2026-02-22,12.87,Metric Tonnes,1994.87,Rs./Quintal
Punjab,Vegetables,Tomato,2026-02-23,944.3,Metric Tonnes,2295.09,Rs./Quintal
Punjab,Vegetables,Tomato,2026-02-24,467.15,Metric Tonnes,1421.29,Rs./Quintal
Punjab,Vegetables,Tomato,2026-02-25,391.12,Metric Tonnes,1623.57,Rs./Quintal
Punjab,Vegetables,Tomato,2026-02-26,389.61,Metric Tonnes,1582.57,Rs./Quintal
Punjab,Vegetables,Tomato,2026-02-27,329.41,Metric Tonnes,1597.82,Rs./Quintal
Punjab,Vegetables,Tomato,2026-02-28,257.92,Metric Tonnes,1605.32,Rs./Quintal
Punjab,Vegetables,Tomato,2026-03-01,18.78,Metric Tonnes,2252.88,Rs./Quintal
Punjab,Vegetables,Tomato,2026-03-02,386.37,Metric Tonnes,1594.18,Rs./Quintal
Punjab,Vegetables,Tomato,2026-03-03,304.46,Metric Tonnes,1439.25,Rs./Quintal
Punjab,Vegetables,Tomato,2026-03-04,411.76,Metric Tonnes,1566.27,Rs./Quintal
Punjab,Vegetables,Tomato,2026-03-05,776.96,Metric Tonnes,1120.28,Rs./Quintal
Punjab,Vegetables,Tomato,2026-03-06,395.79,Metric Tonnes,1626.0,Rs./Quintal
Punjab,Vegetables,Tomato,2026-03-07,259.49,Metric Tonnes,1713.6,Rs./Quintal
Punjab,Vegetables,Tomato,2026-03-08,13.72,Metric Tonnes,2148.72,Rs./Quintal
Punjab,Vegetables,Tomato,2026-03-09,408.85,Metric Tonnes,1659.67,Rs./Quintal
Punjab,Vegetables,Tomato,2026-03-10,402.16,Metric Tonnes,1679.38,Rs./Quintal
Punjab,Vegetables,Tomato,2026-03-11,335.69,Metric Tonnes,1719.19,Rs./Quintal
Punjab,Vegetables,Tomato,2026-03-12,991.19,Metric Tonnes,1140.93,Rs./Quintal
Punjab,Vegetables,Tomato,2026-03-13,418.12,Metric Tonnes,1472.23,Rs./Quintal
Punjab,Vegetables,Tomato,2026-03-14,291.29,Metric Tonnes,1690.15,Rs./Quintal
Punjab,Vegetables,Tomato,2026-03-15,12.92,Metric Tonnes,1811.53,Rs./Quintal
Punjab,Vegetables,Tomato,2026-03-16,464.77,Metric Tonnes,1481.33,Rs./Quintal
Punjab,Vegetables,Tomato,2026-03-17,416.77,Metric Tonnes,1637.94,Rs./Quintal
Punjab,Vegetables,Tomato,2026-03-18,403.15,Metric Tonnes,1544.81,Rs./Quintal
Punjab,Vegetables,Tomato,2026-03-19,485.27,Metric Tonnes,1501.32,Rs./Quintal
Punjab,Vegetables,Tomato,2026-03-20,419.76,Metric Tonnes,1499.39,Rs./Quintal
Punjab,Vegetables,Tomato,2026-03-21,151.89,Metric Tonnes,1137.33,Rs./Quintal
Punjab,Vegetables,Tomato,2026-03-22,12.26,Metric Tonnes,2053.67,Rs./Quintal
Punjab,Vegetables,Tomato,2026-03-23,436.98,Metric Tonnes,1441.47,Rs./Quintal
Punjab,Vegetables,Tomato,2026-03-24,430.52,Metric Tonnes,1433.05,Rs./Quintal
Punjab,Vegetables,Tomato,2026-03-25,388.2,Metric Tonnes,1399.72,Rs./Quintal
Punjab,Vegetables,Tomato,2026-03-26,391.23,Metric Tonnes,1353.06,Rs./Quintal
Punjab,Vegetables,Tomato,2026-03-27,389.67,Metric Tonnes,1374.12,Rs./Quintal
Punjab,Vegetables,Tomato,2026-03-28,174.83,Metric Tonnes,1501.0,Rs./Quintal
Punjab,Vegetables,Tomato,2026-03-29,12.07,Metric Tonnes,1852.94,Rs./Quintal
Punjab,Vegetables,Tomato,2026-03-30,394.46,Metric Tonnes,1380.13,Rs./Quintal
Punjab,Vegetables,Tomato,2026-03-31,290.06,Metric Tonnes,1193.31,Rs./Quintal
Punjab,Vegetables,Tomato,2026-04-01,319.29,Metric Tonnes,1505.27,Rs./Quintal
Punjab,Vegetables,Tomato,2026-04-02,163.82,Metric Tonnes,1239.1,Rs./Quintal
Punjab,Vegetables,Tomato,2026-04-03,206.34,Metric Tonnes,1304.38,Rs./Quintal
Punjab,Vegetables,Tomato,2026-04-04,277.17,Metric Tonnes,1537.64,Rs./Quintal
Punjab,Vegetables,Tomato,2026-04-05,15.3,Metric Tonnes,1742.16,Rs./Quintal
Punjab,Vegetables,Tomato,2026-04-06,276.68,Metric Tonnes,1556.66,Rs./Quintal
Punjab,Vegetables,Tomato,2026-04-07,312.6,Metric Tonnes,1486.12,Rs./Quintal
Punjab,Vegetables,Tomato,2026-04-08,290.52,Metric Tonnes,1478.05,Rs./Quintal
Punjab,Vegetables,Tomato,2026-04-09,386.03,Metric Tonnes,1459.98,Rs./Quintal
Punjab,Vegetables,Tomato,2026-04-10,332.11,Metric Tonnes,1453.34,Rs./Quintal
Punjab,Vegetables,Tomato,2026-04-11,221.08,Metric Tonnes,1351.98,Rs./Quintal
Punjab,Vegetables,Tomato,2026-04-12,12.3,Metric Tonnes,1546.37,Rs./Quintal
Punjab,Vegetables,Tomato,2026-04-13,371.92,Metric Tonnes,1419.75,Rs./Quintal
Punjab,Vegetables,Tomato,2026-04-14,347.29,Metric Tonnes,1398.87,Rs./Quintal
Punjab,Vegetables,Tomato,2026-04-15,338.18,Metric Tonnes,1420.73,Rs./Quintal
Punjab,Vegetables,Tomato,2026-04-16,398.54,Metric Tonnes,1468.49,Rs./Quintal
Punjab,Vegetables,Tomato,2026-04-17,224.7,Metric Tonnes,1680.46,Rs./Quintal
Punjab,Vegetables,Tomato,2026-04-18,203.28,Metric Tonnes,1845.12,Rs./Quintal
Punjab,Vegetables,Tomato,2026-04-19,12.38,Metric Tonnes,1579.62,Rs./Quintal
Punjab,Vegetables,Tomato,2026-04-20,306.04,Metric Tonnes,1753.21,Rs./Quintal
Punjab,Vegetables,Tomato,2026-04-21,327.06,Metric Tonnes,1430.85,Rs./Quintal
Punjab,Vegetables,Tomato,2026-04-22,307.87,Metric Tonnes,1874.34,Rs./Quintal
Punjab,Vegetables,Tomato,2026-04-23,325.06,Metric Tonnes,1628.25,Rs./Quintal
Punjab,Vegetables,Tomato,2026-04-24,263.81,Metric Tonnes,1683.05,Rs./Quintal
Punjab,Vegetables,Tomato,2026-04-25,219.23,Metric Tonnes,1925.18,Rs./Quintal
Punjab,Vegetables,Tomato,2026-04-26,9.42,Metric Tonnes,2476.65,Rs./Quintal
Punjab,Vegetables,Tomato,2026-04-27,317.62,Metric Tonnes,1501.75,Rs./Quintal
Punjab,Vegetables,Tomato,2026-04-28,377.47,Metric Tonnes,1605.71,Rs./Quintal
Punjab,Vegetables,Tomato,2026-04-29,324.32,Metric Tonnes,1644.63,Rs./Quintal
Punjab,Vegetables,Tomato,2026-04-30,262.39,Metric Tonnes,1663.17,Rs./Quintal
Punjab,Vegetables,Tomato,2026-05-01,477.97,Metric Tonnes,1644.61,Rs./Quintal
Punjab,Vegetables,Tomato,2026-05-02,104.84,Metric Tonnes,1439.52,Rs./Quintal
Punjab,Vegetables,Tomato,2026-05-03,194.7,Metric Tonnes,1505.33,Rs./Quintal
Punjab,Vegetables,Tomato,2026-05-04,163.91,Metric Tonnes,1430.92,Rs./Quintal
Punjab,Vegetables,Tomato,2026-05-05,301.46,Metric Tonnes,1101.41,Rs./Quintal
Punjab,Vegetables,Tomato,2026-05-06,307.38,Metric Tonnes,1474.82,Rs./Quintal
Punjab,Vegetables,Tomato,2026-05-07,516.69,Metric Tonnes,1537.83,Rs./Quintal
Punjab,Vegetables,Tomato,2026-05-08,337.66,Metric Tonnes,1428.01,Rs./Quintal
Punjab,Vegetables,Tomato,2026-05-09,183.63,Metric Tonnes,1502.22,Rs./Quintal
Punjab,Vegetables,Tomato,2026-05-10,16.55,Metric Tonnes,1642.18,Rs./Quintal
Punjab,Vegetables,Tomato,2026-05-11,251.32,Metric Tonnes,1143.05,Rs./Quintal
Punjab,Vegetables,Tomato,2026-05-12,283.95,Metric Tonnes,1158.09,Rs./Quintal
Punjab,Vegetables,Tomato,2026-05-13,271.33,Metric Tonnes,1135.7,Rs./Quintal
Punjab,Vegetables,Tomato,2026-05-14,212.05,Metric Tonnes,1211.91,Rs./Quintal
Punjab,Vegetables,Tomato,2026-05-15,279.42,Metric Tonnes,1137.83,Rs./Quintal
Punjab,Vegetables,Tomato,2026-05-16,154.91,Metric Tonnes,1239.22,Rs./Quintal
Punjab,Vegetables,Tomato,2026-05-17,5.21,Metric Tonnes,1177.93,Rs./Quintal
Punjab,Vegetables,Tomato,2026-05-18,254.47,Metric Tonnes,1060.71,Rs./Quintal
Punjab,Vegetables,Tomato,2026-05-19,216.84,Metric Tonnes,1126.74,Rs./Quintal
Punjab,Vegetables,Tomato,2026-05-20,177.67,Metric Tonnes,1107.13,Rs./Quintal
Punjab,Vegetables,Tomato,2026-05-21,306.7,Metric Tonnes,901.2,Rs./Quintal
Punjab,Vegetables,Tomato,2026-05-22,281.7,Metric Tonnes,920.49,Rs./Quintal
Punjab,Vegetables,Tomato,2026-05-23,169.91,Metric Tonnes,962.82,Rs./Quintal
Punjab,Vegetables,Tomato,2026-05-24,12.36,Metric Tonnes,1510.28,Rs./Quintal
Punjab,Vegetables,Tomato,2026-05-25,224.25,Metric Tonnes,839.74,Rs./Quintal
Punjab,Vegetables,Tomato,2026-05-26,321.69,Metric Tonnes,860.18,Rs./Quintal
Punjab,Vegetables,Tomato,2026-05-27,407.56,Metric Tonnes,1132.88,Rs./Quintal
Punjab,Vegetables,Tomato,2026-05-28,244.68,Metric Tonnes,914.78,Rs./Quintal
Punjab,Vegetables,Tomato,2026-05-29,220.8,Metric Tonnes,889.93,Rs./Quintal
Punjab,Vegetables,Tomato,2026-05-30,241.59,Metric Tonnes,888.89,Rs./Quintal
Punjab,Vegetables,Tomato,2026-05-31,9.53,Metric Tonnes,1123.76,Rs./Quintal
Punjab,Vegetables,Tomato,2026-06-01,460.21,Metric Tonnes,1462.89,Rs./Quintal
Punjab,Vegetables,Tomato,2026-06-02,277.99,Metric Tonnes,1021.0,Rs./Quintal
Punjab,Vegetables,Tomato,2026-06-03,243.6,Metric Tonnes,937.2,Rs./Quintal
Punjab,Vegetables,Tomato,2026-06-04,262.95,Metric Tonnes,966.06,Rs./Quintal
Punjab,Vegetables,Tomato,2026-06-05,349.06,Metric Tonnes,979.1,Rs./Quintal
Punjab,Vegetables,Tomato,2026-06-06,134.7,Metric Tonnes,1060.39,Rs./Quintal
Punjab,Vegetables,Tomato,2026-06-07,17.42,Metric Tonnes,1568.7,Rs./Quintal
Punjab,Vegetables,Tomato,2026-06-08,318.8,Metric Tonnes,1084.69,Rs./Quintal
Punjab,Vegetables,Tomato,2026-06-09,526.66,Metric Tonnes,987.28,Rs./Quintal
Punjab,Vegetables,Tomato,2026-06-10,179.93,Metric Tonnes,1359.94,Rs./Quintal
Punjab,Vegetables,Tomato,2026-06-11,144.36,Metric Tonnes,1581.75,Rs./Quintal
Punjab,Vegetables,Tomato,2026-06-12,266.02,Metric Tonnes,1316.18,Rs./Quintal
Punjab,Vegetables,Tomato,2026-06-13,231.68,Metric Tonnes,1379.91,Rs./Quintal
Punjab,Vegetables,Tomato,2026-06-14,16.28,Metric Tonnes,1535.07,Rs./Quintal
Punjab,Vegetables,Tomato,2026-06-15,210.38,Metric Tonnes,1598.92,Rs./Quintal
Punjab,Vegetables,Tomato,2026-06-16,221.63,Metric Tonnes,1535.56,Rs./Quintal
Punjab,Vegetables,Tomato,2026-06-17,252.69,Metric Tonnes,1491.68,Rs./Quintal
Punjab,Vegetables,Tomato,2026-06-18,167.35,Metric Tonnes,1652.53,Rs./Quintal
Punjab,Vegetables,Tomato,2026-06-19,170.07,Metric Tonnes,1635.24,Rs./Quintal
Punjab,Vegetables,Tomato,2026-06-20,156.78,Metric Tonnes,1572.64,Rs./Quintal
Punjab,Vegetables,Tomato,2026-06-21,11.25,Metric Tonnes,2403.78,Rs./Quintal
Punjab,Vegetables,Tomato,2026-06-22,237.43,Metric Tonnes,1780.45,Rs./Quintal
Punjab,Vegetables,Tomato,2026-06-23,218.4,Metric Tonnes,1811.34,Rs./Quintal
Punjab,Vegetables,Tomato,2026-06-24,313.76,Metric Tonnes,2067.87,Rs./Quintal
Punjab,Vegetables,Tomato,2026-06-25,214.55,Metric Tonnes,1987.65,Rs./Quintal
Punjab,Vegetables,Tomato,2026-06-26,212.79,Metric Tonnes,1816.3,Rs./Quintal
Punjab,Vegetables,Tomato,2026-06-27,139.68,Metric Tonnes,2132.04,Rs./Quintal
Punjab,Vegetables,Tomato,2026-06-28,11.3,Metric Tonnes,2294.3,Rs./Quintal
Punjab,Vegetables,Tomato,2026-06-29,235.42,Metric Tonnes,2023.45,Rs./Quintal
Punjab,Vegetables,Tomato,2026-06-30,295.07,Metric Tonnes,1780.04,Rs./Quintal
Punjab,Vegetables,Tomato,2026-07-01,323.34,Metric Tonnes,1869.48,Rs./Quintal
Punjab,Vegetables,Tomato,2026-07-02,294.97,Metric Tonnes,1920.26,Rs./Quintal
Punjab,Vegetables,Tomato,2026-07-03,304.53,Metric Tonnes,1776.78,Rs./Quintal
Punjab,Vegetables,Tomato,2026-07-04,155.86,Metric Tonnes,1614.75,Rs./Quintal
Punjab,Vegetables,Tomato,2026-07-05,17.59,Metric Tonnes,2457.93,Rs./Quintal
Punjab,Vegetables,Tomato,2026-07-06,329.23,Metric Tonnes,2235.36,Rs./Quintal
Punjab,Vegetables,Tomato,2026-07-07,297.52,Metric Tonnes,1965.21,Rs./Quintal
Punjab,Vegetables,Tomato,2026-07-08,274.0,Metric Tonnes,1981.1,Rs./Quintal
Punjab,Vegetables,Tomato,2026-07-09,326.84,Metric Tonnes,2202.5,Rs./Quintal
Punjab,Vegetables,Tomato,2026-07-10,337.22,Metric Tonnes,1980.72,Rs./Quintal
Punjab,Vegetables,Tomato,2026-07-11,229.73,Metric Tonnes,2061.41,Rs./Quintal
Punjab,Vegetables,Tomato,2026-07-12,10.36,Metric Tonnes,2364.76,Rs./Quintal
Punjab,Vegetables,Tomato,2026-07-13,365.14,Metric Tonnes,1943.13,Rs./Quintal
Punjab,Vegetables,Tomato,2026-07-14,382.51,Metric Tonnes,1968.83,Rs./Quintal
Punjab,Vegetables,Tomato,2026-07-15,395.96,Metric Tonnes,1919.89,Rs./Quintal
Punjab,Vegetables,Tomato,2026-07-16,327.51,Metric Tonnes,1914.98,Rs./Quintal
Punjab,Vegetables,Tomato,2026-07-17,244.64,Metric Tonnes,1811.72,Rs./Quintal
Punjab,Vegetables,Tomato,2026-07-18,244.73,Metric Tonnes,2295.82,Rs./Quintal
Punjab,Vegetables,Tomato,2026-07-19,12.3,Metric Tonnes,2643.32,Rs./Quintal
Punjab,Vegetables,Tomato,2026-07-20,274.56,Metric Tonnes,1834.05,Rs./Quintal
Punjab,Vegetables,Tomato,2026-07-21,384.09,Metric Tonnes,1992.52,Rs./Quintal
Punjab,Vegetables,Tomato,2026-07-22,273.55,Metric Tonnes,2007.65,Rs./Quintal
Punjab,Vegetables,Tomato,2026-07-23,344.8,Metric Tonnes,1944.24,Rs./Quintal
Punjab,Vegetables,Tomato,2026-07-24,2683.74,Metric Tonnes,2249.24,Rs./Quintal
Punjab,Vegetables,Tomato,2026-07-25,242.17,Metric Tonnes,1949.29,Rs./Quintal
Punjab,Vegetables,Tomato,2026-07-26,17.45,Metric Tonnes,2414.05,Rs./Quintal
Punjab,Vegetables,Tomato,2026-07-27,427.79,Metric Tonnes,2036.63,Rs./Quintal
Punjab,Vegetables,Tomato,2026-07-28,406.14,Metric Tonnes,1863.91,Rs./Quintal
Punjab,Vegetables,Tomato,2026-07-29,372.34,Metric Tonnes,1972.86,Rs./Quintal
Punjab,Vegetables,Tomato,2026-07-30,302.64,Metric Tonnes,1906.21,Rs./Quintal
Punjab,Vegetables,Tomato,2026-07-31,274.22,Metric Tonnes,1901.97,Rs./Quintal
Punjab,Vegetables,Tomato,2026-08-01,301.43,Metric Tonnes,2020.48,Rs./Quintal
Punjab,Vegetables,Tomato,2026-08-02,22.66,Metric Tonnes,2444.18,Rs./Quintal
Punjab,Vegetables,Tomato,2026-08-03,428.71,Metric Tonnes,1888.04,Rs./Quintal
Punjab,Vegetables,Tomato,2026-08-04,423.14,Metric Tonnes,1929.29,Rs./Quintal
Punjab,Vegetables,Tomato,2026-08-05,330.38,Metric Tonnes,1812.43,Rs./Quintal
Punjab,Vegetables,Tomato,2026-08-06,382.11,Metric Tonnes,1902.13,Rs./Quintal
Punjab,Vegetables,Tomato,2026-08-07,393.24,Metric Tonnes,1902.65,Rs./Quintal
Punjab,Vegetables,Tomato,2026-08-08,278.1,Metric Tonnes,1905.9,Rs./Quintal
Punjab,Vegetables,Tomato,2026-08-09,18.78,Metric Tonnes,2445.75,Rs./Quintal
Punjab,Vegetables,Tomato,2026-08-10,432.87,Metric Tonnes,1936.12,Rs./Quintal
Punjab,Vegetables,Tomato,2026-08-11,390.68,Metric Tonnes,1994.08,Rs./Quintal
Punjab,Vegetables,Tomato,2026-08-12,313.6,Metric Tonnes,1896.27,Rs./Quintal
Punjab,Vegetables,Tomato,2026-08-13,324.0,Metric Tonnes,2020.98,Rs./Quintal
Punjab,Vegetables,Tomato,2026-08-14,336.6,Metric Tonnes,2060.3,Rs./Quintal
Punjab,Vegetables,Tomato,2026-08-15,260.2,Metric Tonnes,2119.08,Rs./Quintal
Punjab,Vegetables,Tomato,2026-08-16,22.97,Metric Tonnes,2519.81,Rs./Quintal
Punjab,Vegetables,Tomato,2026-08-17,408.15,Metric Tonnes,1967.27,Rs./Quintal
Punjab,Vegetables,Tomato,2026-08-18,426.2,Metric Tonnes,2065.25,Rs./Quintal
Punjab,Vegetables,Tomato,2026-08-19,439.58,Metric Tonnes,2120.88,Rs./Quintal
Punjab,Vegetables,Tomato,2026-08-20,399.67,Metric Tonnes,2137.76,Rs./Quintal
Punjab,Vegetables,Tomato,2026-08-21,303.44,Metric Tonnes,1925.09,Rs./Quintal
Punjab,Vegetables,Tomato,2026-08-22,294.19,Metric Tonnes,1987.36,Rs./Quintal
Punjab,Vegetables,Tomato,2026-08-23,44.41,Metric Tonnes,2094.46,Rs./Quintal
Punjab,Vegetables,Tomato,2026-08-24,589.33,Metric Tonnes,2464.57,Rs./Quintal
Punjab,Vegetables,Tomato,2026-08-25,390.3,Metric Tonnes,1812.33,Rs./Quintal
Punjab,Vegetables,Tomato,2026-08-26,331.56,Metric Tonnes,1857.93,Rs./Quintal
Punjab,Vegetables,Tomato,2026-08-27,157.63,Metric Tonnes,1988.46,Rs./Quintal
Punjab,Vegetables,Tomato,2026-08-28,248.37,Metric Tonnes,1977.14,Rs./Quintal
Punjab,Vegetables,Tomato,2026-08-29,273.3,Metric Tonnes,2100.59,Rs./Quintal
Punjab,Vegetables,Tomato,2026-08-30,21.05,Metric Tonnes,2059.16,Rs./Quintal
Punjab,Vegetables,Tomato,2026-08-31,372.12,Metric Tonnes,1913.1,Rs./Quintal
Punjab,Vegetables,Tomato,2026-09-01,309.17,Metric Tonnes,1960.75,Rs./Quintal
Punjab,Vegetables,Tomato,2026-09-02,357.23,Metric Tonnes,1978.26,Rs./Quintal
Punjab,Vegetables,Tomato,2026-09-03,277.67,Metric Tonnes,1872.61,Rs./Quintal
Punjab,Vegetables,Tomato,2026-09-04,319.04,Metric Tonnes,2054.47,Rs./Quintal
Punjab,Vegetables,Tomato,2026-09-05,290.18,Metric Tonnes,2023.8,Rs./Quintal
Punjab,Vegetables,Tomato,2026-09-06,25.55,Metric Tonnes,2606.83,Rs./Quintal
Punjab,Vegetables,Tomato,2026-09-07,414.1,Metric Tonnes,2116.32,Rs./Quintal
Punjab,Vegetables,Tomato,2026-09-08,360.39,Metric Tonnes,2198.57,Rs./Quintal
Punjab,Vegetables,Tomato,2026-09-09,433.82,Metric Tonnes,2198.19,Rs./Quintal
Punjab,Vegetables,Tomato,2026-09-10,396.44,Metric Tonnes,2138.57,Rs./Quintal
